target,lambda,method,alpha,beta,lambda_min,lambda_max,dt_ref,c,dt,N,T_actual,initial_gap,final_gap_raw,final_gap_for_logs,q_theory,r_theory,q_riem_theory_at_dt,q_kl_theory_at_dt,q_hat_terminal,r_hat_terminal,observed_contraction,observed_rate,theory_rate,observed_over_theory_rate_ratio,q_hat_fit,r_hat_fit,fit_num_points,fit_window_status,theory_terminal_bound,terminal_slack,log10_terminal_slack,floor_limited_final,r_continuous,theory_version,status
gaussian_posterior,0.01,riemannian,0.01,1.0,0.5,100.0,0.01,0.05,0.0005,30000,15.0,52.06258509299404,1.9084400726399053e-10,1.9084400726399053e-10,0.999995125,0.009750023765732807,0.999995125,0.9999988101187501,0.999122651385826,1.755467419455758,0.999122651385826,1.755467419455758,0.009750023765732807,180.04750158922488,0.9990412396908178,1.91844042765958,19718,ok,44.97902175626296,235684747983.96167,11.372331478660405,0,0.01,kl_beta_lambda_max_no_cubic_penalty,ok
gaussian_posterior,0.01,riemannian,0.01,1.0,0.5,100.0,0.01,0.1,0.001,15000,15.0,52.06258509299404,1.8981949345686644e-10,1.8981949345686644e-10,0.9999905,0.009500045125281416,0.9999905,0.9999977295431841,0.9982457142888888,1.755826272275956,0.9982457142888888,1.755826272275956,0.009500045125281416,184.82294021987013,0.9980829511430798,1.9188887468955034,9857,ok,45.14799527717568,237846990606.5515,11.376297660816938,0,0.01,kl_beta_lambda_max_no_cubic_penalty,ok
gaussian_posterior,0.01,riemannian,0.01,1.0,0.5,100.0,0.01,0.25,0.0025,6000,15.0,52.06258509299404,1.8677526192334426e-10,1.8677526192334426e-10,0.999978125,0.008750095704500301,0.999978125,0.9999950124688279,0.9956173716040486,1.7569041056057162,0.9956173716040486,1.7569041056057162,0.008750095704500301,200.7868445029824,0.9952113020601292,1.9200801960136755,3941,ok,45.658743348884784,244458194724.00958,11.388204600257112,0,0.01,kl_beta_lambda_max_no_cubic_penalty,ok
gaussian_posterior,0.01,riemannian,0.01,1.0,0.5,100.0,0.01,0.5,0.005,3000,15.0,52.06258509299404,1.8179791005934476e-10,1.8179791005934476e-10,0.9999625,0.007500140628520449,0.9999625,0.9999917081260364,0.9912450259579111,1.758704798962628,0.9912450259579111,1.758704798962628,0.007500140628520449,234.48957640539166,0.9904345700731151,1.9222944996599156,1968,ok,46.522889785929955,255904425803.04343,11.408077796966586,0,0.01,kl_beta_lambda_max_no_cubic_penalty,ok
gaussian_posterior,0.01,riemannian,0.01,1.0,0.5,100.0,0.01,0.75,0.0075,2000,15.0,52.06258509299404,1.7693868592516537e-10,1.7693868592516537e-10,0.999953125,0.006250146488953035,0.999953125,0.9999893654732365,0.9868829559911045,1.760510960329,0.9868829559911045,1.760510960329,0.006250146488953035,281.67515168494936,0.9856714689237968,1.924290095894929,1311,ok,47.40341900612803,267908732102.69507,11.427986869047599,0,0.01,kl_beta_lambda_max_no_cubic_penalty,ok
gaussian_posterior,0.01,riemannian,0.01,1.0,0.5,100.0,0.01,1.0,0.01,1500,15.0,52.06258509299404,1.7219536907475685e-10,1.7219536907475685e-10,0.99995,0.005000125004166272,0.99995,0.9999876237623763,0.9825311554947591,1.762322531424993,0.9825311554947591,1.762322531424993,0.005000125004166272,352.4556945989484,0.9809192106721024,1.9265176862996838,982,ok,48.30063363465976,280499027901.79297,11.447931360502631,0,0.01,kl_beta_lambda_max_no_cubic_penalty,ok
gaussian_posterior,0.01,kl,0.01,1.0,0.5,100.0,0.01,0.05,0.0005,30000,15.0,52.06258509299404,1.9187385014163283e-10,1.9187385014163283e-10,0.9999988101187501,0.002379763915545335,0.999995125,0.9999988101187501,0.9991228306200238,1.7551086363144814,0.9991228306200238,1.7551086363144814,0.002379763915545335,737.5137612809334,0.9990414161299713,1.9180872107333138,19722,ok,50.23691402600774,261822619335.1781,11.4180071633305,0,0.01,kl_beta_lambda_max_no_cubic_penalty,ok
gaussian_posterior,0.01,kl,0.01,1.0,0.5,100.0,0.01,0.1,0.001,15000,15.0,52.06258509299404,1.9187829103373133e-10,1.9187829103373133e-10,0.9999977295431841,0.0022704593933803104,0.9999905,0.9999977295431841,0.9982464322064354,1.7551070933421224,0.9982464322064354,1.7551070933421224,0.0022704593933803104,773.0184906452258,0.9980836720025413,1.9181665031176551,9860,ok,50.31934841416662,262246177736.2855,11.418709167027133,0,0.01,kl_beta_lambda_max_no_cubic_penalty,ok
gaussian_posterior,0.01,kl,0.01,1.0,0.5,100.0,0.01,0.25,0.0025,6000,15.0,52.06258509299404,1.9191670475038336e-10,1.9191670475038336e-10,0.9999950124688279,0.0019950174439350332,0.999978125,0.9999950124688279,0.9956218776726459,1.7550937481214701,0.9956218776726459,1.7550937481214701,0.0019950174439350332,879.7385473781471,0.9952157389618681,1.9182968996064182,3945,ok,50.527679382299794,263279215053.31528,11.420416574472727,0,0.01,kl_beta_lambda_max_no_cubic_penalty,ok
gaussian_posterior,0.01,kl,0.01,1.0,0.5,100.0,0.01,0.5,0.005,3000,15.0,52.06258509299404,1.920643644126585e-10,1.920643644126585e-10,0.9999917081260364,0.0016583816682677484,0.9999625,0.9999917081260364,0.9912631774267778,1.7550424748751525,0.9912631774267778,1.7550424748751525,0.0016583816682677484,1058.2862247315907,0.9904524459048438,1.918684837607507,1972,ok,50.783466008893704,264408580759.85013,11.422275545050304,0,0.01,kl_beta_lambda_max_no_cubic_penalty,ok
gaussian_posterior,0.01,kl,0.01,1.0,0.5,100.0,0.01,0.75,0.0075,2000,15.0,52.06258509299404,1.9231816139608782e-10,1.9231816139608782e-10,0.9999893654732365,0.001417944441401559,0.999953125,0.9999893654732365,0.986924084122441,1.754954438608059,0.986924084122441,1.754954438608059,0.001417944441401559,1237.67503674078,0.9857119803048249,1.9188101701369102,1315,ok,50.9669502193361,265013713990.15924,11.423268348488296,0,0.01,kl_beta_lambda_max_no_cubic_penalty,ok
gaussian_posterior,0.01,kl,0.01,1.0,0.5,100.0,0.01,1.0,0.01,1500,15.0,52.06258509299404,1.9268031614672054e-10,1.9268031614672054e-10,0.9999876237623763,0.0012376314209995392,0.99995,0.9999876237623763,0.9826047843720385,1.7548290165164318,0.9826047843720385,1.7548290165164318,0.0012376314209995392,1417.8930711852743,0.9809917400801256,1.9191239350156706,986,ok,51.1049868797616,265232006578.43332,11.423625930900398,0,0.01,kl_beta_lambda_max_no_cubic_penalty,ok
gaussian_posterior,0.1,riemannian,0.1,1.0,0.5,10.0,0.1,0.05,0.005000000000000001,3000,15.000000000000004,55.50129254649703,2.8815616559541013e-11,2.8815616559541013e-11,0.9995125,0.09752377335164804,0.9995125,0.9998815446576641,0.9906154754524856,1.8857673295802044,0.9906154754524856,1.8857673295802044,0.09752377335164804,19.336488578846986,0.9900744987278204,1.995017488902279,1855,ok,12.852646061588551,446030576338.0575,11.649364631536645,0,0.1,kl_beta_lambda_max_no_cubic_penalty,ok
gaussian_posterior,0.1,riemannian,0.1,1.0,0.5,10.0,0.1,0.1,0.010000000000000002,1500,15.000000000000004,55.50129254649703,2.6938895558714648e-11,2.6938895558714648e-11,0.99905,0.09504515359954543,0.99905,0.9997749774977498,0.9812749623863338,1.8902570834486485,0.9812749623863338,1.8902570834486485,0.09504515359954543,19.88799020108784,0.9801992203716205,1.999944188384709,925,ok,13.339492624438082,495175928625.7301,11.6947595247053,0,0.1,kl_beta_lambda_max_no_cubic_penalty,ok
gaussian_posterior,0.1,riemannian,0.1,1.0,0.5,10.0,0.1,0.25,0.025,600,15.0,55.50129254649703,2.1952661910518145e-11,2.1952661910518145e-11,0.9978125,0.0875958429214363,0.9978125,0.9995121951219512,0.9535174386306703,1.9039026014545093,0.9535174386306703,1.9039026014545093,0.0875958429214363,21.735079405104848,0.9508711843627223,2.0150671374819233,367,ok,14.916510187670962,679485260077.915,11.832180040117436,0,0.1,kl_beta_lambda_max_no_cubic_penalty,ok
gaussian_posterior,0.1,riemannian,0.1,1.0,0.5,10.0,0.1,0.5,0.05,300,15.0,55.50129254649703,1.5466072866843206e-11,1.5466072866843206e-11,0.99625,0.07514097755424576,0.99625,0.9992063492063492,0.9081346708239689,1.9272519098625793,0.9081346708239689,1.9272519098625793,0.07514097755424576,25.648480663846275,0.9029860216800882,2.040964111039559,181,ok,17.980568487143987,1162581389726.3772,12.065423366612945,0,0.1,kl_beta_lambda_max_no_cubic_penalty,ok
gaussian_posterior,0.1,riemannian,0.1,1.0,0.5,10.0,0.1,0.75,0.07500000000000001,200,15.000000000000002,55.50129254649703,1.0766720848209843e-11,1.0766720848209843e-11,0.9953125,0.06264694375405531,0.9953125,0.9990033222591362,0.8638511222309535,1.9513978301097672,0.8638511222309535,1.9513978301097672,0.06264694375405531,31.149130558878184,0.8563620183690709,2.067494314531018,119,ok,21.686764710559224,2014240455966.2222,12.304111314512426,0,0.1,kl_beta_lambda_max_no_cubic_penalty,ok
gaussian_posterior,0.1,riemannian,0.1,1.0,0.5,10.0,0.1,1.0,0.1,150,15.0,55.50129254649703,7.400968726756219e-12,7.400968726756219e-12,0.995,0.05012541823544286,0.995,0.9988636363636364,0.8206662432629842,1.9763877683248283,0.8206662432629842,1.9763877683248283,0.05012541823544286,39.42885342206196,0.8109456684916463,2.0955422033942024,88,ok,26.16767933509404,3535710026782.2793,12.54847664012715,0,0.1,kl_beta_lambda_max_no_cubic_penalty,ok
gaussian_posterior,0.1,kl,0.1,1.0,0.5,10.0,0.1,0.05,0.005000000000000001,3000,15.000000000000004,55.50129254649703,2.9110935884091305e-11,2.9110935884091305e-11,0.9998815446576641,0.02369247174481087,0.9995125,0.9998815446576641,0.9906188423704478,1.885087567891855,0.9906188423704478,1.885087567891855,0.02369247174481087,79.56483342877584,0.9900762283075195,1.9946681054587818,1856,ok,38.90097184347627,1336300969448.91,12.125904283476515,0,0.1,kl_beta_lambda_max_no_cubic_penalty,ok
gaussian_posterior,0.1,kl,0.1,1.0,0.5,10.0,0.1,0.1,0.010000000000000002,1500,15.000000000000004,55.50129254649703,2.7503332944434078e-11,2.7503332944434078e-11,0.9997749774977498,0.022504782361211985,0.99905,0.9997749774977498,0.981288527639243,1.8888746820151834,0.981288527639243,1.8888746820151834,0.022504782361211985,83.93214614111287,0.9802055407907666,1.9992993808152517,925,ok,39.60021605536429,1439833351665.7766,12.158312229150686,0,0.1,kl_beta_lambda_max_no_cubic_penalty,ok
gaussian_posterior,0.1,kl,0.1,1.0,0.5,10.0,0.1,0.25,0.025,600,15.0,55.50129254649703,2.318900627074072e-11,2.318900627074072e-11,0.9995121951219512,0.019516955742164322,0.9978125,0.9995121951219512,0.9536045144735833,1.900249941787653,0.9536045144735833,1.900249941787653,0.019516955742164322,97.36405446072533,0.9509188515407067,2.013061987508715,368,ok,41.41536608638704,1785991413467.5044,12.25187936659472,0,0.1,kl_beta_lambda_max_no_cubic_penalty,ok
gaussian_posterior,0.1,kl,0.1,1.0,0.5,10.0,0.1,0.5,0.05,300,15.0,55.50129254649703,1.7487344905475766e-11,1.7487344905475766e-11,0.9992063492063492,0.01587931802353024,0.99625,0.9992063492063492,0.9085065636010055,1.919063330297514,0.9085065636010055,1.919063330297514,0.01587931802353024,120.85300687685792,0.9032028879038331,2.036161374766819,182,ok,43.73796718724812,2501121092061.984,12.398134718656227,0,0.1,kl_beta_lambda_max_no_cubic_penalty,ok
gaussian_posterior,0.1,kl,0.1,1.0,0.5,10.0,0.1,0.75,0.07500000000000001,200,15.000000000000002,55.50129254649703,1.332844945522993e-11,1.332844945522993e-11,0.9990033222591362,0.013295663391897567,0.9953125,0.9990033222591362,0.8647735198548699,1.937168441203242,0.8647735198548699,1.937168441203242,0.013295663391897567,145.69926931090632,0.856864098044281,2.0596793556099726,120,ok,45.46629847852512,3411221885279.737,12.532909969310218,0,0.1,kl_beta_lambda_max_no_cubic_penalty,ok
gaussian_posterior,0.1,kl,0.1,1.0,0.5,10.0,0.1,1.0,0.1,150,15.0,55.50129254649703,1.0418998996897244e-11,1.0418998996897244e-11,0.9988636363636364,0.011370097870751246,0.995,0.9988636363636364,0.8225396070264482,1.9535864306254718,0.8225396070264482,1.9535864306254718,0.011370097870751246,171.81790806312506,0.8120990803281325,2.081329261557695,89,ok,46.798672706350544,4491666878966.692,12.652407539666177,0,0.1,kl_beta_lambda_max_no_cubic_penalty,ok
gaussian_posterior,1.0,riemannian,1.0,1.0,0.5,2.0,0.5,0.05,0.025,600,15.0,100.25,1.3961054534661343e-11,1.3961054534661343e-11,0.975625,0.9870795084976232,0.975625,0.9941927990708479,0.9518599551819971,1.9734944365267861,0.9518599551819971,1.9734944365267861,0.9870795084976232,1.9993267204285583,0.9508014670290532,2.0180000222199705,367,ok,3.7225164464751256e-05,2666357.643137323,6.425918401650883,0,1.0,kl_beta_lambda_max_no_cubic_penalty,ok
gaussian_posterior,1.0,riemannian,1.0,1.0,0.5,2.0,0.5,0.1,0.05,300,15.0,100.25,9.672040945929439e-12,9.672040945929439e-12,0.9525,0.9733034396256202,0.9525,0.9891774891774892,0.9049295688511692,1.9979632556907727,0.9049295688511692,1.9979632556907727,0.9733034396256202,2.0527650210085424,0.9028470715361585,2.044041918057846,181,ok,4.576987070455994e-05,4732183.306546338,6.67506155917645,0,1.0,kl_beta_lambda_max_no_cubic_penalty,ok
gaussian_posterior,1.0,riemannian,1.0,1.0,0.5,2.0,0.5,0.25,0.125,120,15.0,100.25,2.972955215341244e-12,2.972955215341244e-12,0.890625,0.9266545242009736,0.890625,0.9777777777777777,0.7713785057717227,2.0766087801337636,0.7713785057717227,2.0766087801337636,0.9266545242009736,2.2409740910986877,0.7664307010929041,2.128087954324188,69,ok,9.214466255202246e-05,30994298.89711468,7.491281816891558,0,1.0,kl_beta_lambda_max_no_cubic_penalty,ok
gaussian_posterior,1.0,riemannian,1.0,1.0,0.5,2.0,0.5,0.5,0.25,60,15.0,100.25,3.0309088572266774e-13,3.0309088572266774e-13,0.8125,0.830557459112978,0.8125,0.9666666666666667,0.5728067691274561,2.2288273831789853,0.5728067691274561,2.2288273831789853,0.830557459112978,2.683531836026537,0.5641273350566409,2.2899011263583087,32,ok,0.0003894812546517546,1285031233.1995864,9.108913683497187,0,1.0,kl_beta_lambda_max_no_cubic_penalty,ok
gaussian_posterior,1.0,riemannian,1.0,1.0,0.5,2.0,0.5,0.75,0.375,40,15.0,100.25,1.8207657603852567e-14,1.8207657603852567e-14,0.765625,0.7121674273307873,0.765625,0.961038961038961,0.40409106007203505,2.416306747202639,0.40409106007203505,2.416306747202639,0.7121674273307873,3.392891410744504,0.39249739207943674,2.4939343631075963,19,ok,0.002300004168229151,126320706280.33406,11.101474545220585,0,1.0,kl_beta_lambda_max_no_cubic_penalty,ok
gaussian_posterior,1.0,riemannian,1.0,1.0,0.5,2.0,0.5,1.0,0.5,30,15.0,100.25,4.440892098500626e-16,4.440892098500626e-16,0.75,0.5753641449035618,0.75,0.9583333333333334,0.26396490793541455,2.6638782183162593,0.26396490793541455,2.6638782183162593,0.5753641449035618,4.62989958952475,0.2522712976193922,2.754500385420664,13,ok,0.017902854539543978,40313644516579.23,13.605452061906263,0,1.0,kl_beta_lambda_max_no_cubic_penalty,ok
gaussian_posterior,1.0,kl,1.0,1.0,0.5,2.0,0.5,0.05,0.025,600,15.0,100.25,1.435762619905745e-11,1.435762619905745e-11,0.9941927990708479,0.23296513143954603,0.975625,0.9941927990708479,0.9519043915949014,1.9716271292421395,0.9519043915949014,1.9716271292421395,0.23296513143954603,8.463185529349367,0.950819223490421,2.0172530189313806,366,ok,3.044053741058671,212016505991.67343,11.326369673108251,0,1.0,kl_beta_lambda_max_no_cubic_penalty,ok
gaussian_posterior,1.0,kl,1.0,1.0,0.5,2.0,0.5,0.1,0.05,300,15.0,100.25,1.0264011862659572e-11,1.0264011862659572e-11,0.9891774891774892,0.21763000375068345,0.9525,0.9891774891774892,0.9051087760298882,1.9940029599365672,0.9051087760298882,1.9940029599365672,0.21763000375068345,9.162353193821994,0.9029375569327597,2.0420375727942903,181,ok,3.8313491893735736,373279887108.4711,11.572034590105444,0,1.0,kl_beta_lambda_max_no_cubic_penalty,ok
gaussian_posterior,1.0,kl,1.0,1.0,0.5,2.0,0.5,0.25,0.125,120,15.0,100.25,3.623323863166661e-12,3.623323863166661e-12,0.9777777777777777,0.17978284681646903,0.890625,0.9777777777777777,0.7726512705787496,2.063419758887673,0.7726512705787496,2.063419758887673,0.17978284681646903,11.477289382307484,0.7670807508044211,2.121305614359026,70,ok,6.759333996270968,1865506438710.544,12.270796752327067,0,1.0,kl_beta_lambda_max_no_cubic_penalty,ok
gaussian_posterior,1.0,kl,1.0,1.0,0.5,2.0,0.5,0.5,0.25,60,15.0,100.25,1.1690648449302898e-12,1.1690648449302898e-12,0.9666666666666667,0.13560620670272536,0.8125,0.9666666666666667,0.5858402911920748,2.138832268715717,0.5858402911920748,2.138832268715717,0.13560620670272536,15.772377391283017,0.568534160174878,2.2587755173536515,33,ok,13.112604794514107,11216319480803.479,13.049850371055356,0,1.0,kl_beta_lambda_max_no_cubic_penalty,ok
gaussian_posterior,1.0,kl,1.0,1.0,0.5,2.0,0.5,0.75,0.375,40,15.0,100.25,2.729816372948335e-12,2.729816372948335e-12,0.961038961038961,0.10597420973203762,0.765625,0.961038961038961,0.4580113351465555,2.082296922522459,0.4580113351465555,2.082296922522459,0.10597420973203762,19.649091300493545,0.41198459170124746,2.364718210974247,21,ok,20.45145277291908,7491878565747.817,12.874590729374177,0,1.0,kl_beta_lambda_max_no_cubic_penalty,ok
gaussian_posterior,1.0,kl,1.0,1.0,0.5,2.0,0.5,1.0,0.5,30,15.0,100.25,8.500311565740049e-12,8.500311565740049e-12,0.9583333333333334,0.08511922883759178,0.75,0.9583333333333334,0.36667250773049453,2.006572357633185,0.36667250773049453,2.006572357633185,0.08511922883759178,23.573667020195195,0.31812426035661473,2.290626433377459,17,ok,27.962900056940025,3289632367082.0103,12.517147366074967,0,1.0,kl_beta_lambda_max_no_cubic_penalty,ok
smooth_logconcave,0.01,riemannian,0.05,1.151,0.8688097306689835,20.0,0.043440486533449174,0.05,0.002172024326672459,6906,15.000000000000002,17.93624115535083,2.0160051406037383e-10,2.0160051406037383e-10,0.9998160101026494,0.08471674249159358,0.9998160101026494,0.9999551670005021,0.9963559813638211,1.6807704227597628,0.9963559813638211,1.6807704227597628,0.08471674249159358,19.839884930969166,0.9962325375563568,1.7378153454717324,4938,ok,5.033281586089774,24966610871.74829,10.397359592427645,0,0.08688097306689835,kl_beta_lambda_max_no_cubic_penalty,ok
smooth_logconcave,0.01,riemannian,0.05,1.151,0.8688097306689835,20.0,0.043440486533449174,0.1,0.004344048653344918,3453,15.000000000000002,17.93624115535083,1.978737174113121e-10,1.978737174113121e-10,0.9996414555846501,0.0825517245279684,0.9996414555846501,0.9999145948283,0.9927198772034008,1.6820143594083723,0.9927198772034008,1.6820143594083723,0.0825517245279684,20.375278275846416,0.9924719664414005,1.7395091127661806,2467,ok,5.199421886038031,26276465384.385548,10.419566945084926,0,0.08688097306689835,kl_beta_lambda_max_no_cubic_penalty,ok
smooth_logconcave,0.01,riemannian,0.05,1.151,0.8688097306689835,20.0,0.043440486533449174,0.25,0.010860121633362294,1382,15.00868809730669,17.93624115535083,1.8465406981249544e-10,1.8465406981249544e-10,0.9991744043067601,0.07605224996015042,0.9991744043067601,0.9998133197828386,0.9818602043890715,1.6856476783132226,0.9818602043890715,1.6856476783132226,0.07605224996015042,22.164336744757218,0.9812313301898733,1.7446431323947365,984,ok,5.728070931155943,31020550681.457703,10.49164950320665,0,0.08688097306689835,kl_beta_lambda_max_no_cubic_penalty,ok
smooth_logconcave,0.01,riemannian,0.05,1.151,0.8688097306689835,20.0,0.043440486533449174,0.5,0.021720243266724587,691,15.00868809730669,17.93624115535083,1.6800205671074764e-10,1.6800205671074764e-10,0.9985846930973029,0.06520688456942525,0.9985846930973029,0.9996921734230907,0.9639176170878576,1.6919445617898998,0.9639176170878576,1.6919445617898998,0.06520688456942525,25.9473301471488,0.9626263013335937,1.7536635661283824,490,ok,6.740630855378157,40122311520.17163,10.603385945573134,0,0.08688097306689835,kl_beta_lambda_max_no_cubic_penalty,ok
smooth_logconcave,0.01,riemannian,0.05,1.151,0.8688097306689835,20.0,0.043440486533449174,0.75,0.03258036490008688,461,15.019548218940052,17.93624115535083,1.5023404742464663e-10,1.5023404742464663e-10,0.9982308663716286,0.05434869740868657,0.9982308663716286,0.9996083855411974,0.9461758969265581,1.6981635972976663,0.9461758969265581,1.6981635972976663,0.05434869740868657,31.245709249072974,0.9441894532558954,1.7626702813284476,325,ok,7.929027798392433,52777835213.2157,10.72245157280643,0,0.08688097306689835,kl_beta_lambda_max_no_cubic_penalty,ok
smooth_logconcave,0.01,riemannian,0.05,1.151,0.8688097306689835,20.0,0.043440486533449174,1.0,0.043440486533449174,346,15.030408340573414,17.93624115535083,1.3419443334328207e-10,1.3419443334328207e-10,0.9981129241297372,0.04348152591816406,0.9981129241297372,0.999547871705522,0.9286326295671016,1.7044483492150995,0.9286326295671016,1.7044483492150995,0.04348152591816406,39.19936831156792,0.9259309945656107,1.7715171528061961,242,ok,9.330403128936844,69528987875.88893,10.842165907465356,0,0.08688097306689835,kl_beta_lambda_max_no_cubic_penalty,ok
smooth_logconcave,0.01,kl,0.05,1.151,0.8688097306689835,20.0,0.043440486533449174,0.05,0.002172024326672459,6906,15.000000000000002,17.93624115535083,2.105853269540603e-10,2.105853269540603e-10,0.9999551670005021,0.02064157568415211,0.9998160101026494,0.9999551670005021,0.9963622721379572,1.6778635668535489,0.9963622721379572,1.6778635668535489,0.02064157568415211,81.28563402946776,0.9962413117314233,1.7337604564180575,4949,ok,13.160233597403737,62493592444.23841,10.79583549080383,0,0.08688097306689835,kl_beta_lambda_max_no_cubic_penalty,ok
smooth_logconcave,0.01,kl,0.05,1.151,0.8688097306689835,20.0,0.043440486533449174,0.1,0.004344048653344918,3453,15.000000000000002,17.93624115535083,2.1591195498160687e-10,2.1591195498160687e-10,0.9999145948283,0.01966111011752715,0.9996414555846501,0.9999145948283,0.9927449590558165,1.676198247915513,0.9927449590558165,1.676198247915513,0.01966111011752715,85.25450688673192,0.9925070287848535,1.7313766826667734,2478,ok,13.355211187485649,61854894457.43453,10.79137407020208,0,0.08688097306689835,kl_beta_lambda_max_no_cubic_penalty,ok
smooth_logconcave,0.01,kl,0.05,1.151,0.8688097306689835,20.0,0.043440486533449174,0.25,0.010860121633362294,1382,15.00868809730669,17.93624115535083,2.2975155111737422e-10,2.2975155111737422e-10,0.9998133197828386,0.017191119067071384,0.9991744043067601,0.9998133197828386,0.9820154630635839,1.671088489036815,0.9820154630635839,1.671088489036815,0.017191119067071384,97.20649845522217,0.9814468515267817,1.724420555950811,994,ok,13.857230683924731,60313980978.72003,10.780417994695982,0,0.08688097306689835,kl_beta_lambda_max_no_cubic_penalty,ok
smooth_logconcave,0.01,kl,0.05,1.151,0.8688097306689835,20.0,0.043440486533449174,0.5,0.021720243266724587,691,15.00868809730669,17.93624115535083,2.6026625299380157e-10,2.6026625299380157e-10,0.9996921734230907,0.014174517359429005,0.9985846930973029,0.9996921734230907,0.9645284250507291,1.6627795253444726,0.9645284250507291,1.6627795253444726,0.014174517359429005,117.30766439383406,0.9634933332308978,1.712214270319598,501,ok,14.499039438144445,55708488024.72194,10.74592137150143,0,0.08688097306689835,kl_beta_lambda_max_no_cubic_penalty,ok
smooth_logconcave,0.01,kl,0.05,1.151,0.8688097306689835,20.0,0.043440486533449174,0.75,0.03258036490008688,461,15.019548218940052,17.93624115535083,2.900868434352333e-10,2.900868434352333e-10,0.9996083855411974,0.012022307330549056,0.9982308663716286,0.9996083855411974,0.9475273393344876,1.6543549597508336,0.9475273393344876,1.6543549597508336,0.012022307330549056,137.60710937301246,0.9461243971925045,1.6998342607850498,336,ok,14.973076478608352,51615841315.98626,10.712783010547339,0,0.08688097306689835,kl_beta_lambda_max_no_cubic_penalty,ok
smooth_logconcave,0.01,kl,0.05,1.151,0.8688097306689835,20.0,0.043440486533449174,1.0,0.043440486533449174,346,15.030408340573414,17.93624115535083,3.2317526432734667e-10,3.2317526432734667e-10,0.999547871705522,0.010410346922464538,0.9981129241297372,0.999547871705522,0.9309945295906771,1.64597322154135,0.9309945295906771,1.64597322154135,0.010410346922464538,158.109353492293,0.9293442599908768,1.6868144020455336,253,ok,15.33827818798467,47461176275.076584,10.676338497544288,0,0.08688097306689835,kl_beta_lambda_max_no_cubic_penalty,ok
smooth_logconcave,0.1,riemannian,0.05,1.1600000000000001,0.8620689655172413,20.0,0.043103448275862065,0.05,0.0021551724137931034,6960,15.0,16.171605811848092,2.9034930015825466e-10,2.9034930015825466e-10,0.9998188540428062,0.0840593378723958,0.9998188540428062,0.9999558592439571,0.9964512552071122,1.6495462274134725,0.9964512552071122,1.6495462274134725,0.0840593378723958,19.62359291858241,0.9963725998531312,1.6861737338270146,5095,ok,4.583060052072126,15784643012.998938,10.198234764293625,0,0.08620689655172414,kl_beta_lambda_max_no_cubic_penalty,ok
smooth_logconcave,0.1,riemannian,0.05,1.1600000000000001,0.8620689655172413,20.0,0.043103448275862065,0.1,0.004310344827586207,3480,15.0,16.171605811848092,2.852473812708922e-10,2.852473812708922e-10,0.9996469976218787,0.0819110099655308,0.9996469976218787,0.9999159121180728,0.9929100458922565,1.6507280856299311,0.9929100458922565,1.6507280856299311,0.0819110099655308,20.1527009168191,0.9927515136460277,1.6877731510657576,2545,ok,4.733154186343995,16593155615.507784,10.21992898614968,0,0.08620689655172414,kl_beta_lambda_max_no_cubic_penalty,ok
smooth_logconcave,0.1,riemannian,0.05,1.1600000000000001,0.8620689655172413,20.0,0.043103448275862065,0.25,0.010775862068965516,1393,15.010775862068964,16.171605811848092,2.661715292617828e-10,2.661715292617828e-10,0.9991871655766944,0.07546170757602308,0.9991871655766944,0.9998161899860304,0.982332987533946,1.6541541471961176,0.982332987533946,1.6541541471961176,0.07546170757602308,21.920444160764028,0.9819269005341097,1.6925247053392871,1016,ok,5.209678773767379,19572637194.57989,10.291649345938573,0,0.08620689655172414,kl_beta_lambda_max_no_cubic_penalty,ok
smooth_logconcave,0.1,riemannian,0.05,1.1600000000000001,0.8620689655172413,20.0,0.043103448275862065,0.5,0.021551724137931032,697,15.021551724137929,16.171605811848092,2.3947865912532507e-10,2.3947865912532507e-10,0.9986065695600476,0.06470026054611523,0.9986065695600476,0.9996968815170474,0.9648564776975017,1.660002524617852,0.9648564776975017,1.660002524617852,0.06470026054611523,25.65681359868222,0.9640170424641932,1.7003885809116863,506,ok,6.118755134214486,25550314823.720436,10.407396255756924,0,0.08620689655172414,kl_beta_lambda_max_no_cubic_penalty,ok
smooth_logconcave,0.1,riemannian,0.05,1.1600000000000001,0.8620689655172413,20.0,0.043103448275862065,0.75,0.03232758620689655,465,15.032327586206895,16.171605811848092,2.152336087135609e-10,2.152336087135609e-10,0.9982582119500595,0.05392628807236375,0.9982582119500595,0.9996143443339469,0.9475695367026692,1.6659132764804683,0.9475695367026692,1.6659132764804683,0.05392628807236375,30.892415110140295,0.9462458314742501,1.709155740790293,335,ok,7.189483612651473,33403164383.214172,10.523787610795754,0,0.08620689655172414,kl_beta_lambda_max_no_cubic_penalty,ok
smooth_logconcave,0.1,riemannian,0.05,1.1600000000000001,0.8620689655172413,20.0,0.043103448275862065,1.0,0.043103448275862065,349,15.043103448275861,16.171605811848092,1.932343174360085e-10,1.932343174360085e-10,0.99814209274673,0.04314353904477521,0.99814209274673,0.9995547164434312,0.9304712409339635,1.671887363313742,0.9304712409339635,1.671887363313742,0.04314353904477521,38.75174360588788,0.9286432107884727,1.7175115721988798,250,ok,8.450657557313717,43732695462.40014,10.640806245887507,0,0.08620689655172414,kl_beta_lambda_max_no_cubic_penalty,ok
smooth_logconcave,0.1,kl,0.05,1.1600000000000001,0.8620689655172413,20.0,0.043103448275862065,0.05,0.0021551724137931034,6960,15.0,16.171605811848092,3.0302538256421485e-10,3.0302538256421485e-10,0.9999558592439571,0.020481762847463714,0.9998188540428062,0.9999558592439571,0.9964573730774426,1.646697434655939,0.9964573730774426,1.646697434655939,0.020481762847463714,80.3982277755868,0.9963815120838581,1.6820234224238204,5107,ok,11.893957928070053,39250698497.343124,10.593847389765157,0,0.08620689655172414,kl_beta_lambda_max_no_cubic_penalty,ok
smooth_logconcave,0.1,kl,0.05,1.1600000000000001,0.8620689655172413,20.0,0.043103448275862065,0.1,0.004310344827586207,3480,15.0,16.171605811848092,3.107014645564732e-10,3.107014645564732e-10,0.9999159121180728,0.019509208862621048,0.9996469976218787,0.9999159121180728,0.9929344340374396,1.6450297041706112,0.9929344340374396,1.6450297041706112,0.019509208862621048,84.32067726346556,0.9927870886639437,1.6794596343727923,2557,ok,12.068742476540534,38843532629.52488,10.589318719993512,0,0.08620689655172414,kl_beta_lambda_max_no_cubic_penalty,ok
smooth_logconcave,0.1,kl,0.05,1.1600000000000001,0.8620689655172413,20.0,0.043103448275862065,0.25,0.010775862068965516,1393,15.010775862068964,16.171605811848092,3.296627415494413e-10,3.296627415494413e-10,0.9998161899860304,0.017059137164534634,0.9991871655766944,0.9998161899860304,0.9824838603528611,1.6399024395747295,0.9824838603528611,1.6399024395747295,0.017059137164534634,96.13044456808935,0.9821450137742886,1.6719135366500362,1027,ok,12.518231383231738,37972842561.44643,10.57947310866319,0,0.08620689655172414,kl_beta_lambda_max_no_cubic_penalty,ok
smooth_logconcave,0.1,kl,0.05,1.1600000000000001,0.8620689655172413,20.0,0.043103448275862065,0.5,0.021551724137931032,697,15.021551724137929,16.171605811848092,3.675262316704675e-10,3.675262316704675e-10,0.9996968815170474,0.014066829674759057,0.9986065695600476,0.9996968815170474,0.9654495972984969,1.6314881343781162,0.9654495972984969,1.6314881343781162,0.014066829674759057,115.9812247748753,0.9648793744838023,1.6589014299958085,517,ok,13.091345554574719,35620166471.03634,10.551695944809525,0,0.08620689655172414,kl_beta_lambda_max_no_cubic_penalty,ok
smooth_logconcave,0.1,kl,0.05,1.1600000000000001,0.8620689655172413,20.0,0.043103448275862065,0.75,0.03232758620689655,465,15.032327586206895,16.171605811848092,4.094453665004494e-10,4.094453665004494e-10,0.9996143443339469,0.011931916223372986,0.9982582119500595,0.9996143443339469,0.9488809003406108,1.623133508333979,0.9488809003406108,1.623133508333979,0.011931916223372986,136.03292865520487,0.9481863532350554,1.6457838999332173,347,ok,13.516247811338038,33011114344.416946,10.518660184901739,0,0.08620689655172414,kl_beta_lambda_max_no_cubic_penalty,ok
smooth_logconcave,0.1,kl,0.05,1.1600000000000001,0.8620689655172413,20.0,0.043103448275862065,1.0,0.043103448275862065,349,15.043103448275861,16.171605811848092,4.557683119799094e-10,4.557683119799094e-10,0.9995547164434312,0.010332879213768766,0.99814209274673,0.9995547164434312,0.9327617913210704,1.6148458716364398,0.9327617913210704,1.6148458716364398,0.010332879213768766,156.2822750782401,0.9320477786155839,1.632611863235623,262,ok,13.843535957533664,30374064176.15075,10.482502906214776,0,0.08620689655172414,kl_beta_lambda_max_no_cubic_penalty,ok
smooth_logconcave,1.0,riemannian,0.05,1.25,0.8,20.0,0.04,0.05,0.002,7500,15.0,13.595489105962459,8.903682235938959e-10,8.903682235938959e-10,0.999844,0.07800608463283253,0.999844,0.9999619808003042,0.9968783326927061,1.5632749372486308,0.9968783326927061,1.5632749372486308,0.07800608463283253,20.040423059391102,0.9969787381661835,1.5129175294736559,5981,ok,4.219205266528634,4738719503.598376,9.67566100250723,0,0.08000000000000002,kl_beta_lambda_max_no_cubic_penalty,ok
smooth_logconcave,1.0,riemannian,0.05,1.25,0.8,20.0,0.04,0.1,0.004,3750,15.0,13.595489105962459,8.777265581016991e-10,8.777265581016991e-10,0.999696,0.076011554341732,0.999696,0.9999275624773633,0.9937626206358703,1.5642282708253115,0.9937626206358703,1.5642282708253115,0.076011554341732,20.578822316839744,0.9939624502090021,1.5139623722017885,2988,ok,4.347342501473011,4952957685.221711,9.694864617674922,0,0.08000000000000002,kl_beta_lambda_max_no_cubic_penalty,ok
smooth_logconcave,1.0,riemannian,0.05,1.25,0.8,20.0,0.04,0.25,0.01,1500,15.0,13.595489105962459,8.40733482831979e-10,8.40733482831979e-10,0.9993,0.07002451143934259,0.9993,0.9998415841584158,0.9844511614061304,1.56709896437289,0.9844511614061304,1.56709896437289,0.07002451143934259,22.379291653185756,0.9849420007882133,1.5172521992202077,1193,ok,4.755825952224081,5656758115.787491,9.752567608610539,0,0.08000000000000002,kl_beta_lambda_max_no_cubic_penalty,ok
smooth_logconcave,1.0,riemannian,0.05,1.25,0.8,20.0,0.04,0.5,0.02,750,15.0,13.595489105962459,7.820899483590438e-10,7.820899483590438e-10,0.9988,0.06003602882594385,0.9988,0.9997385620915032,0.9690506618144438,1.571919294190579,0.9690506618144438,1.571919294190579,0.06003602882594385,26.182932564508548,0.9700166150719544,1.5221039345624034,594,ok,5.524526939613416,7063799951.917044,9.849038391445962,0,0.08000000000000002,kl_beta_lambda_max_no_cubic_penalty,ok
smooth_logconcave,1.0,riemannian,0.05,1.25,0.8,20.0,0.04,0.75,0.03,500,15.0,13.595489105962459,7.270415380844497e-10,7.270415380844497e-10,0.9985,0.05003753754223638,0.9985,0.9996671289875173,0.953797827247856,1.576785037204854,0.953797827247856,1.576785037204854,0.05003753754223638,31.51204305115733,0.9552065675408955,1.5275886933723972,395,ok,6.418439317614571,8828160402.671568,9.945870215445925,0,0.08000000000000002,kl_beta_lambda_max_no_cubic_penalty,ok
smooth_logconcave,1.0,riemannian,0.05,1.25,0.8,20.0,0.04,1.0,0.04,375,15.0,13.595489105962459,6.753992920494056e-10,6.753992920494056e-10,0.9984,0.04003203417434698,0.9984,0.9996153846153846,0.9386919829209156,1.581697007367331,0.9386919829209156,1.581697007367331,0.04003203417434698,39.510782801562,0.9405056567129544,1.5334403919661423,295,ok,7.457778202124277,11042028456.22577,10.043048862018564,0,0.08000000000000002,kl_beta_lambda_max_no_cubic_penalty,ok
smooth_logconcave,1.0,kl,0.05,1.25,0.8,20.0,0.04,0.05,0.002,7500,15.0,13.595489105962459,9.250964438933806e-10,9.250964438933806e-10,0.9999619808003042,0.019009961221953683,0.999844,0.9999619808003042,0.9968834184977079,1.560724078301365,0.9968834184977079,1.560724078301365,0.019009961221953683,82.10032940514157,0.9969858713524024,1.5093401408957452,5993,ok,10.222474063013458,11050171179.980906,10.043369005798985,0,0.08000000000000002,kl_beta_lambda_max_no_cubic_penalty,ok
smooth_logconcave,1.0,kl,0.05,1.25,0.8,20.0,0.04,0.1,0.004,3750,15.0,13.595489105962459,9.47507849957674e-10,9.47507849957674e-10,0.9999275624773633,0.018110036590198914,0.999696,0.9999275624773633,0.9937828936303128,1.5591282632285552,0.9937828936303128,1.5591282632285552,0.018110036590198914,86.09194440128022,0.9939911093516723,1.5067541699441305,3001,ok,10.361401478035857,10935425472.726913,10.038835685120594,0,0.08000000000000002,kl_beta_lambda_max_no_cubic_penalty,ok
smooth_logconcave,1.0,kl,0.05,1.25,0.8,20.0,0.04,0.25,0.01,1500,15.0,13.595489105962459,1.0177396703170416e-09,1.0177396703170416e-09,0.9998415841584158,0.015842839069892752,0.9993,0.9998415841584158,0.9845765653250053,1.5543613154975722,0.9845765653250053,1.5543613154975722,0.015842839069892752,98.1112860289942,0.9851190834178629,1.4992748246559087,1206,ok,10.719831832892163,10532980236.048744,10.02255126928109,0,0.08000000000000002,kl_beta_lambda_max_no_cubic_penalty,ok
smooth_logconcave,1.0,kl,0.05,1.25,0.8,20.0,0.04,0.5,0.02,750,15.0,13.595489105962459,1.1453722414955791e-09,1.1453722414955791e-09,0.9997385620915032,0.013073604467216443,0.9988,0.9997385620915032,0.969543730631726,1.5464849470246171,0.969543730631726,1.5464849470246171,0.013073604467216443,118.2906329239656,0.9706946806772737,1.4871649081139107,607,ok,11.174495424715957,9756212888.593117,9.989281268408043,0,0.08000000000000002,kl_beta_lambda_max_no_cubic_penalty,ok
smooth_logconcave,1.0,kl,0.05,1.25,0.8,20.0,0.04,0.75,0.03,500,15.0,13.595489105962459,1.2873582200256806e-09,1.2873582200256806e-09,0.9996671289875173,0.011097547544520699,0.9985,0.9996671289875173,0.9548883815136776,1.5386941109440364,0.9548883815136776,1.5386941109440364,0.011097547544520699,138.6517250564744,0.9567282591991116,1.4745292843648135,407,ok,11.51067471797582,8941314498.8861,9.95140137088171,0,0.08000000000000002,kl_beta_lambda_max_no_cubic_penalty,ok
smooth_logconcave,1.0,kl,0.05,1.25,0.8,20.0,0.04,1.0,0.04,375,15.0,13.595489105962459,1.445101371899682e-09,1.445101371899682e-09,0.9996153846153846,0.00961723420207993,0.9984,0.9996153846153846,0.9405979096958546,1.5309882945744442,0.9405979096958546,1.5309882945744442,0.00961723420207993,159.19216090664983,0.9431607930611515,1.4629624656068205,307,ok,11.769124580362233,8144151551.728814,9.910845846705252,0,0.08000000000000002,kl_beta_lambda_max_no_cubic_penalty,ok
