target_name,lambda,method,dt,T,N,F0,F_final,gap_final,gap_min,spd_feasible,stable,monotone,accurate,num_energy_increases,max_energy_increase,max_gap_ratio,min_eig_C_min,max_eig_C_max,wall_time_total,time_to_gap_1e_minus_4,time_to_gap_1e_minus_6,iter_to_gap_1e_minus_4,iter_to_gap_1e_minus_6,terminal_accuracy_error,failed_at_step
gaussian_posterior,0.01,riemannian,0.001,15.0,15000,50.76,-1.3025850928042262,1.8981971550147136e-10,1.8981971550147136e-10,1,1,1,1,0,-3.8036240823657863e-13,1.0,0.5,99.99850939314446,0.6200703576905653,8.408,10.717,8408,10717,8.556136918282522e-07,-1
gaussian_posterior,0.01,riemannian,0.002,15.0,7500,50.76,-1.3025850928062606,1.8778534283114823e-10,1.8778534283114823e-10,1,1,1,1,0,-7.533973445106312e-13,1.0,0.5,99.9985176498094,0.31139739844365977,8.406,10.714,4203,5357,1.7079814418411483e-06,-1
gaussian_posterior,0.01,riemannian,0.005,15.0,3000,50.76,-1.302585092812248,1.8179791005934476e-10,1.8179791005934476e-10,1,1,1,1,0,-1.8318679906315083e-12,1.0,0.5,99.99854220857712,0.13144162151729688,8.4,10.705,1680,2141,4.245686094189127e-06,-1
gaussian_posterior,0.01,riemannian,0.01,15.0,1500,50.76,-1.30258509282185,1.721958131639667e-10,1.721958131639667e-10,1,1,1,1,0,-3.496092304544618e-12,1.0,0.5,99.99858244187904,0.061026371200568974,8.39,10.69,839,1069,8.410990677199388e-06,-1
gaussian_posterior,0.01,riemannian,0.02,15.0,750,50.76,-1.3025850928397122,1.5433365696537749e-10,1.5433365696537749e-10,1,1,1,1,0,-6.363132243336622e-12,1.0,0.5,99.99866033662633,0.031205111008603126,8.38,10.66,419,533,1.6504269497687438e-05,-1
gaussian_posterior,0.01,riemannian,0.05,15.0,300,50.76,-1.3025850928838343,1.1021161760993436e-10,1.1021161760993436e-10,1,1,1,1,0,-1.1906253760685104e-11,1.0,0.5,99.9988743434282,0.012830097955884412,8.35,10.600000000000001,167,212,3.8953594056764756e-05,-1
gaussian_posterior,0.01,riemannian,0.1,15.0,150,50.76,-1.3025850929329816,6.106426475582794e-11,6.106426475582794e-11,1,1,1,1,0,-1.432365337450392e-11,1.0,0.5,99.99917121741862,0.006580794171895832,8.3,10.4,83,104,7.071433951417781e-05,-1
gaussian_posterior,0.01,riemannian,0.2,15.0,75,50.76,-1.3025850929775507,1.6495249610670726e-11,1.6495249610670726e-11,1,1,1,1,0,-9.278133816792433e-12,1.0,0.5,99.99958103357409,0.0032598811376374215,8.0,10.200000000000001,40,51,0.0001162540643629063,-1
gaussian_posterior,0.01,riemannian,0.5,15.0,30,50.76,-1.3025850929939826,6.328271240363392e-14,6.328271240363392e-14,1,1,1,1,0,-1.9118040484045196e-13,1.0,0.5,99.99997747491115,0.0012989980750717223,7.5,9.5,15,19,0.00016466400973175457,-1
gaussian_posterior,0.01,riemannian,1.0,15.0,15,50.76,-1.302585092994046,0.0,0.0,1,1,1,1,0,0.0,1.0,0.5,100.0,0.0006442499870900065,7.0,7.0,7,7,0.00016805964603862591,-1
gaussian_posterior,0.01,riemannian,2.0,15.0,8,50.76,-1.1976688707666394,0.10491622222740649,0.06270104554011935,1,1,0,0,3,0.08637505403455736,1.0,0.5,120.25404791166245,0.00035320999450050294,inf,inf,-1,-1,4.1650673748985,-1
gaussian_posterior,0.01,riemannian,5.0,15.0,3,50.76,97683.33474179782,97684.63732689082,52.06258509299404,1,0,0,0,2,97575.06321440356,1876.3947112170872,5.360482236949852e-11,268.579559369871,0.0001326260098721832,inf,inf,-1,-1,456.6162306592913,-1
gaussian_posterior,0.01,riemannian,10.0,15.0,2,50.76,inf,inf,52.06258509299404,0,0,0,0,2,inf,inf,0.0,36067.489855657026,9.287497960031033e-05,inf,inf,-1,-1,inf,2
gaussian_posterior,0.01,kl,0.001,15.0,15000,50.76,-1.3025850928021674,1.9187851307833625e-10,1.9187851307833625e-10,1,1,1,1,0,-3.8391512191537913e-13,1.0,0.5,99.99848982480135,0.5726921965833753,8.411,10.721,8411,10721,5.133152676129572e-07,-1
gaussian_posterior,0.01,kl,0.002,15.0,7500,50.76,-1.302585092802146,1.9189982936040906e-10,1.9189982936040906e-10,1,1,1,1,0,-7.696066006701585e-13,1.0,0.5,99.99847847887463,0.2918914592883084,8.412,10.722,4206,5361,1.0268973094291206e-06,-1
gaussian_posterior,0.01,kl,0.005,15.0,3000,50.76,-1.3025850928019813,1.9206458645726343e-10,1.9206458645726343e-10,1,1,1,1,0,-1.9317880628477724e-12,1.0,0.5,99.99844401984659,0.11475881451042369,8.42,10.725,1684,2145,2.5692697423973587e-06,-1
gaussian_posterior,0.01,kl,0.01,15.0,1500,50.76,-1.3025850928013654,1.9268053819132547e-10,1.9268053819132547e-10,1,1,1,1,0,-3.898437128668775e-12,1.0,0.5,99.99838516411141,0.05960735402186401,8.43,10.73,843,1073,5.1454567453339514e-06,-1
gaussian_posterior,0.01,kl,0.02,15.0,750,50.76,-1.3025850927987948,1.9525114858254256e-10,1.9525114858254256e-10,1,1,1,1,0,-7.987610572968151e-12,1.0,0.5,99.99826196022788,0.029235209221951663,8.44,10.76,422,538,1.0319831371358615e-05,-1
gaussian_posterior,0.01,kl,0.05,15.0,300,50.76,-1.3025850927790041,2.1504176217490567e-10,2.1504176217490567e-10,1,1,1,1,0,-2.2588597659023435e-11,1.0,0.5,99.99784524944623,0.011396497982786968,8.5,10.8,170,216,2.6042841431357586e-05,-1
gaussian_posterior,0.01,kl,0.1,15.0,150,50.76,-1.3025850926932918,3.007540883004367e-10,3.007540883004367e-10,1,1,1,1,0,-6.49076348224753e-11,1.0,0.5,99.99697113336018,0.005700999987311661,8.6,10.9,86,109,5.309158960338029e-05,-1
gaussian_posterior,0.01,kl,0.2,15.0,75,50.76,-1.3025850921622184,8.318274957730409e-10,8.318274957730409e-10,1,1,1,1,0,-3.702886886003398e-10,1.0,0.5,99.99435611553653,0.00286066802800633,8.8,11.200000000000001,44,56,0.00011196926045922443,-1
gaussian_posterior,0.01,kl,0.5,15.0,30,50.76,-1.302585076665904,1.6328141949628616e-08,1.6328141949628616e-08,1,1,1,1,0,-2.0407022516266693e-08,1.0,0.5,99.97445256263427,0.001193372969282791,10.0,12.5,20,25,0.0003747347738266368,-1
gaussian_posterior,0.01,kl,1.0,15.0,15,50.76,-1.3025845348475722,5.581464737058894e-07,5.581464737058894e-07,1,1,1,1,0,-1.6700034188854573e-06,1.0,0.5,99.8506871438584,0.0005815849872305989,12.0,15.0,12,15,0.0016311590348558134,-1
gaussian_posterior,0.01,kl,2.0,15.0,8,50.76,-1.3023028173465172,0.00028227564752869583,0.00028227564752869583,1,1,1,0,0,-0.0001332558764866043,1.0,0.5,99.25869894099851,0.00030966600752435625,inf,inf,-1,-1,0.23896161769756946,-1
gaussian_posterior,0.01,kl,5.0,15.0,3,50.76,18140.627023210403,18141.9296083034,52.06258509299404,1,0,0,0,3,16927.163597452436,348.4638647101049,0.5,81.50943396226414,0.0001203749852720648,inf,inf,-1,-1,190.72238519694437,-1
gaussian_posterior,0.01,kl,10.0,15.0,2,50.76,53354.5010958724,53355.80368096539,52.06258509299404,1,0,0,0,2,52555.04195063219,1024.8396921831948,0.5,71.1764705882353,8.070800686255097e-05,inf,inf,-1,-1,327.0228940262347,-1
gaussian_posterior,0.1,riemannian,0.001,15.0,15000,55.35,-0.1512925464666215,3.0401459127915587e-11,3.0401459127915587e-11,1,1,1,1,0,-6.084022174945858e-14,1.0,0.5,9.999987845625466,0.5990354767127428,7.5,9.802,7500,9802,1.1300835760920562e-07,-1
gaussian_posterior,0.1,riemannian,0.002,15.0,7500,55.35,-0.15129254646702495,2.9998004080766805e-11,2.9998004080766805e-11,1,1,1,1,0,-1.2034817586936697e-13,1.0,0.5,9.99998792688741,0.2948222852428444,7.498,9.798,3749,4899,2.2544002078393374e-07,-1
gaussian_posterior,0.1,riemannian,0.005,15.0,3000,55.35,-0.15129254646820722,2.8815727581843475e-11,2.8815727581843475e-11,1,1,1,1,0,-2.9054536554440347e-13,1.0,0.5,9.999988168046638,0.11885494081070647,7.49,9.790000000000001,1498,1958,5.592966830346902e-07,-1
gaussian_posterior,0.1,riemannian,0.01,15.0,1500,55.35,-0.15129254647008383,2.6939117603319573e-11,2.6939117603319573e-11,1,1,1,1,0,-5.470068842328146e-13,1.0,0.5,9.999988561328754,0.059638389211613685,7.48,9.77,748,977,1.1043913108284556e-06,-1
gaussian_posterior,0.1,riemannian,0.02,15.0,750,55.35,-0.15129254647350954,2.351341343853619e-11,2.351341343853619e-11,1,1,1,1,0,-9.694467451026867e-13,1.0,0.5,9.999989316234695,0.030286463850643486,7.46,9.74,373,487,2.1530307670959306e-06,-1
gaussian_posterior,0.1,riemannian,0.05,15.0,300,55.35,-0.15129254648155677,1.5466183889145668e-11,1.5466183889145668e-11,1,1,1,1,0,-1.6708856520608606e-12,1.0,0.5,9.999991342857234,0.012234381749294698,7.4,9.65,148,193,4.9850473390617745e-06,-1
gaussian_posterior,0.1,riemannian,0.1,15.0,150,55.35,-0.15129254648962187,7.401079749058681e-12,7.401079749058681e-12,1,1,1,1,0,-1.7359447213038948e-12,1.0,0.5,9.999994021932798,0.0061110004025977105,7.300000000000001,9.4,73,94,8.775475994154765e-06,-1
gaussian_posterior,0.1,riemannian,0.2,15.0,75,55.35,-0.15129254649559098,1.431965657161527e-12,1.431965657161527e-12,1,1,1,1,0,-8.05244759760626e-13,1.0,0.5,9.99999738361101,0.003030756168300286,7.0,9.0,35,45,1.3648375718642335e-05,-1
gaussian_posterior,0.1,riemannian,0.5,15.0,30,55.35,-0.1512925464970215,1.4432899320127035e-15,1.4432899320127035e-15,1,1,1,1,0,-3.552713678800501e-15,1.0,0.5,9.99999992541487,0.0012242919183336198,6.0,8.0,12,16,1.7557962072963618e-05,-1
gaussian_posterior,0.1,riemannian,1.0,15.0,15,55.35,-0.15129254649702273,2.220446049250313e-16,2.220446049250313e-16,1,1,1,1,0,0.0,1.0,0.5,9.999999999999998,0.0006100399768911302,4.0,5.0,4,5,1.7691243189525247e-05,-1
gaussian_posterior,0.1,riemannian,2.0,15.0,8,55.35,1.5944243072383715,1.7457168537353944,1.7457168537353944,1,1,0,0,3,0.05830047341208533,1.0,0.5,10.093929573235055,0.0003267940483056009,inf,inf,-1,-1,5.90620874056873,-1
gaussian_posterior,0.1,riemannian,5.0,15.0,3,55.35,97647.12683357086,97647.27812611735,55.50129254649703,0,0,0,0,2,97529.37139507737,1759.3694425100443,3.147784925729484e-20,109.19630006628846,8.291599806398153e-05,inf,inf,-1,-1,inf,2
gaussian_posterior,0.1,riemannian,10.0,15.0,2,55.35,inf,inf,55.50129254649703,0,0,0,0,2,inf,inf,0.0,5961.915974083454,8.933301432989538e-05,inf,inf,-1,-1,inf,2
gaussian_posterior,0.1,kl,0.001,15.0,15000,55.35,-0.1512925464665601,3.046285446117736e-11,3.046285446117736e-11,1,1,1,1,0,-6.084022174945858e-14,1.0,0.5,9.999987671866853,0.5542258906934876,7.501,9.803,7501,9803,9.588505370953991e-08,-1
gaussian_posterior,0.1,kl,0.002,15.0,7500,55.35,-0.15129254646690382,3.011912941275341e-11,3.011912941275341e-11,1,1,1,1,0,-1.2090328738167955e-13,1.0,0.5,9.99998757924546,0.27850799227599055,7.5,9.8,3750,4900,1.914769561710573e-07,-1
gaussian_posterior,0.1,kl,0.005,15.0,3000,55.35,-0.1512925464679119,2.911104690639377e-11,2.911104690639377e-11,1,1,1,1,0,-2.9320990080350384e-13,1.0,0.5,9.999987297939429,0.11553613253636286,7.495,9.795,1499,1959,4.765076727007782e-07,-1
gaussian_posterior,0.1,kl,0.01,15.0,1500,55.35,-0.1512925464695194,2.7503554989039003e-11,2.7503554989039003e-11,1,1,1,1,0,-5.578870698741412e-13,1.0,0.5,9.999986817470697,0.05968080350430682,7.49,9.78,749,978,9.458136927808661e-07,-1
gaussian_posterior,0.1,kl,0.02,15.0,750,55.35,-0.1512925464724768,2.454614289604251e-11,2.454614289604251e-11,1,1,1,1,0,-1.0115241977359801e-12,1.0,0.5,9.99998581169375,0.029219372052466497,7.48,9.76,374,488,1.8634250622687003e-06,-1
gaussian_posterior,0.1,kl,0.05,15.0,300,55.35,-0.15129254647953538,1.748756695008069e-11,1.748756695008069e-11,1,1,1,1,0,-1.8846035843012032e-12,1.0,0.5,9.99998240985148,0.011710408929502591,7.45,9.700000000000001,149,194,4.45910330392219e-06,-1
gaussian_posterior,0.1,kl,0.1,15.0,150,55.35,-0.15129254648660384,1.0419110019199707e-11,1.0419110019199707e-11,1,1,1,1,0,-2.404076937523314e-12,1.0,0.5,9.99997527387027,0.005798753030830994,7.4,9.600000000000001,74,96,8.333383413014482e-06,-1
gaussian_posterior,0.1,kl,0.2,15.0,75,55.35,-0.15129254648923407,7.788880651560248e-12,7.788880651560248e-12,1,1,1,1,0,-3.690714400761408e-12,1.0,0.5,9.999953925085626,0.0030177541193552315,7.2,9.4,36,47,1.4921692699727922e-05,-1
gaussian_posterior,0.1,kl,0.5,15.0,30,55.35,-0.15129254638143108,1.1559186940957034e-10,1.1559186940957034e-10,1,1,1,1,0,-1.4449741403410599e-10,1.0,0.5,9.999791400549428,0.0011530829651746899,7.0,9.5,14,19,3.570052843658369e-05,-1
gaussian_posterior,0.1,kl,1.0,15.0,15,55.35,-0.15129254253951752,3.9575054344709315e-09,3.9575054344709315e-09,1,1,1,1,0,-1.1870053384654966e-08,1.0,0.5,9.998779445868426,0.000580249004997313,8.0,12.0,8,12,0.0001367431858347657,-1
gaussian_posterior,0.1,kl,2.0,15.0,8,55.35,-0.149060426784136,0.0022321197128869485,0.0022321197128869485,1,1,1,0,0,-1.7177117994648938e-05,1.0,0.5,9.993907083015992,0.0003131239500362426,inf,inf,-1,-1,0.21187274440493215,-1
gaussian_posterior,0.1,kl,5.0,15.0,3,55.35,18141.664101816285,18141.81539436278,55.50129254649703,1,0,0,0,3,16927.271711804842,326.8719440932697,0.5,9.818181818181818,0.00012054198305122554,inf,inf,-1,-1,190.5007278000991,-1
gaussian_posterior,0.1,kl,10.0,15.0,2,55.35,53555.96009704942,53556.11138959592,55.50129254649703,1,0,0,0,2,52751.08780644327,964.9525070921276,0.5,9.68,7.9624995123595e-05,inf,inf,-1,-1,332.7813302256673,-1
gaussian_posterior,1.0,riemannian,0.001,15.0,15000,101.25,1.0000000000196376,1.963762485956977e-11,1.963762485956977e-11,1,1,1,1,0,-3.930189507173054e-14,1.0,0.5,2.0,0.6165009358664975,7.282,9.584,7282,9584,4.575652060434852e-08,-1
gaussian_posterior,1.0,riemannian,0.002,15.0,7500,101.25,1.0000000000193645,1.936450999551198e-11,1.936450999551198e-11,1,1,1,1,0,-7.771561172376096e-14,1.0,0.5,2.0,0.30346648121485487,7.28,9.58,3640,4790,9.125195297425956e-08,-1
gaussian_posterior,1.0,riemannian,0.005,15.0,3000,101.25,1.0000000000185658,1.8565815551596643e-11,1.8565815551596643e-11,1,1,1,1,0,-1.8696155734687636e-13,1.0,0.5,2.0,0.11853997560683638,7.2700000000000005,9.57,1454,1914,2.2618312147003928e-07,-1
gaussian_posterior,1.0,riemannian,0.01,15.0,1500,101.25,1.0000000000173008,1.730082743733874e-11,1.730082743733874e-11,1,1,1,1,0,-3.5127456499139953e-13,1.0,0.5,2.0,0.059658750891685486,7.26,9.55,726,955,4.459520847783016e-07,-1
gaussian_posterior,1.0,riemannian,0.02,15.0,750,101.25,1.0000000000150027,1.5002665776364665e-11,1.5002665776364665e-11,1,1,1,1,0,-6.188383139260623e-13,1.0,0.5,2.0,0.03125216762418859,7.24,9.52,362,476,8.668026548571401e-07,-1
gaussian_posterior,1.0,riemannian,0.05,15.0,300,101.25,1.000000000009672,9.672040945929439e-12,9.672040945929439e-12,1,1,1,1,0,-1.0447198661722723e-12,1.0,0.5,2.0,0.012811957712983713,7.15,9.4,143,188,1.9894929448485275e-06,-1
gaussian_posterior,1.0,riemannian,0.1,15.0,150,101.25,1.0000000000044666,4.46664927267193e-12,4.46664927267193e-12,1,1,1,1,0,-1.0476064460362977e-12,1.0,0.5,2.0,0.006255624844925478,7.0,9.200000000000001,70,92,3.45428444124475e-06,-1
gaussian_posterior,1.0,riemannian,0.2,15.0,75,101.25,1.0000000000007974,7.973621762857874e-13,7.973621762857874e-13,1,1,1,1,0,-4.4853010194856324e-13,1.0,0.5,2.0,0.003485002147499472,6.800000000000001,8.8,34,44,5.245832067191079e-06,-1
gaussian_posterior,1.0,riemannian,0.5,15.0,30,101.25,1.0000000000000004,4.440892098500626e-16,4.440892098500626e-16,1,1,1,1,0,-1.5543122344752192e-15,1.0,0.5,2.0,0.0012630430574063212,6.0,7.5,12,15,6.517162037702613e-06,-1
gaussian_posterior,1.0,riemannian,1.0,15.0,15,101.25,1.0,0.0,0.0,1,1,1,1,0,0.0,1.0,0.5,2.0,0.000649834080832079,4.0,4.0,4,4,6.548173120246111e-06,-1
gaussian_posterior,1.0,riemannian,2.0,15.0,8,101.25,53.242472615186124,52.242472615186124,52.242472615186124,1,1,0,0,4,350.0649057403514,4.491919259255376,0.27067056647322524,2.0,0.00034404301550239325,inf,inf,-1,-1,10.415791030096047,-1
gaussian_posterior,1.0,riemannian,5.0,15.0,3,101.25,343135.56528761704,343134.56528761704,100.25,1,0,0,0,3,241987.65573430972,3422.7886811732374,5.360482236949852e-11,6.091246980351735,0.00013116694753989577,inf,inf,-1,-1,829.3892966675927,-1
gaussian_posterior,1.0,riemannian,10.0,15.0,2,101.25,439361192.379023,439361191.379023,100.25,0,0,0,0,2,439342302.7756878,4382655.275601227,8.9019014e-317,74.20657955128824,9.63329803198576e-05,inf,inf,-1,-1,inf,2
gaussian_posterior,1.0,kl,0.001,15.0,15000,101.25,1.0000000000196585,1.9658497052432722e-11,1.9658497052432722e-11,1,1,1,1,0,-3.930189507173054e-14,1.0,0.5,2.0,0.5766138709441293,7.283,9.585,7283,9585,4.277784883849356e-08,-1
gaussian_posterior,1.0,kl,0.002,15.0,7500,101.25,1.000000000019406,1.940603233663296e-11,1.940603233663296e-11,1,1,1,1,0,-7.771561172376096e-14,1.0,0.5,2.0,0.2820085295534227,7.28,9.582,3640,4791,8.534898215714159e-08,-1
gaussian_posterior,1.0,kl,0.005,15.0,3000,101.25,1.0000000000186657,1.8665735623812907e-11,1.8665735623812907e-11,1,1,1,1,0,-1.8829382497642655e-13,1.0,0.5,2.0,0.11249730424606241,7.275,9.57,1455,1914,2.1183127063465012e-07,-1
gaussian_posterior,1.0,kl,0.01,15.0,1500,101.25,1.0000000000174898,1.748978739612994e-11,1.748978739612994e-11,1,1,1,1,0,-3.5504932327512506e-13,1.0,0.5,2.0,0.05706192407524213,7.26,9.56,726,956,4.1858843810983015e-07,-1
gaussian_posterior,1.0,kl,0.02,15.0,750,101.25,1.000000000015339,1.5339063352826088e-11,1.5339063352826088e-11,1,1,1,1,0,-6.326050794314142e-13,1.0,0.5,2.0,0.029451290611177683,7.24,9.52,362,476,8.173480754434178e-07,-1
gaussian_posterior,1.0,kl,0.05,15.0,300,101.25,1.000000000010264,1.0264011862659572e-11,1.0264011862659572e-11,1,1,1,1,0,-1.1084466677857563e-12,1.0,0.5,2.0,0.011842715030070394,7.2,9.450000000000001,144,189,1.9037390897219574e-06,-1
gaussian_posterior,1.0,kl,0.1,15.0,150,101.25,1.000000000005138,5.1378901133602994e-12,5.1378901133602994e-12,1,1,1,1,0,-1.2021494910641195e-12,1.0,0.5,2.0,0.006076128163840622,7.1000000000000005,9.3,71,93,3.39916174471603e-06,-1
gaussian_posterior,1.0,kl,0.2,15.0,75,101.25,1.0000000000014586,1.4586110097525307e-12,1.4586110097525307e-12,1,1,1,1,0,-7.696066006701585e-13,1.0,0.5,2.0,0.003147746901959181,6.800000000000001,9.0,34,45,5.545542808696864e-06,-1
gaussian_posterior,1.0,kl,0.5,15.0,30,101.25,1.0000000000085003,8.500311565740049e-12,8.500311565740049e-12,1,1,1,1,0,-1.0627942970131699e-11,1.0,0.5,2.0,0.0013196229410823435,6.5,8.5,13,17,1.0136765233064678e-05,-1
gaussian_posterior,1.0,kl,1.0,15.0,15,101.25,1.0000000002910299,2.910298668723499e-10,2.910298668723499e-10,1,1,1,1,0,-8.730571821047306e-10,1.0,0.5,2.0,0.0006090840033721179,6.0,10.0,6,10,3.019024951214153e-05,-1
gaussian_posterior,1.0,kl,2.0,15.0,8,101.25,1231.6601170598083,1230.6601170598083,100.25,1,0,0,0,8,431.9758325577865,12.275911392117788,0.5,2.0,0.0003540009493008256,inf,inf,-1,-1,49.61181324073815,-1
gaussian_posterior,1.0,kl,5.0,15.0,3,101.25,1349641.6817149804,1349640.6817149804,100.25,1,0,0,0,3,1268062.0910767708,13462.74994229407,0.5,2.0,0.00012137496378272772,inf,inf,-1,-1,1642.9526340641553,-1
gaussian_posterior,1.0,kl,10.0,15.0,2,101.25,1674213.811812565,1674212.811812565,100.25,1,0,0,0,2,1655362.809424027,16700.37717518768,0.5,2.0,8.087500464171171e-05,inf,inf,-1,-1,1829.876877818626,-1
literature_logconcave,0.01,riemannian,0.001,15.0,15000,625.26570563888,-2.831584041641099,3.791467584335351e-09,3.791467584335351e-09,1,1,1,1,0,-7.59392548843607e-12,1.0,0.23000408327208735,1129.1517279952502,0.6926939307304565,9.906,12.214,9906,12214,2.6918308620653775e-05,-1
literature_logconcave,0.01,riemannian,0.002,15.0,7500,625.26570563888,-2.8315840418181963,3.614370136517664e-09,3.614370136517664e-09,1,1,1,1,0,-1.4500400880024245e-11,1.0,0.23441964285400035,1129.15217288596,0.3502055443241261,9.886000000000001,12.192,4943,6096,6.198920154457564e-05,-1
literature_logconcave,0.01,riemannian,0.005,15.0,3000,625.26570563888,-2.831584042623,2.809566357342419e-09,2.809566357342419e-09,1,1,1,1,0,-2.830669032505284e-11,1.0,0.27079871848801546,1129.1535015717677,0.12922863502171822,9.765,12.07,1953,2414,0.00025197818874547615,-1
literature_logconcave,0.01,riemannian,0.01,15.0,1500,625.26570563888,-2.8315840434500514,1.9825150410213155e-09,1.9825150410213155e-09,1,1,1,1,0,-4.0250913713180125e-11,1.0,0.33163984507540084,1129.155699074653,0.0661040143459104,9.6,11.91,960,1191,0.0006082717045082252,-1
literature_logconcave,0.01,riemannian,0.02,15.0,750,625.26570563888,-2.8315751640335143,8.881399052196315e-06,8.881399052196315e-06,1,1,1,0,0,-3.6626430777175756e-07,1.0,0.027422437735121645,1129.1472769775428,0.03308016239316203,13.82,inf,691,-1,0.04888503106962837,-1
literature_logconcave,0.01,riemannian,0.05,15.0,300,625.26570563888,9.61382049539555,12.445404540828118,12.445404540828118,1,1,0,0,1,74304.18742873466,119.3004427006533,1.5670886049332874e-05,1006.6662634380815,0.0131832592014689,inf,inf,-1,-1,38.65671625672533,-1
literature_logconcave,0.01,riemannian,0.1,15.0,150,625.26570563888,1101088.8030997536,1101091.634683799,628.0972896843126,1,0,0,0,1,2043620.5768218776,3254.668835044679,6.13941673927972e-11,953.665950318577,0.0065731801732908934,inf,inf,-1,-1,9080.389114072768,-1
literature_logconcave,0.01,riemannian,0.2,15.0,75,625.26570563888,41683431.701226935,41683434.53281098,628.0972896843126,0,0,0,0,1,41682806.4355213,66364.61455479525,9.459967246416225e-22,4.881710355478348,4.695798270404339e-05,inf,inf,-1,-1,inf,1
literature_logconcave,0.01,riemannian,0.5,15.0,30,625.26570563888,1870652703.8229704,1870652706.6545544,628.0972896843126,0,0,0,0,1,1870652078.5572648,2978284.9526301273,1.6421911642596008e-23,6.581729555453619,4.7667010221630335e-05,inf,inf,-1,-1,inf,1
literature_logconcave,0.01,riemannian,1.0,15.0,15,625.26570563888,31314800675.680866,31314800678.51245,628.0972896843126,0,0,0,0,1,31314800050.41516,49856608.51084321,6.772323461374277e-23,10.829790985282925,4.7375011490657926e-05,inf,inf,-1,-1,inf,1
literature_logconcave,0.01,riemannian,2.0,15.0,8,625.26570563888,512395961541.75104,512395961544.58264,628.0972896843126,0,0,0,0,1,512395960916.48535,815790754.0121969,-1.1809251437477116e-22,29.321093196228837,4.641700070351362e-05,inf,inf,-1,-1,inf,1
literature_logconcave,0.01,riemannian,5.0,15.0,3,625.26570563888,20285299253584.367,20285299253587.2,628.0972896843126,0,0,0,0,1,20285299252959.1,32296428573.64147,2.6640595857789922e-21,581.9161479306952,4.7083012759685516e-05,inf,inf,-1,-1,inf,1
literature_logconcave,0.01,riemannian,10.0,15.0,2,625.26570563888,326013561953911.7,326013561953914.5,628.0972896843126,0,0,0,0,1,326013561953286.44,519049464642.2879,1.2987419959001595e-19,84656.60080562471,4.6250002924352884e-05,inf,inf,-1,-1,inf,1
literature_logconcave,0.01,kl,0.001,15.0,15000,625.26570563888,-2.831584041825532,3.6070346709493606e-09,3.6070346709493606e-09,1,1,1,1,0,-7.220890552162018e-12,1.0,0.23827744068246692,1129.1505611200325,0.6220378041034564,9.878,12.187,9878,12187,7.126455254440719e-05,-1
literature_logconcave,0.01,kl,0.002,15.0,7500,625.26570563888,-2.8315840421340788,3.298487705194475e-09,3.298487705194475e-09,1,1,1,1,0,-1.3217871241977264e-11,1.0,0.25285057871102073,1129.1498359265597,0.31511045404477045,9.832,12.142,4916,6071,0.00014770434840191828,-1
literature_logconcave,0.01,kl,0.005,15.0,3000,625.26570563888,-2.831584042828786,2.6037803024792083e-09,2.6037803024792083e-09,1,1,1,1,0,-2.6133317732046635e-11,1.0,0.3397991033983638,1129.1476329272632,0.13099674141267315,9.705,12.02,1941,2404,0.00039300808138411107,-1
literature_logconcave,0.01,kl,0.01,15.0,1500,625.26570563888,-2.8315840429823087,2.450257774455622e-09,2.450257774455622e-09,1,1,1,1,0,-4.93138863078002e-11,1.0,1.030262720780725,1129.143867681555,0.06347783529781736,9.66,11.99,966,1199,0.000596708376053492,-1
literature_logconcave,0.01,kl,0.02,15.0,750,625.26570563888,-2.8315840382982977,7.134268731334714e-09,7.134268731334714e-09,1,1,1,1,0,-2.9211522090122344e-10,1.0,0.15253380186316684,1129.1359721958065,0.03297186008421704,10.26,12.540000000000001,513,627,0.0018127103719433235,-1
literature_logconcave,0.01,kl,0.05,15.0,300,625.26570563888,-1.4037082662907077,1.4278757791418588,1.4278757791418588,1,0,0,0,3,21804873.823315278,42160.997828680986,0.001046703907333888,1026.3014000092976,0.013153793988749385,inf,inf,-1,-1,18.79477021890949,-1
literature_logconcave,0.01,kl,0.1,15.0,150,625.26570563888,5.5903049910158995e+65,5.5903049910158995e+65,628.0972896843126,0,0,0,0,5,5.5903049910158995e+65,8.900380693929818e+62,3.9386376764600934e-18,6.4263466045378665,0.0002448340237606317,inf,inf,-1,-1,inf,5
literature_logconcave,0.01,kl,0.2,15.0,75,625.26570563888,1.3733208672560272e+58,1.3733208672560272e+58,628.0972896843126,0,0,0,0,4,1.3733208672560272e+58,2.1864779387063917e+55,1.3961581866819346e-15,8.258932838816984,0.00017649901565164328,inf,inf,-1,-1,inf,4
literature_logconcave,0.01,kl,0.5,15.0,30,625.26570563888,2.7582124320236746e+87,2.7582124320236746e+87,628.0972896843126,0,0,0,0,4,2.7582124320236746e+87,4.391377701072357e+84,1.705703662040815e-22,19.926199261992597,0.00019933399744331837,inf,inf,-1,-1,inf,4
literature_logconcave,0.01,kl,1.0,15.0,15,625.26570563888,1.676109177452141e+54,1.676109177452141e+54,628.0972896843126,0,0,0,0,3,1.676109177452141e+54,2.6685502468806522e+51,1.6557074242907472e-13,31.12840466926071,0.00013408399536274374,inf,inf,-1,-1,inf,3
literature_logconcave,0.01,kl,2.0,15.0,8,625.26570563888,3.5492706521912034e+65,3.5492706521912034e+65,628.0972896843126,0,0,0,0,3,3.5492706521912034e+65,5.650829434362149e+62,8.302269112950081e-16,97.82608695652178,0.0001410009863320738,inf,inf,-1,-1,inf,3
literature_logconcave,0.01,kl,5.0,15.0,3,625.26570563888,3.598864008093224e+81,3.598864008093224e+81,628.0972896843126,0,0,0,0,3,3.598864008093224e+81,5.72978751413184e+78,6.649362927493543e-19,464.51612903225805,0.00013837500591762364,inf,inf,-1,-1,inf,3
literature_logconcave,0.01,kl,10.0,15.0,2,625.26570563888,2.124952179385379e+40,2.124952179385379e+40,628.0972896843126,1,0,0,0,2,2.124952179385379e+40,3.3831576959254184e+37,2.2704322881228947e-08,327.0270272658453,8.862500544637442e-05,inf,inf,-1,-1,27355969125.718414,-1
literature_logconcave,0.1,riemannian,0.001,15.0,15000,623.5714279787117,-1.680291497124451,1.8110926092163027e-09,1.8110926092163027e-09,1,1,1,1,0,-3.6277647552651615e-12,1.0,0.2271445597907505,113.05813506203093,0.6811061428452376,9.544,11.845,9544,11845,8.896715177179794e-06,-1
literature_logconcave,0.1,riemannian,0.002,15.0,7500,623.5714279787117,-1.6802914973005882,1.6349552822703117e-09,1.6349552822703117e-09,1,1,1,1,0,-6.559641718695275e-12,1.0,0.2314467184530629,113.0581404512805,0.32104749168502167,9.496,11.796,4748,5898,2.0741661218354064e-05,-1
literature_logconcave,0.1,riemannian,0.005,15.0,3000,623.5714279787117,-1.6802914981288102,8.067333467920434e-10,8.067333467920434e-10,1,1,1,1,0,-8.128608897095546e-12,1.0,0.26684529230288406,113.0581566038523,0.13010690128430724,9.155,11.450000000000001,1831,2290,8.727581929467975e-05,-1
literature_logconcave,0.1,riemannian,0.01,15.0,1500,623.5714279787117,-1.6802914988827315,5.2811977013789146e-11,5.2811977013789146e-11,1,1,1,1,0,-1.0726974863928262e-12,1.0,0.3316396540173334,113.05818339219124,0.06531911570345983,7.8100000000000005,10.1,781,1010,0.0002187972805538371,-1
literature_logconcave,0.1,riemannian,0.02,15.0,750,623.5714279787117,-1.6802819251380883,9.573797455253441e-06,9.573797455253441e-06,1,1,1,0,0,-3.948214311044751e-07,1.0,0.027431779777643498,113.0568738660144,0.03276312991511077,13.84,inf,692,-1,0.016735948735245754,-1
literature_logconcave,0.1,riemannian,0.05,15.0,300,623.5714279787117,10.720576396634163,12.400867895569707,12.400867895569707,1,1,0,0,1,73944.28686162949,119.26322832571275,1.5670840909314252e-05,100.6738619529152,0.013225998816778883,inf,inf,-1,-1,12.830868901240459,-1
literature_logconcave,0.1,riemannian,0.1,15.0,150,623.5714279787117,1097505.5620048465,1097507.2422963455,625.2517194776472,1,0,0,0,1,2034810.4409558573,3255.3859977798943,6.139381370090823e-11,95.3744655002175,0.006583537993719801,inf,inf,-1,-1,2865.8003007963366,-1
literature_logconcave,0.1,riemannian,0.2,15.0,75,623.5714279787117,41513993.18245917,41513994.862750664,625.2517194776472,0,0,0,0,1,41513369.61103119,66395.65085471915,1.050464512464848e-21,4.846744115698943,4.691700451076031e-05,inf,inf,-1,-1,inf,1
literature_logconcave,0.1,riemannian,0.5,15.0,30,623.5714279787117,1863306012.834309,1863306014.5146005,625.2517194776472,0,0,0,0,1,1863305389.262881,2980089.388752515,-1.7305300460921018e-22,6.464504502655387,4.73329855594784e-05,inf,inf,-1,-1,inf,1
literature_logconcave,0.1,riemannian,1.0,15.0,15,623.5714279787117,31193195553.522717,31193195555.203007,625.2517194776472,0,0,0,0,1,31193194929.95129,49889020.0274262,-5.945543902137624e-22,10.44745461621294,4.8250018153339624e-05,inf,inf,-1,-1,inf,1
literature_logconcave,0.1,riemannian,2.0,15.0,8,623.5714279787117,510417269520.7726,510417269522.4529,625.2517194776472,0,0,0,0,1,510417268897.2012,816338849.8137515,-7.607539536093397e-22,27.287326989457277,4.616600926965475e-05,inf,inf,-1,-1,inf,1
literature_logconcave,0.1,riemannian,5.0,15.0,3,623.5714279787117,20207226008967.457,20207226008969.137,625.2517194776472,0,0,0,0,1,20207226008343.887,32318545282.611652,-2.5787889110131663e-20,486.1972531547856,4.704197635874152e-05,inf,inf,-1,-1,inf,1
literature_logconcave,0.1,riemannian,10.0,15.0,2,623.5714279787117,324760208637201.44,324760208637203.1,625.2517194776472,0,0,0,0,1,324760208636577.9,519407141988.37695,-3.0957932209376416e-18,59096.94224381466,4.612500197254121e-05,inf,inf,-1,-1,inf,1
literature_logconcave,0.1,kl,0.001,15.0,15000,623.5714279787117,-1.680291497382329,1.5532144459484698e-09,1.5532144459484698e-09,1,1,1,1,0,-3.1112890042095387e-12,1.0,0.23517100420179934,113.05812274062416,0.6351731814793311,9.467,11.768,9467,11768,2.574064811580609e-05,-1
literature_logconcave,0.1,kl,0.002,15.0,7500,623.5714279787117,-1.6802914977555332,1.1800103116854643e-09,1.1800103116854643e-09,1,1,1,1,0,-4.7339909770016675e-12,1.0,0.24929998438845768,113.0581157733009,0.3078451808250975,9.334,11.634,4667,5817,5.3414680165332396e-05,-1
literature_logconcave,0.1,kl,0.005,15.0,3000,623.5714279787117,-1.6802914986009376,3.3460589854428235e-10,3.3460589854428235e-10,1,1,1,1,0,-3.3704150581570502e-12,1.0,0.33300740041646953,113.05809455235054,0.12505603465251625,8.71,11.01,1742,2202,0.00014321740015731308,-1
literature_logconcave,0.1,kl,0.01,15.0,1500,623.5714279787117,-1.6802914988825224,5.3021143031628526e-11,5.3021143031628526e-11,1,1,1,1,0,-1.0729195309977513e-12,1.0,1.003297565023038,113.05805801219631,0.06557278853142634,7.78,10.09,778,1009,0.00022272372143392915,-1
literature_logconcave,0.1,kl,0.02,15.0,750,623.5714279787117,-1.6802914935512947,5.384248824569227e-09,5.384248824569227e-09,1,1,1,1,0,-2.2198842763998528e-10,1.0,0.1536778757576931,113.05797990133817,0.03223454690305516,10.14,12.42,507,621,0.00062967767495634,-1
literature_logconcave,0.1,kl,0.05,15.0,300,623.5714279787117,-0.16391968347815844,1.516371815457385,1.516371815457385,1,0,0,0,3,20264193.425296064,39753.81241312133,0.0010599932847210577,102.52930365961126,0.012591244012583047,inf,inf,-1,-1,6.434290896836282,-1
literature_logconcave,0.1,kl,0.1,15.0,150,623.5714279787117,4.850769901196328e+65,4.850769901196328e+65,625.2517194776472,0,0,0,0,5,4.850769901196328e+65,7.758107255184836e+62,4.075755210098524e-18,6.288472974571774,0.00021870902855880558,inf,inf,-1,-1,inf,5
literature_logconcave,0.1,kl,0.2,15.0,75,623.5714279787117,1.2915268670315435e+58,1.2915268670315435e+58,625.2517194776472,0,0,0,0,4,1.2915268670315435e+58,2.0656110599912005e+55,1.4162927064815538e-15,7.9528718703976455,0.00017545802984386683,inf,inf,-1,-1,inf,4
literature_logconcave,0.1,kl,0.5,15.0,30,623.5714279787117,2.6019749049457637e+87,2.6019749049457637e+87,625.2517194776472,0,0,0,0,4,2.6019749049457637e+87,4.1614838054656235e+84,1.7290932127983886e-22,17.419354838709676,0.0001754170225467533,inf,inf,-1,-1,inf,4
literature_logconcave,0.1,kl,1.0,15.0,15,623.5714279787117,1.6321419106229263e+54,1.6321419106229263e+54,625.2517194776472,0,0,0,0,3,1.6321419106229263e+54,2.6103757251342923e+51,1.6652172250282142e-13,25.00000000000008,0.00013420695904642344,inf,inf,-1,-1,inf,3
literature_logconcave,0.1,kl,2.0,15.0,8,623.5714279787117,3.4588106902506975e+65,3.4588106902506975e+65,625.2517194776472,0,0,0,0,3,3.4588106902506975e+65,5.531869137665523e+62,8.348830397768704e-16,52.94117647058824,0.00013295799726620317,inf,inf,-1,-1,inf,3
literature_logconcave,0.1,kl,5.0,15.0,3,623.5714279787117,3.5129163148585663e+81,3.5129163148585663e+81,625.2517194776472,0,0,0,0,3,3.5129163148585663e+81,5.6184032853094034e+78,6.684791774413803e-19,89.99999999999999,0.0001327489735558629,inf,inf,-1,-1,inf,3
literature_logconcave,0.1,kl,10.0,15.0,2,623.5714279787117,2.1038643253409835e+40,2.1038643253409835e+40,625.2517194776472,1,0,0,0,2,2.1038643253409835e+40,3.3648277322589545e+37,2.2748092312901487e-08,83.4482760178704,8.862599497660995e-05,inf,inf,-1,-1,34324815082.8384,-1
literature_logconcave,1.0,riemannian,0.001,15.0,15000,621.4137056388801,-0.5289989505766309,1.8618896424626996e-09,1.8618896424626996e-09,1,1,1,1,0,-3.729350162018363e-12,1.0,0.2200881421099239,11.454965525657549,0.6675256466551218,9.558,11.859,9558,11859,3.7854902256763347e-06,-1
literature_logconcave,1.0,riemannian,0.002,15.0,7500,621.4137056388801,-0.5289989507632686,1.6752519371721064e-09,1.6752519371721064e-09,1,1,1,1,0,-6.721068146475773e-12,1.0,0.22410594094714678,11.454965577791697,0.3261450000863988,9.508000000000001,11.808,4754,5904,8.872729712628427e-06,-1
literature_logconcave,1.0,riemannian,0.005,15.0,3000,621.4137056388801,-0.5289989516429238,7.95596810654331e-10,7.95596810654331e-10,1,1,1,1,0,-8.015699215491168e-12,1.0,0.2570727961173905,11.45496574388757,0.12977448597666807,9.145,11.445,1829,2289,3.793737424825391e-05,-1
literature_logconcave,1.0,riemannian,0.01,15.0,1500,621.4137056388801,-0.5289989524309701,7.550515768173227e-12,7.550515768173227e-12,1,1,1,1,0,-1.5332179970073412e-13,1.0,0.33163774041638533,11.454966012289894,0.06564961766707711,6.8500000000000005,9.14,685,914,9.7076539472427e-05,-1
literature_logconcave,1.0,riemannian,0.02,15.0,750,621.4137056388801,-0.5289892831345382,9.669303982384747e-06,9.669303982384747e-06,1,1,1,1,0,-3.987605172728337e-07,1.0,0.027457878920591806,11.454798921312886,0.033286816120380536,13.86,inf,693,-1,0.007189447494741803,-1
literature_logconcave,1.0,riemannian,0.05,15.0,300,621.4137056388801,11.764578337934065,12.293577290372586,12.293577290372586,1,1,0,0,1,72814.87105696468,118.0764935731687,1.567038880128689e-05,10.068175407897758,0.013455090025672689,inf,inf,-1,-1,5.624698987439517,-1
literature_logconcave,1.0,riemannian,0.1,15.0,150,621.4137056388801,1086205.799330674,1086206.3283296265,621.9427045913186,1,0,0,0,1,2007137.4377161155,3228.2063373345854,6.139027129611718e-11,9.537848184320788,0.006645789108006284,inf,inf,-1,-1,903.0014056306497,-1
literature_logconcave,1.0,riemannian,0.2,15.0,75,621.4137056388801,40981581.06801888,40981581.59701784,621.9427045913186,0,0,0,0,1,40980959.654313244,65892.85684112497,2.6650200854428152e-21,4.510565645411914,4.75000124424696e-05,inf,inf,-1,-1,inf,1
literature_logconcave,1.0,riemannian,0.5,15.0,30,621.4137056388801,1840216076.188837,1840216076.717836,621.9427045913186,0,0,0,0,1,1840215454.7751315,2958819.298197332,3.2237426623547815e-22,5.401166091440423,4.891600110568106e-05,inf,inf,-1,-1,inf,1
literature_logconcave,1.0,riemannian,1.0,15.0,15,621.4137056388801,30810976168.946938,30810976169.475937,621.9427045913186,0,0,0,0,1,30810975547.533234,49539894.81992874,-1.8347358806342652e-21,7.293148786831452,4.7250010538846254e-05,inf,inf,-1,-1,inf,1
literature_logconcave,1.0,riemannian,2.0,15.0,8,621.4137056388801,504197794348.1013,504197794348.6303,621.9427045913186,0,0,0,0,1,504197793726.6876,810682062.2326312,2.2843572002929955e-21,13.29750480671527,4.66250057797879e-05,inf,inf,-1,-1,inf,1
literature_logconcave,1.0,riemannian,5.0,15.0,3,621.4137056388801,19961819245285.02,19961819245285.547,621.9427045913186,0,0,0,0,1,19961819244663.605,32095913494.80102,-2.6747834844535846e-20,80.60006702545896,4.7250010538846254e-05,inf,inf,-1,-1,inf,1
literature_logconcave,1.0,riemannian,10.0,15.0,2,621.4137056388801,320820529426910.06,320820529426910.56,621.9427045913186,0,0,0,0,1,320820529426288.6,515836148665.37134,3.78480335827979e-19,1624.0927011271187,4.6792003558948636e-05,inf,inf,-1,-1,inf,1
literature_logconcave,1.0,kl,0.001,15.0,15000,621.4137056388801,-0.528998950849783,1.5887375859335862e-09,1.5887375859335862e-09,1,1,1,1,0,-3.1823432777855487e-12,1.0,0.22752282349002262,11.454965436487546,0.6081228432594799,9.479000000000001,11.78,9479,11780,1.1259582899740769e-05,-1
literature_logconcave,1.0,kl,0.002,15.0,7500,621.4137056388801,-0.5289989512451458,1.1933747323666921e-09,1.1933747323666921e-09,1,1,1,1,0,-4.7878367936959876e-12,1.0,0.240575321744948,11.454965397677874,0.3090138831175864,9.34,11.638,4670,5819,2.337657145009039e-05,-1
literature_logconcave,1.0,kl,0.005,15.0,3000,621.4137056388801,-0.5289989521412242,2.972964097125441e-10,2.972964097125441e-10,1,1,1,1,0,-2.9953817204386723e-12,1.0,0.3164872091295926,11.454965272051009,0.1248834190191701,8.655,10.950000000000001,1731,2190,6.28818622896289e-05,-1
literature_logconcave,1.0,kl,0.01,15.0,1500,621.4137056388801,-0.5289989524343782,4.1423531271789216e-12,4.1423531271789216e-12,1,1,1,1,0,-8.393286066166183e-14,1.0,0.9061361921915192,11.45496501918688,0.06205869442783296,6.54,8.84,654,884,9.934617132425458e-05,-1
literature_logconcave,1.0,kl,0.02,15.0,750,621.4137056388801,-0.528998946277623,6.1608975698845825e-09,6.1608975698845825e-09,1,1,1,1,0,-2.5403135150980916e-10,1.0,0.15653638899350192,11.454964265142095,0.03419057128485292,10.22,12.5,511,625,0.0002808430127212344,-1
literature_logconcave,1.0,kl,0.05,15.0,300,621.4137056388801,1.222745682655931,1.7517446350944517,1.7517446350944517,1,0,0,0,3,15971436.654592238,32648.82316689164,0.0010525363954655075,10.231899686901903,0.0130765451467596,inf,inf,-1,-1,3.0522231745387187,-1
literature_logconcave,1.0,kl,0.1,15.0,150,621.4137056388801,3.1001490496172977e+65,3.1001490496172977e+65,621.9427045913186,0,0,0,0,5,3.1001490496172977e+65,4.984621616639783e+62,4.5405190905969184e-18,5.1776396796666795,0.00021808297606185079,inf,inf,-1,-1,inf,5
literature_logconcave,1.0,kl,0.2,15.0,75,621.4137056388801,1.065171628784329e+58,1.065171628784329e+58,621.9427045913186,0,0,0,0,4,1.065171628784329e+58,1.7126523406754294e+55,1.4814318908897088e-15,5.802552048354595,0.00017524900613352656,inf,inf,-1,-1,inf,4
literature_logconcave,1.0,kl,0.5,15.0,30,621.4137056388801,2.1717842949822365e+87,2.1717842949822365e+87,621.9427045913186,0,0,0,0,4,2.1717842949822365e+87,3.49193628118739e+84,1.803780645947327e-22,7.714285714285712,0.0001735830446705222,inf,inf,-1,-1,inf,4
literature_logconcave,1.0,kl,1.0,15.0,15,621.4137056388801,1.5042628936026556e+54,1.5042628936026556e+54,621.9427045913186,0,0,0,0,3,1.5042628936026556e+54,2.4186518830397948e+51,1.6949672790417907e-13,8.421052631579036,0.00013012599083594978,inf,inf,-1,-1,inf,3
literature_logconcave,1.0,kl,2.0,15.0,8,621.4137056388801,3.196965743337455e+65,3.196965743337455e+65,621.9427045913186,0,0,0,0,3,3.196965743337455e+65,5.140289804409227e+62,8.493732347326903e-16,9.473684210526315,0.0001312929962296039,inf,inf,-1,-1,inf,3
literature_logconcave,1.0,kl,5.0,15.0,3,621.4137056388801,3.2560440622495667e+81,3.2560440622495667e+81,621.9427045913186,0,0,0,0,3,3.2560440622495667e+81,5.235279774507731e+78,6.79755920075126e-19,9.931034482758621,0.00013241698616184294,inf,inf,-1,-1,inf,3
literature_logconcave,1.0,kl,10.0,15.0,2,621.4137056388801,2.0349130614936905e+40,2.0349130614936905e+40,621.9427045913186,1,0,0,0,2,2.0349130614936905e+40,3.2718657948256525e+37,2.2887339499924977e-08,9.87755104237086,8.829100988805294e-05,inf,inf,-1,-1,32345605587.409992,-1
smooth_logconcave,0.01,riemannian,0.001,15.0,15000,17.372563787850115,-0.5636773672970827,2.036371071767462e-10,2.036371071767462e-10,1,1,1,1,0,-3.0242475190789264e-13,1.0,1.4563079430359511,19.66848929930851,35.949666460219305,6.882000000000001,9.506,6882,9506,1.0801342706234431e-07,-1
smooth_logconcave,0.01,riemannian,0.002,15.0,7500,17.372563787850115,-0.5636773672988218,2.0189805383097337e-10,2.0189805383097337e-10,1,1,1,1,0,-6.006306563222097e-13,1.0,1.4563077423386406,19.668489447061063,19.952778896898963,6.88,9.502,3440,4751,2.1550263836859153e-07,-1
smooth_logconcave,0.01,riemannian,0.005,15.0,3000,17.372563787850115,-0.5636773673039595,1.96760385762218e-10,1.96760385762218e-10,1,1,1,1,0,-1.467492793949532e-12,1.0,1.4563071441245883,19.66848988541679,7.4784876111662015,6.875,9.495000000000001,1375,1899,5.348437681206336e-07,-1
smooth_logconcave,0.01,riemannian,0.01,15.0,1500,17.372563787850115,-0.563677367312265,1.884548073149972e-10,1.884548073149972e-10,1,1,1,1,0,-2.8259616868808735e-12,1.0,1.4563061599458673,19.668490599871337,3.7459430094459094,6.86,9.48,686,948,1.056768083030972e-06,-1
smooth_logconcave,0.01,riemannian,0.02,15.0,750,17.372563787850115,-0.5636773673279458,1.7277401731519149e-10,1.7277401731519149e-10,1,1,1,1,0,-5.2382542747864136e-12,1.0,1.4563042391429355,19.668491969741435,1.9363154751481488,6.84,9.44,342,472,2.0627734209828726e-06,-1
smooth_logconcave,0.01,riemannian,0.05,15.0,300,17.372563787850115,-0.563677367368258,1.3246181929105205e-10,1.3246181929105205e-10,1,1,1,1,0,-1.0377254611171338e-11,1.0,1.4562988450395473,19.668495635874784,0.7867047949694097,6.800000000000001,9.35,136,187,4.794092371130198e-06,-1
smooth_logconcave,0.01,riemannian,0.1,15.0,150,17.372563787850115,-0.5636773674171502,8.356959568800448e-11,8.356959568800448e-11,1,1,1,1,0,-1.3865353309938655e-11,1.0,1.4562910033066137,19.66850044825057,0.38614083314314485,6.7,9.200000000000001,67,92,8.492268209955384e-06,-1
smooth_logconcave,0.01,riemannian,0.2,15.0,75,17.372563787850115,-0.5636773674698272,3.0892621794009756e-11,3.0892621794009756e-11,1,1,1,1,0,-1.1590728377086634e-11,1.0,1.4562790573499171,19.668506386880367,0.20914949898724444,6.4,8.8,32,44,1.3368332724916354e-05,-1
smooth_logconcave,0.01,riemannian,0.5,15.0,30,17.372563787850115,-0.5636773675000077,7.120970479945754e-13,7.120970479945754e-13,1,1,1,1,0,-1.0516032489249483e-12,1.0,1.456263186294965,19.668510559273795,0.07901266697444953,6.0,8.0,12,16,1.764678478306232e-05,-1
smooth_logconcave,0.01,riemannian,1.0,15.0,15,17.372563787850115,-0.5636773675007196,2.220446049250313e-16,-2.220446049250313e-16,1,1,1,1,0,4.440892098500626e-16,1.0,1.0855609104263515,19.668510573685147,0.03432170793530531,5.0,6.0,5,6,1.7908105000320083e-05,-1
smooth_logconcave,0.01,riemannian,2.0,15.0,8,17.372563787850115,496.9137458046699,497.4774231721706,15.770846842927813,1,0,0,0,4,341.19271357785647,27.735879489095765,4.0,20.162850288315948,0.02157149897539057,inf,inf,-1,-1,76.96632233105657,-1
smooth_logconcave,0.01,riemannian,5.0,15.0,3,17.372563787850115,inf,inf,17.936241155350835,0,0,0,0,2,inf,inf,6.297260362576133e-20,218.39179296664884,0.004563583031995222,inf,inf,-1,-1,inf,2
smooth_logconcave,0.01,riemannian,10.0,15.0,2,17.372563787850115,inf,inf,17.936241155350835,0,0,0,0,2,inf,inf,1.6543147893702992e-147,11923.74380879691,0.00571845902595669,inf,inf,-1,-1,inf,2
smooth_logconcave,0.01,kl,0.001,15.0,15000,17.372563787850115,-0.5636773672929543,2.0776558251611732e-10,2.0776558251611732e-10,1,1,1,1,0,-3.0819791163594346e-13,1.0,1.4563084354254452,19.668488986465682,53.64996080426499,6.884,9.512,6884,9512,9.434846081251674e-08,-1
smooth_logconcave,0.01,kl,0.002,15.0,7500,17.372563787850115,-0.5636773672905506,2.1016921536443078e-10,2.1016921536443078e-10,1,1,1,1,0,-6.232792060245629e-13,1.0,1.4563087279066134,19.668488821174986,23.527210026804823,6.884,9.514,3442,4757,1.8849777604226838e-07,-1
smooth_logconcave,0.01,kl,0.005,15.0,3000,17.372563787850115,-0.5636773672831732,2.1754664736306495e-10,2.1754664736306495e-10,1,1,1,1,0,-1.6133760993852775e-12,1.0,1.4563096140262437,19.66848831905656,10.389241923461668,6.885,9.52,1377,1904,4.69762551335438e-07,-1
smooth_logconcave,0.01,kl,0.01,15.0,1500,17.372563787850115,-0.5636773672703017,2.3041812902135916e-10,2.3041812902135916e-10,1,1,1,1,0,-3.4161562467716067e-12,1.0,1.4563111201419834,19.66848746111043,5.119103019096656,6.890000000000001,9.53,689,953,9.346562365318361e-07,-1
smooth_logconcave,0.01,kl,0.02,15.0,750,17.372563787850115,-0.5636773672422779,2.584419345197375e-10,2.584419345197375e-10,1,1,1,1,0,-7.66187113754313e-12,1.0,1.456314244542016,19.668485663869745,2.197781484632287,6.9,9.56,345,478,1.8503701828726482e-06,-1
smooth_logconcave,0.01,kl,0.05,15.0,300,17.372563787850115,-0.5636773671371405,3.6357938881792506e-10,3.6357938881792506e-10,1,1,1,1,0,-2.6945334852257474e-11,1.0,1.4563245663084001,19.66847957395673,0.806113047117833,6.9,9.65,138,193,4.494596343113905e-06,-1
smooth_logconcave,0.01,kl,0.1,15.0,150,17.372563787850115,-0.5636773668686135,6.321063672487526e-10,6.321063672487526e-10,1,1,1,1,0,-9.386313948311908e-11,1.0,1.4563452939522064,19.66846675754202,0.4403846178611275,7.0,9.8,70,98,8.624029195572322e-06,-1
smooth_logconcave,0.01,kl,0.2,15.0,75,17.372563787850115,-0.5636773657219947,1.7787251671563808e-09,1.7787251671563808e-09,1,1,1,1,0,-5.312714712601974e-10,1.0,1.456403024396122,19.668428221306627,0.20059911903808825,7.2,10.200000000000001,36,51,1.63467615950806e-05,-1
smooth_logconcave,0.01,kl,0.5,15.0,30,17.372563787850115,-0.5636773432476923,2.4253027586240705e-08,2.4253027586240705e-08,1,1,1,1,0,-1.8314751715209354e-08,1.0,1.4567870233506595,19.668132346295074,0.08267495897598565,8.0,12.0,16,24,4.5965213418517984e-05,-1
smooth_logconcave,0.01,kl,1.0,15.0,15,17.372563787850115,-0.5636768817375577,4.857631621391079e-07,4.857631621391079e-07,1,1,1,1,0,-7.328633255809791e-07,1.0,1.45861519448959,19.666264666331287,0.04469370807055384,10.0,15.0,10,15,0.0001813199853893608,-1
smooth_logconcave,0.01,kl,2.0,15.0,8,17.372563787850115,712.0328408927057,712.5965182602065,15.892282506651789,1,0,0,0,7,182.55654098449543,39.729423355105865,4.0,19.98781264216509,0.022426417999668047,inf,inf,-1,-1,92.65512560799847,-1
smooth_logconcave,0.01,kl,5.0,15.0,3,17.372563787850115,inf,inf,17.936241155350835,0,0,0,0,3,inf,inf,4.0,19.636361986638168,0.007791624986566603,inf,inf,-1,-1,671.2139900635186,-1
smooth_logconcave,0.01,kl,10.0,15.0,2,17.372563787850115,inf,inf,17.936241155350835,0,0,0,0,2,inf,inf,4.0,19.359994274759128,0.005743750021792948,inf,inf,-1,-1,786.6266061717463,-1
smooth_logconcave,0.1,riemannian,0.001,15.0,15000,15.678286127681734,-0.493319683873245,2.931173082032501e-10,2.931173082032501e-10,1,1,1,1,0,-4.2876813211023546e-13,1.0,1.4648107216174207,17.125017022789205,47.853600189933786,6.881,9.603,6881,9603,1.0141920413918762e-07,-1
smooth_logconcave,0.1,riemannian,0.002,15.0,7500,15.678286127681734,-0.4933196838756424,2.9071989260387454e-10,2.9071989260387454e-10,1,1,1,1,0,-8.517631044924201e-13,1.0,1.4648104916856148,17.12501705797635,22.28433067566948,6.88,9.6,3440,4800,2.0236375349872363e-07,-1
smooth_logconcave,0.1,riemannian,0.005,15.0,3000,15.678286127681734,-0.49331968388273095,2.8363134063624784e-10,2.8363134063624784e-10,1,1,1,1,0,-2.084776795641119e-12,1.0,1.4648098061190944,17.125017161214604,9.067963963054353,6.875,9.59,1375,1918,5.023658635651617e-07,-1
smooth_logconcave,0.1,riemannian,0.01,15.0,1500,15.678286127681734,-0.49331968389420555,2.72156741587537e-10,2.72156741587537e-10,1,1,1,1,0,-4.022115973612017e-12,1.0,1.4648086775211508,17.125017325663116,4.322908536501927,6.86,9.57,686,957,9.930287903039816e-07,-1
smooth_logconcave,0.1,riemannian,0.02,15.0,750,15.678286127681734,-0.4933196839159313,2.5043100926325224e-10,2.5043100926325224e-10,1,1,1,1,0,-7.482015007553855e-12,1.0,1.4648064722482994,17.125017626933243,2.139957981329644,6.84,9.540000000000001,342,477,1.940054343837116e-06,-1
smooth_logconcave,0.1,riemannian,0.05,15.0,300,15.678286127681734,-0.4933196839722054,1.94156912769472e-10,1.94156912769472e-10,1,1,1,1,0,-1.4987788787834688e-11,1.0,1.4648002594238,17.12501832779133,0.8628864563652314,6.800000000000001,9.450000000000001,136,189,4.520910397174001e-06,-1
smooth_logconcave,0.1,riemannian,0.1,15.0,150,15.678286127681734,-0.49331968404151016,1.248521286356663e-10,1.248521286356663e-10,1,1,1,1,0,-2.0405455103400527e-11,1.0,1.4647911668236038,17.125019144563787,0.41641567094484344,6.7,9.3,67,93,8.044786687396767e-06,-1
smooth_logconcave,0.1,riemannian,0.2,15.0,75,15.678286127681734,-0.4933196841183498,4.8012482878334595e-11,4.8012482878334595e-11,1,1,1,1,0,-1.7733592372337625e-11,1.0,1.4647771284695894,17.125021310620916,0.2079074151115492,6.4,9.0,32,45,1.2780861341168437e-05,-1
smooth_logconcave,0.1,riemannian,0.5,15.0,30,15.678286127681734,-0.49331968416510685,1.255440196246127e-12,1.255440196246127e-12,1,1,1,1,0,-1.8165469128916811e-12,1.0,1.464757808361995,17.12503950412664,0.0866280420741532,6.0,8.0,12,16,1.7249480228576198e-05,-1
smooth_logconcave,0.1,riemannian,1.0,15.0,15,15.678286127681734,-0.49331968416636185,4.440892098500626e-16,4.440892098500626e-16,1,1,1,1,0,-1.5543122344752192e-15,1.0,1.3124817207683221,17.133455561425052,0.045234627032186836,5.0,6.0,5,6,1.7636664804178347e-05,-1
smooth_logconcave,0.1,riemannian,2.0,15.0,8,15.678286127681734,401.426569677867,401.91988936203336,13.700569402989334,1,0,0,0,4,280.9799946548967,24.8534310097744,3.4296302461572843,20.824504219755465,0.026186124043306336,inf,inf,-1,-1,82.55281955025718,-1
smooth_logconcave,0.1,riemannian,5.0,15.0,3,15.678286127681734,inf,inf,16.171605811848096,0,0,0,0,2,inf,inf,6.383255081471376e-20,218.38518878103804,0.007512416981626302,inf,inf,-1,-1,inf,2
smooth_logconcave,0.1,riemannian,10.0,15.0,2,15.678286127681734,inf,inf,16.171605811848096,0,0,0,0,2,inf,inf,-2.8556400961196518e-111,11923.022669732407,0.0068102079967502505,inf,inf,-1,-1,inf,2
smooth_logconcave,0.1,kl,0.001,15.0,15000,15.678286127681734,-0.4933196838673757,2.9898661324523346e-10,2.9898661324523346e-10,1,1,1,1,0,-4.369837824924616e-13,1.0,1.4648112950274288,17.12501697796839,45.12842084746808,6.884,9.609,6884,9609,9.469974917749872e-08,-1
smooth_logconcave,0.1,kl,0.002,15.0,7500,15.678286127681734,-0.49331968386388225,3.02480041014519e-10,3.02480041014519e-10,1,1,1,1,0,-8.844036614163997e-13,1.0,1.4648116394551365,17.125016968509087,22.75650841445895,6.884,9.612,3442,4806,1.8925976474857008e-07,-1
smooth_logconcave,0.1,kl,0.005,15.0,3000,15.678286127681734,-0.49331968385316594,3.1319635773741084e-10,3.1319635773741084e-10,1,1,1,1,0,-2.289723965986923e-12,1.0,1.4648126827334782,17.1250169387923,9.522046303318348,6.885,9.620000000000001,1377,1924,4.7211219735706275e-07,-1
smooth_logconcave,0.1,kl,0.01,15.0,1500,15.678286127681734,-0.49331968383449665,3.3186564607490254e-10,3.3186564607490254e-10,1,1,1,1,0,-4.851452573007009e-12,1.0,1.4648144552081503,17.12501688470998,4.378835012175841,6.890000000000001,9.64,689,964,9.408404334893678e-07,-1
smooth_logconcave,0.1,kl,0.02,15.0,750,15.678286127681734,-0.4933196837939513,3.7241099093421326e-10,3.7241099093421326e-10,1,1,1,1,0,-1.088884538091861e-11,1.0,1.464818129157977,17.1250167586621,2.1746671951259486,6.9,9.68,345,484,1.8686968331646698e-06,-1
smooth_logconcave,0.1,kl,0.05,15.0,300,15.678286127681734,-0.4933196836427802,5.235820665916435e-10,5.235820665916435e-10,1,1,1,1,0,-3.8298475502074325e-11,1.0,1.4648302386922636,17.12501622063041,0.898909379291581,6.95,9.8,139,196,4.585465609582567e-06,-1
smooth_logconcave,0.1,kl,0.1,15.0,150,15.678286127681734,-0.49331968326083486,9.055274308167327e-10,9.055274308167327e-10,1,1,1,1,0,-1.3275824883862697e-10,1.0,1.4648544378268542,17.125014668020153,0.45216137496754527,7.0,10.0,70,100,8.958264470286743e-06,-1
smooth_logconcave,0.1,kl,0.2,15.0,75,15.678286127681734,-0.49331968166161033,2.504751961396323e-09,2.504751961396323e-09,1,1,1,1,0,-7.381342204126895e-10,1.0,1.4649211410229126,17.125008016064854,0.21863266619038768,7.2,10.4,36,52,1.764126396442746e-05,-1
smooth_logconcave,0.1,kl,0.5,15.0,30,15.678286127681734,-0.49331965231556385,3.185079844314487e-08,3.185079844314487e-08,1,1,1,1,0,-2.3648215385918547e-08,1.0,1.4653499090545907,17.12492951667744,0.08499062695773318,8.0,12.0,16,24,5.418566131946244e-05,-1
smooth_logconcave,0.1,kl,1.0,15.0,15,15.678286127681734,-0.49331887703288024,8.07133482050304e-07,8.07133482050304e-07,1,1,1,1,0,-1.188919979133729e-06,1.0,1.4677549411115092,17.12434741571628,0.03926996001973748,10.0,15.0,10,15,0.0002394926151943313,-1
smooth_logconcave,0.1,kl,2.0,15.0,8,15.678286127681734,725.06196670022,725.5552863843864,13.807122008240057,1,0,0,0,7,191.9801680898796,44.86600123859127,4.0,19.987678487638348,0.021749707986600697,inf,inf,-1,-1,102.89336140835144,-1
smooth_logconcave,0.1,kl,5.0,15.0,3,15.678286127681734,30265.25019486702,30265.743514551188,16.171605811848096,1,0,0,0,3,28377.554991975194,1871.5360655388379,4.0,19.636348488884632,0.008621790999313816,inf,inf,-1,-1,619.0879884621492,-1
smooth_logconcave,0.1,kl,10.0,15.0,2,15.678286127681734,inf,inf,16.171605811848096,0,0,0,0,2,inf,inf,4.0,19.35994743188068,0.005663459014613181,inf,inf,-1,-1,710.2221483009164,-1
smooth_logconcave,1.0,riemannian,0.001,15.0,15000,13.520563787850111,-0.07492531721559947,8.967484532718117e-10,8.967484532718117e-10,1,1,1,1,0,-1.2503331703328513e-12,1.0,1.4712107440557767,7.942316931122075,45.131594371108804,6.885,10.001,6885,10001,1.1886883917401532e-07,-1
smooth_logconcave,1.0,riemannian,0.002,15.0,7500,13.520563787850111,-0.07492531722197948,8.903684456385008e-10,8.903684456385008e-10,1,1,1,1,0,-2.4855673075308005e-12,1.0,1.4712104265768366,7.943826070055199,22.34663495660061,6.884,9.998,3442,4999,2.373150312251428e-07,-1
smooth_logconcave,1.0,riemannian,0.005,15.0,3000,13.520563787850111,-0.0749253172408837,8.714642341089984e-10,8.714642341089984e-10,1,1,1,1,0,-6.101119609525085e-12,1.0,1.4712094791503898,7.9483772752036455,8.97697798727313,6.875,9.99,1375,1998,5.901295852839281e-07,-1
smooth_logconcave,1.0,riemannian,0.01,15.0,1500,13.520563787850111,-0.07492531727161467,8.407332607873741e-10,8.407332607873741e-10,1,1,1,1,0,-1.1832979041059843e-11,1.0,1.4712079167275425,7.956121271173138,4.706456522457302,6.87,9.97,687,997,1.1698128162890863e-06,-1
smooth_logconcave,1.0,riemannian,0.02,15.0,750,13.520563787850111,-0.0749253173302582,7.820897263144388e-10,7.820897263144388e-10,1,1,1,1,0,-2.2246871012043812e-11,1.0,1.4712048536103406,7.971936125510373,2.2126302042452153,6.84,9.94,342,497,2.298438695490271e-06,-1
smooth_logconcave,1.0,riemannian,0.05,15.0,300,13.520563787850111,-0.07492531748536391,6.26984020257737e-10,6.26984020257737e-10,1,1,1,1,0,-4.603339931463779e-11,1.0,1.4711961461285967,8.021833544511136,0.8758522957796231,6.800000000000001,9.850000000000001,136,197,5.448889261806293e-06,-1
smooth_logconcave,1.0,riemannian,0.1,15.0,150,13.520563787850111,-0.07492531768481925,4.2752867912554393e-10,4.2752867912554393e-10,1,1,1,1,0,-6.63296084724152e-11,1.0,1.4711831608619934,8.114119554065423,0.44198286804021336,6.7,9.700000000000001,67,97,9.981456938773048e-06,-1
smooth_logconcave,1.0,riemannian,0.2,15.0,75,13.520563787850111,-0.07492531792515411,1.8719381600362794e-10,1.8719381600362794e-10,1,1,1,1,0,-6.532285823368511e-11,1.0,1.4711623381688421,8.312091127185406,0.21203724804217927,6.4,9.4,32,47,1.68027782831156e-05,-1
smooth_logconcave,1.0,riemannian,0.5,15.0,30,13.520563787850111,-0.07492531810397085,8.377076810006656e-12,8.377076810006656e-12,1,1,1,1,0,-1.1156409129853273e-11,1.0,1.4711302291808885,9.253605470109633,0.08637479101889767,6.0,8.5,12,17,2.607724140233161e-05,-1
smooth_logconcave,1.0,riemannian,1.0,15.0,15,13.520563787850111,-0.07492531811206793,2.799982468104645e-13,2.799982468104645e-13,1,1,1,1,0,-2.4582558211250216e-12,1.0,1.4711231944281733,10.803731863864128,0.03945124999154359,7.0,9.0,7,9,2.7885112709527202e-05,-1
smooth_logconcave,1.0,riemannian,2.0,15.0,8,13.520563787850111,264.56897945838585,264.6439047764982,5.672668941368681,1,0,0,0,4,222.27095484618616,19.46556705050321,0.12193987348944617,25.803792202925585,0.02337087399791926,inf,inf,-1,-1,79.41388409054669,-1
smooth_logconcave,1.0,riemannian,5.0,15.0,3,13.520563787850111,inf,inf,13.595489105962459,0,0,0,0,2,inf,inf,-5.0629584872421005e-15,218.35183642590536,0.005283624981530011,inf,inf,-1,-1,inf,2
smooth_logconcave,1.0,riemannian,10.0,15.0,2,13.520563787850111,inf,inf,13.595489105962459,0,0,0,0,2,inf,inf,2.8356800396781493e-13,11919.381117641333,0.00624387402785942,inf,inf,-1,-1,inf,2
smooth_logconcave,1.0,kl,0.001,15.0,15000,13.520563787850111,-0.07492531719827555,9.140723733480627e-10,9.140723733480627e-10,1,1,1,1,0,-1.2734258092450546e-12,1.0,1.4712116036615133,7.9406164626209765,45.6875709410524,6.889,10.009,6889,10009,1.7148342240121703e-07,-1
smooth_logconcave,1.0,kl,0.002,15.0,7500,13.520563787850111,-0.0749253171872517,9.250962218487757e-10,9.250962218487757e-10,1,1,1,1,0,-2.5774937739697634e-12,1.0,1.471212147579784,7.9404208733654205,22.804895259498153,6.892,10.014,3446,5007,3.4344094066449203e-07,-1
smooth_logconcave,1.0,kl,0.005,15.0,3000,13.520563787850111,-0.07492531715344986,9.588980720565132e-10,9.588980720565132e-10,1,1,1,1,0,-6.679323760749867e-12,1.0,1.4712137951972517,7.939831984999468,8.892305022018263,6.9,10.03,1380,2006,8.621863148643339e-07,-1
smooth_logconcave,1.0,kl,0.01,15.0,1500,13.520563787850111,-0.07492531709460826,1.0177396703170416e-09,1.0177396703170416e-09,1,1,1,1,0,-1.4180878693537124e-11,1.0,1.4712165946734164,7.939338090117463,4.431686460797209,6.91,10.06,691,1006,1.736519978898132e-06,-1
smooth_logconcave,1.0,kl,0.02,15.0,750,13.520563787850111,-0.07492531696697591,1.1453720194509742e-09,1.1453720194509742e-09,1,1,1,1,0,-3.192845987598503e-11,1.0,1.4712223983633987,7.938021133220856,2.737948083784431,6.94,10.120000000000001,347,506,3.523141464709156e-06,-1
smooth_logconcave,1.0,kl,0.05,15.0,300,13.520563787850111,-0.07492531649222367,1.6201242569735541e-09,1.6201242569735541e-09,1,1,1,1,0,-1.1301470870250796e-10,1.0,1.471241535826558,7.935087432832157,1.0265381291683298,7.0,10.3,140,206,9.214262064689599e-06,-1
smooth_logconcave,1.0,kl,0.1,15.0,150,13.520563787850111,-0.0749253152952769,2.817071020899675e-09,2.817071020899675e-09,1,1,1,1,0,-3.935662906684456e-10,1.0,1.471279806153241,7.936360979062705,0.5035970442404505,7.1000000000000005,10.600000000000001,71,106,1.999298680416458e-05,-1
smooth_logconcave,1.0,kl,0.2,15.0,75,13.520563787850111,-0.07492531028719851,7.825149417328703e-09,7.825149417328703e-09,1,1,1,1,0,-2.1898762803118643e-09,1.0,1.471385349489768,7.95811565783386,0.22337154095293954,7.4,11.200000000000001,37,56,4.790008004750883e-05,-1
smooth_logconcave,1.0,kl,0.5,15.0,30,13.520563787850111,-0.07492521930783314,9.880451479205021e-08,9.880451479205021e-08,1,1,1,1,0,-6.881680869597062e-08,1.0,1.4720593608124724,8.154956015555088,0.12308874900918454,8.5,13.0,17,26,0.00021675390219009943,-1
smooth_logconcave,1.0,kl,1.0,15.0,15,13.520563787850111,-0.07492041365906066,4.904453287268851e-06,4.904453287268851e-06,1,1,1,1,0,-6.662701836912532e-06,1.0,1.4777320246631211,8.42417016968334,0.05183183497865684,12.0,inf,12,-1,0.0016328945220099767,-1
smooth_logconcave,1.0,kl,2.0,15.0,8,13.520563787850111,253.4570418162465,253.53196713435884,5.227302396762376,1,0,0,0,6,116.83791460008837,18.648241718877877,2.8338370398452595,19.832655199208947,0.027697668003384024,inf,inf,-1,-1,76.11460267875121,-1
smooth_logconcave,1.0,kl,5.0,15.0,3,13.520563787850111,13869.869066794676,13869.943992112789,13.595489105962459,1,0,0,0,3,13021.926472789555,1020.1872020941096,3.9998755450861756,19.636280321740987,0.01004512602230534,inf,inf,-1,-1,431.9176174394828,-1
smooth_logconcave,1.0,kl,10.0,15.0,2,13.520563787850111,13924.948623323991,13925.023548642104,13.595489105962459,1,0,0,0,2,13731.814044102446,1024.2385132385657,3.999864231387124,19.35971087628383,0.007915541995316744,inf,inf,-1,-1,469.39152621711474,-1
