target_name,lambda,method,dt,T,N,F0,F_final,gap_final,gap_min,spd_feasible,stable,monotone,accurate,num_energy_increases,max_energy_increase,max_gap_ratio,min_eig_C_min,max_eig_C_max,wall_time_total,time_to_gap_1e_minus_4,time_to_gap_1e_minus_6,iter_to_gap_1e_minus_4,iter_to_gap_1e_minus_6,terminal_accuracy_error,failed_at_step
gaussian_posterior,0.01,riemannian,0.001,15.0,15000,50.76,-1.3025850928042262,1.8981971550147136e-10,1.8981971550147136e-10,1,1,1,1,0,-3.8036240823657863e-13,1.0,0.5,99.99850939314446,0.9927523259999735,8.408,10.717,8408,10717,8.556136916860936e-07,-1
gaussian_posterior,0.01,riemannian,0.002,15.0,7500,50.76,-1.3025850928062606,1.8778534283114823e-10,1.8778534283114823e-10,1,1,1,1,0,-7.533973445106312e-13,1.0,0.5,99.9985176498094,0.41588496699997357,8.406,10.714,4203,5357,1.7079814416989897e-06,-1
gaussian_posterior,0.01,riemannian,0.005,15.0,3000,50.76,-1.302585092812248,1.8179791005934476e-10,1.8179791005934476e-10,1,1,1,1,0,-1.8318679906315083e-12,1.0,0.5,99.99854220857712,0.1809470490000269,8.4,10.705,1680,2141,4.2456860940469676e-06,-1
gaussian_posterior,0.01,riemannian,0.01,15.0,1500,50.76,-1.30258509282185,1.721958131639667e-10,1.721958131639667e-10,1,1,1,1,0,-3.496092304544618e-12,1.0,0.5,99.99858244187904,0.09596407899997406,8.39,10.69,839,1069,8.410990677057228e-06,-1
gaussian_posterior,0.01,riemannian,0.02,15.0,750,50.76,-1.3025850928397122,1.5433365696537749e-10,1.5433365696537749e-10,1,1,1,1,0,-6.363132243336622e-12,1.0,0.5,99.99866033662633,0.04938110900000847,8.38,10.66,419,533,1.650426949754528e-05,-1
gaussian_posterior,0.01,riemannian,0.05,15.0,300,50.76,-1.3025850928838343,1.1021161760993436e-10,1.1021161760993436e-10,1,1,1,1,0,-1.1906253760685104e-11,1.0,0.5,99.9988743434282,0.021903711000003767,8.35,10.600000000000001,167,212,3.895359405662259e-05,-1
gaussian_posterior,0.01,riemannian,0.1,15.0,150,50.76,-1.3025850929329816,6.106426475582794e-11,6.106426475582794e-11,1,1,1,1,0,-1.432365337450392e-11,1.0,0.5,99.99917121741862,0.011094282999999372,8.3,10.4,83,104,7.071433951403566e-05,-1
gaussian_posterior,0.01,riemannian,0.2,15.0,75,50.76,-1.3025850929775507,1.6495249610670726e-11,1.6495249610670726e-11,1,1,1,1,0,-9.278133816792433e-12,1.0,0.5,99.99958103357409,0.005545455000004473,8.0,10.200000000000001,40,51,0.00011625406436276414,-1
gaussian_posterior,0.01,riemannian,0.5,15.0,30,50.76,-1.3025850929939826,6.328271240363392e-14,6.328271240363392e-14,1,1,1,1,0,-1.9118040484045196e-13,1.0,0.5,99.99997747491115,0.0022382059999994652,7.5,9.5,15,19,0.00016466400973161243,-1
gaussian_posterior,0.01,riemannian,1.0,15.0,15,50.76,-1.302585092994046,0.0,0.0,1,1,1,1,0,0.0,1.0,0.5,100.0,0.001117916999998414,7.0,7.0,7,7,0.00016805964603848375,-1
gaussian_posterior,0.01,riemannian,2.0,15.0,8,50.76,-1.1976688707666394,0.10491622222740649,0.06270104554011935,1,1,0,0,3,0.08637505403455736,1.0,0.5,120.25404791166245,0.0006048350000007474,inf,inf,-1,-1,4.165067374898499,-1
gaussian_posterior,0.01,riemannian,5.0,15.0,3,50.76,97683.33474179782,97684.63732689082,52.06258509299404,1,0,0,0,2,97575.06321440356,1876.3947112170872,5.360482236949852e-11,268.579559369871,0.0002309999999994261,inf,inf,-1,-1,456.6162306592913,-1
gaussian_posterior,0.01,riemannian,10.0,15.0,2,50.76,inf,inf,52.06258509299404,0,0,0,0,2,inf,inf,0.0,36067.489855657026,0.00015583400000007686,inf,inf,-1,-1,inf,2
gaussian_posterior,0.01,kl,0.001,15.0,15000,50.76,-1.3025850928021674,1.9187851307833625e-10,1.9187851307833625e-10,1,1,1,1,0,-3.8391512191537913e-13,1.0,0.5,99.99848982480135,1.5490660569999486,8.411,10.721,8411,10721,5.133152677550045e-07,-1
gaussian_posterior,0.01,kl,0.002,15.0,7500,50.76,-1.302585092802146,1.9189982936040906e-10,1.9189982936040906e-10,1,1,1,1,0,-7.696066006701585e-13,1.0,0.5,99.99847847887463,0.9223955769999979,8.412,10.722,4206,5361,1.0268973095711678e-06,-1
gaussian_posterior,0.01,kl,0.005,15.0,3000,50.76,-1.3025850928019813,1.9206458645726343e-10,1.9206458645726343e-10,1,1,1,1,0,-1.9317880628477724e-12,1.0,0.5,99.99844401984659,0.37813899799998474,8.42,10.725,1684,2145,2.5692697425394057e-06,-1
gaussian_posterior,0.01,kl,0.01,15.0,1500,50.76,-1.3025850928013654,1.9268053819132547e-10,1.9268053819132547e-10,1,1,1,1,0,-3.898437128668775e-12,1.0,0.5,99.99838516411141,0.17390366599994778,8.43,10.73,843,1073,5.145456745475999e-06,-1
gaussian_posterior,0.01,kl,0.02,15.0,750,50.76,-1.3025850927987948,1.9525114858254256e-10,1.9525114858254256e-10,1,1,1,1,0,-7.987610572968151e-12,1.0,0.5,99.99826196022788,0.08627997400000531,8.44,10.76,422,538,1.0319831371500662e-05,-1
gaussian_posterior,0.01,kl,0.05,15.0,300,50.76,-1.3025850927790041,2.1504176217490567e-10,2.1504176217490567e-10,1,1,1,1,0,-2.2588597659023435e-11,1.0,0.5,99.99784524944623,0.03492167099998866,8.5,10.8,170,216,2.6042841431499633e-05,-1
gaussian_posterior,0.01,kl,0.1,15.0,150,50.76,-1.3025850926932918,3.007540883004367e-10,3.007540883004367e-10,1,1,1,1,0,-6.49076348224753e-11,1.0,0.5,99.99697113336018,0.017405167999983817,8.6,10.9,86,109,5.309158960352234e-05,-1
gaussian_posterior,0.01,kl,0.2,15.0,75,50.76,-1.3025850921622184,8.318274957730409e-10,8.318274957730409e-10,1,1,1,1,0,-3.702886886003398e-10,1.0,0.5,99.99435611553653,0.008407296000005005,8.8,11.200000000000001,44,56,0.00011196926045936646,-1
gaussian_posterior,0.01,kl,0.5,15.0,30,50.76,-1.302585076665904,1.6328141949628616e-08,1.6328141949628616e-08,1,1,1,1,0,-2.0407022516266693e-08,1.0,0.5,99.97445256263427,0.0034579200000006693,10.0,12.5,20,25,0.00037473477382677885,-1
gaussian_posterior,0.01,kl,1.0,15.0,15,50.76,-1.3025845348475722,5.581464737058894e-07,5.581464737058894e-07,1,1,1,1,0,-1.6700034188854573e-06,1.0,0.5,99.8506871438584,0.001635167999996412,12.0,15.0,12,15,0.0016311590348559554,-1
gaussian_posterior,0.01,kl,2.0,15.0,8,50.76,-1.3023028173465172,0.00028227564752869583,0.00028227564752869583,1,1,1,0,0,-0.0001332558764866043,1.0,0.5,99.25869894099851,0.0008922510000015649,inf,inf,-1,-1,0.2389616176975696,-1
gaussian_posterior,0.01,kl,5.0,15.0,3,50.76,18140.627023210403,18141.9296083034,52.06258509299404,1,0,0,0,3,16927.163597452436,348.4638647101049,0.5,81.50943396226414,0.0003402079999990093,inf,inf,-1,-1,190.72238519694437,-1
gaussian_posterior,0.01,kl,10.0,15.0,2,50.76,53354.5010958724,53355.80368096539,52.06258509299404,1,0,0,0,2,52555.04195063219,1024.8396921831948,0.5,71.1764705882353,0.00022791600000182655,inf,inf,-1,-1,327.0228940262347,-1
gaussian_posterior,0.1,riemannian,0.001,15.0,15000,55.35,-0.1512925464666215,3.0401459127915587e-11,3.0401459127915587e-11,1,1,1,1,0,-6.084022174945858e-14,1.0,0.5,9.999987845625466,1.2889893000001393,7.5,9.802,7500,9802,1.130083571676983e-07,-1
gaussian_posterior,0.1,riemannian,0.002,15.0,7500,55.35,-0.15129254646702495,2.9998004080766805e-11,2.9998004080766805e-11,1,1,1,1,0,-1.2034817586936697e-13,1.0,0.5,9.99998792688741,0.5818554930000559,7.498,9.798,3749,4899,2.2544002034242602e-07,-1
gaussian_posterior,0.1,riemannian,0.005,15.0,3000,55.35,-0.15129254646820722,2.8815727581843475e-11,2.8815727581843475e-11,1,1,1,1,0,-2.9054536554440347e-13,1.0,0.5,9.999988168046638,0.24339617699989802,7.49,9.790000000000001,1498,1958,5.592966825931811e-07,-1
gaussian_posterior,0.1,riemannian,0.01,15.0,1500,55.35,-0.15129254647008383,2.6939117603319573e-11,2.6939117603319573e-11,1,1,1,1,0,-5.470068842328146e-13,1.0,0.5,9.999988561328754,0.1741920829999799,7.48,9.77,748,977,1.1043913103869445e-06,-1
gaussian_posterior,0.1,riemannian,0.02,15.0,750,55.35,-0.15129254647350954,2.351341343853619e-11,2.351341343853619e-11,1,1,1,1,0,-9.694467451026867e-13,1.0,0.5,9.999989316234695,0.06916949599999711,7.46,9.74,373,487,2.1530307666544155e-06,-1
gaussian_posterior,0.1,riemannian,0.05,15.0,300,55.35,-0.15129254648155677,1.5466183889145668e-11,1.5466183889145668e-11,1,1,1,1,0,-1.6708856520608606e-12,1.0,0.5,9.999991342857234,0.025141458000002004,7.4,9.65,148,193,4.9850473386202485e-06,-1
gaussian_posterior,0.1,riemannian,0.1,15.0,150,55.35,-0.15129254648962187,7.401079749058681e-12,7.401079749058681e-12,1,1,1,1,0,-1.7359447213038948e-12,1.0,0.5,9.999994021932798,0.012957241999995261,7.300000000000001,9.4,73,94,8.775475993713222e-06,-1
gaussian_posterior,0.1,riemannian,0.2,15.0,75,55.35,-0.15129254649559098,1.431965657161527e-12,1.431965657161527e-12,1,1,1,1,0,-8.05244759760626e-13,1.0,0.5,9.99999738361101,0.00655229699999893,7.0,9.0,35,45,1.364837571820077e-05,-1
gaussian_posterior,0.1,riemannian,0.5,15.0,30,55.35,-0.1512925464970215,1.4432899320127035e-15,1.4432899320127035e-15,1,1,1,1,0,-3.552713678800501e-15,1.0,0.5,9.99999992541487,0.0025370429999949096,6.0,8.0,12,16,1.7557962072522036e-05,-1
gaussian_posterior,0.1,riemannian,1.0,15.0,15,55.35,-0.15129254649702273,2.220446049250313e-16,2.220446049250313e-16,1,1,1,1,0,0.0,1.0,0.5,9.999999999999998,0.0014289989999998198,4.0,5.0,4,5,1.7691243189083665e-05,-1
gaussian_posterior,0.1,riemannian,2.0,15.0,8,55.35,1.5944243072383715,1.7457168537353944,1.7457168537353944,1,1,0,0,3,0.05830047341208533,1.0,0.5,10.093929573235055,0.0006962489999988719,inf,inf,-1,-1,5.90620874056873,-1
gaussian_posterior,0.1,riemannian,5.0,15.0,3,55.35,97647.12683357086,97647.27812611735,55.50129254649703,0,0,0,0,2,97529.37139507737,1759.3694425100443,3.147784925729484e-20,109.19630006628846,0.00017670899999977507,inf,inf,-1,-1,inf,2
gaussian_posterior,0.1,riemannian,10.0,15.0,2,55.35,inf,inf,55.50129254649703,0,0,0,0,2,inf,inf,0.0,5961.915974083454,0.00018024999999965985,inf,inf,-1,-1,inf,2
gaussian_posterior,0.1,kl,0.001,15.0,15000,55.35,-0.1512925464665601,3.046285446117736e-11,3.046285446117736e-11,1,1,1,1,0,-6.084022174945858e-14,1.0,0.5,9.999987671866853,1.6390694869999543,7.501,9.803,7501,9803,9.588505397506622e-08,-1
gaussian_posterior,0.1,kl,0.002,15.0,7500,55.35,-0.15129254646690382,3.011912941275341e-11,3.011912941275341e-11,1,1,1,1,0,-1.2090328738167955e-13,1.0,0.5,9.99998757924546,0.6829843679999534,7.5,9.8,3750,4900,1.914769564365818e-07,-1
gaussian_posterior,0.1,kl,0.005,15.0,3000,55.35,-0.1512925464679119,2.911104690639377e-11,2.911104690639377e-11,1,1,1,1,0,-2.9320990080350384e-13,1.0,0.5,9.999987297939429,0.27021824099993097,7.495,9.795,1499,1959,4.7650767296629714e-07,-1
gaussian_posterior,0.1,kl,0.01,15.0,1500,55.35,-0.1512925464695194,2.7503554989039003e-11,2.7503554989039003e-11,1,1,1,1,0,-5.578870698741412e-13,1.0,0.5,9.999986817470697,0.12481891200000206,7.49,9.78,749,978,9.458136930463761e-07,-1
gaussian_posterior,0.1,kl,0.02,15.0,750,55.35,-0.1512925464724768,2.454614289604251e-11,2.454614289604251e-11,1,1,1,1,0,-1.0115241977359801e-12,1.0,0.5,9.99998581169375,0.06703114500002982,7.48,9.76,374,488,1.863425062534193e-06,-1
gaussian_posterior,0.1,kl,0.05,15.0,300,55.35,-0.15129254647953538,1.748756695008069e-11,1.748756695008069e-11,1,1,1,1,0,-1.8846035843012032e-12,1.0,0.5,9.99998240985148,0.02865054400001199,7.45,9.700000000000001,149,194,4.459103304187634e-06,-1
gaussian_posterior,0.1,kl,0.1,15.0,150,55.35,-0.15129254648660384,1.0419110019199707e-11,1.0419110019199707e-11,1,1,1,1,0,-2.404076937523314e-12,1.0,0.5,9.99997527387027,0.015156125000022058,7.4,9.600000000000001,74,96,8.333383413279861e-06,-1
gaussian_posterior,0.1,kl,0.2,15.0,75,55.35,-0.15129254648923407,7.788880651560248e-12,7.788880651560248e-12,1,1,1,1,0,-3.690714400761408e-12,1.0,0.5,9.999953925085626,0.009834542999982432,7.2,9.4,36,47,1.492169269999321e-05,-1
gaussian_posterior,0.1,kl,0.5,15.0,30,55.35,-0.15129254638143108,1.1559186940957034e-10,1.1559186940957034e-10,1,1,1,1,0,-1.4449741403410599e-10,1.0,0.5,9.999791400549428,0.0034952939999932653,7.0,9.5,14,19,3.570052843684889e-05,-1
gaussian_posterior,0.1,kl,1.0,15.0,15,55.35,-0.15129254253951752,3.9575054344709315e-09,3.9575054344709315e-09,1,1,1,1,0,-1.1870053384654966e-08,1.0,0.5,9.998779445868426,0.0013457920000021772,8.0,12.0,8,12,0.00013674318583503086,-1
gaussian_posterior,0.1,kl,2.0,15.0,8,55.35,-0.149060426784136,0.0022321197128869485,0.0022321197128869485,1,1,1,0,0,-1.7177117994648938e-05,1.0,0.5,9.993907083015992,0.001161041999999668,inf,inf,-1,-1,0.21187274440493256,-1
gaussian_posterior,0.1,kl,5.0,15.0,3,55.35,18141.664101816285,18141.81539436278,55.50129254649703,1,0,0,0,3,16927.271711804842,326.8719440932697,0.5,9.818181818181818,0.0002691670000025681,inf,inf,-1,-1,190.5007278000991,-1
gaussian_posterior,0.1,kl,10.0,15.0,2,55.35,53555.96009704942,53556.11138959592,55.50129254649703,1,0,0,0,2,52751.08780644327,964.9525070921276,0.5,9.68,0.0001710839999944369,inf,inf,-1,-1,332.7813302256673,-1
gaussian_posterior,1.0,riemannian,0.001,15.0,15000,101.25,1.0000000000196376,1.963762485956977e-11,1.963762485956977e-11,1,1,1,1,0,-3.930189507173054e-14,1.0,0.5,2.0,2.8167619739999203,7.282,9.584,7282,9584,4.575652046010388e-08,-1
gaussian_posterior,1.0,riemannian,0.002,15.0,7500,101.25,1.0000000000193645,1.936450999551198e-11,1.936450999551198e-11,1,1,1,1,0,-7.771561172376096e-14,1.0,0.5,2.0,1.446332851999916,7.28,9.58,3640,4790,9.125195283002633e-08,-1
gaussian_posterior,1.0,riemannian,0.005,15.0,3000,101.25,1.0000000000185658,1.8565815551596643e-11,1.8565815551596643e-11,1,1,1,1,0,-1.8696155734687636e-13,1.0,0.5,2.0,0.34247394399994846,7.2700000000000005,9.57,1454,1914,2.2618312132584492e-07,-1
gaussian_posterior,1.0,riemannian,0.01,15.0,1500,101.25,1.0000000000173008,1.730082743733874e-11,1.730082743733874e-11,1,1,1,1,0,-3.5127456499139953e-13,1.0,0.5,2.0,0.16728078799999224,7.26,9.55,726,955,4.459520846341731e-07,-1
gaussian_posterior,1.0,riemannian,0.02,15.0,750,101.25,1.0000000000150027,1.5002665776364665e-11,1.5002665776364665e-11,1,1,1,1,0,-6.188383139260623e-13,1.0,0.5,2.0,0.10353051100010902,7.24,9.52,362,476,8.668026547131423e-07,-1
gaussian_posterior,1.0,riemannian,0.05,15.0,300,101.25,1.000000000009672,9.672040945929439e-12,9.672040945929439e-12,1,1,1,1,0,-1.0447198661722723e-12,1.0,0.5,2.0,0.03478307299999983,7.15,9.4,143,188,1.989492944704915e-06,-1
gaussian_posterior,1.0,riemannian,0.1,15.0,150,101.25,1.0000000000044666,4.46664927267193e-12,4.46664927267193e-12,1,1,1,1,0,-1.0476064460362977e-12,1.0,0.5,2.0,0.017224460000008435,7.0,9.200000000000001,70,92,3.4542844411017497e-06,-1
gaussian_posterior,1.0,riemannian,0.2,15.0,75,101.25,1.0000000000007974,7.973621762857874e-13,7.973621762857874e-13,1,1,1,1,0,-4.4853010194856324e-13,1.0,0.5,2.0,0.01011808400002323,6.800000000000001,8.8,34,44,5.245832067049142e-06,-1
gaussian_posterior,1.0,riemannian,0.5,15.0,30,101.25,1.0000000000000004,4.440892098500626e-16,4.440892098500626e-16,1,1,1,1,0,-1.5543122344752192e-15,1.0,0.5,2.0,0.0037732100000056334,6.0,7.5,12,15,6.517162037562159e-06,-1
gaussian_posterior,1.0,riemannian,1.0,15.0,15,101.25,1.0,0.0,0.0,1,1,1,1,0,0.0,1.0,0.5,2.0,0.001582668000001064,4.0,4.0,4,4,6.548173120105751e-06,-1
gaussian_posterior,1.0,riemannian,2.0,15.0,8,101.25,53.242472615186124,52.242472615186124,52.242472615186124,1,1,0,0,4,350.0649057403514,4.491919259255376,0.27067056647322524,2.0,0.0009029159999975889,inf,inf,-1,-1,10.415791030096047,-1
gaussian_posterior,1.0,riemannian,5.0,15.0,3,101.25,343135.5652876171,343134.5652876171,100.25,1,0,0,0,3,241987.65573430978,3422.788681173238,5.360482236949852e-11,6.091246980351735,0.00031466699999782577,inf,inf,-1,-1,829.3892966675927,-1
gaussian_posterior,1.0,riemannian,10.0,15.0,2,101.25,439361192.379023,439361191.379023,100.25,0,0,0,0,2,439342302.7756878,4382655.275601227,8.9019014e-317,74.20657955128824,0.00020954200000034007,inf,inf,-1,-1,inf,2
gaussian_posterior,1.0,kl,0.001,15.0,15000,101.25,1.0000000000196585,1.9658497052432722e-11,1.9658497052432722e-11,1,1,1,1,0,-3.930189507173054e-14,1.0,0.5,2.0,2.3318252790000535,7.283,9.585,7283,9585,4.277784897899712e-08,-1
gaussian_posterior,1.0,kl,0.002,15.0,7500,101.25,1.000000000019406,1.940603233663296e-11,1.940603233663296e-11,1,1,1,1,0,-7.771561172376096e-14,1.0,0.5,2.0,0.7437218290000622,7.28,9.582,3640,4791,8.534898229764749e-08,-1
gaussian_posterior,1.0,kl,0.005,15.0,3000,101.25,1.0000000000186657,1.8665735623812907e-11,1.8665735623812907e-11,1,1,1,1,0,-1.8829382497642655e-13,1.0,0.5,2.0,0.3901704609998866,7.275,9.57,1455,1914,2.1183127077515557e-07,-1
gaussian_posterior,1.0,kl,0.01,15.0,1500,101.25,1.0000000000174898,1.748978739612994e-11,1.748978739612994e-11,1,1,1,1,0,-3.5504932327512506e-13,1.0,0.5,2.0,0.14738080799995856,7.26,9.56,726,956,4.185884382503357e-07,-1
gaussian_posterior,1.0,kl,0.02,15.0,750,101.25,1.000000000015339,1.5339063352826088e-11,1.5339063352826088e-11,1,1,1,1,0,-6.326050794314142e-13,1.0,0.5,2.0,0.08683850400000992,7.24,9.52,362,476,8.173480755839234e-07,-1
gaussian_posterior,1.0,kl,0.05,15.0,300,101.25,1.000000000010264,1.0264011862659572e-11,1.0264011862659572e-11,1,1,1,1,0,-1.1084466677857563e-12,1.0,0.5,2.0,0.029062132000031937,7.2,9.450000000000001,144,189,1.9037390898624635e-06,-1
gaussian_posterior,1.0,kl,0.1,15.0,150,101.25,1.000000000005138,5.1378901133602994e-12,5.1378901133602994e-12,1,1,1,1,0,-1.2021494910641195e-12,1.0,0.5,2.0,0.01461232700001247,7.1000000000000005,9.3,71,93,3.399161744856537e-06,-1
gaussian_posterior,1.0,kl,0.2,15.0,75,101.25,1.0000000000014586,1.4586110097525307e-12,1.4586110097525307e-12,1,1,1,1,0,-7.696066006701585e-13,1.0,0.5,2.0,0.007027503000010427,6.800000000000001,9.0,34,45,5.545542808837372e-06,-1
gaussian_posterior,1.0,kl,0.5,15.0,30,101.25,1.0000000000085003,8.500311565740049e-12,8.500311565740049e-12,1,1,1,1,0,-1.0627942970131699e-11,1.0,0.5,2.0,0.002854499000008559,6.5,8.5,13,17,1.0136765233205186e-05,-1
gaussian_posterior,1.0,kl,1.0,15.0,15,101.25,1.0000000002910299,2.910298668723499e-10,2.910298668723499e-10,1,1,1,1,0,-8.730571821047306e-10,1.0,0.5,2.0,0.00141891500000213,6.0,10.0,6,10,3.0190249512282042e-05,-1
gaussian_posterior,1.0,kl,2.0,15.0,8,101.25,1231.6601170598083,1230.6601170598083,100.25,1,0,0,0,8,431.9758325577865,12.275911392117788,0.5,2.0,0.0007549579999945877,inf,inf,-1,-1,49.61181324073815,-1
gaussian_posterior,1.0,kl,5.0,15.0,3,101.25,1349641.6817149804,1349640.6817149804,100.25,1,0,0,0,3,1268062.0910767708,13462.74994229407,0.5,2.0,0.0002941270000000884,inf,inf,-1,-1,1642.9526340641553,-1
gaussian_posterior,1.0,kl,10.0,15.0,2,101.25,1674213.811812565,1674212.811812565,100.25,1,0,0,0,2,1655362.809424027,16700.37717518768,0.5,2.0,0.00019570899999976632,inf,inf,-1,-1,1829.876877818626,-1
literature_logconcave,0.01,riemannian,0.001,15.0,15000,625.26570563888,-2.831584041641099,3.791467584335351e-09,3.791467584335351e-09,1,1,1,1,0,-7.59392548843607e-12,1.0,0.23000408327208735,1129.1517279952502,2.6300908529992704,9.906,12.214,9906,12214,2.691830862006859e-05,-1
literature_logconcave,0.01,riemannian,0.002,15.0,7500,625.26570563888,-2.8315840418181963,3.614370136517664e-09,3.614370136517664e-09,1,1,1,1,0,-1.4500400880024245e-11,1.0,0.23441964285400035,1129.1521728859477,0.7576656770003183,9.886000000000001,12.192,4943,6096,6.19892015330795e-05,-1
literature_logconcave,0.01,riemannian,0.005,15.0,3000,625.26570563888,-2.831584042623,2.809566357342419e-09,2.809566357342419e-09,1,1,1,1,0,-2.830669032505284e-11,1.0,0.27079871848801546,1129.1535015717677,0.29095849299996956,9.765,12.07,1953,2414,0.00025197818874486596,-1
literature_logconcave,0.01,riemannian,0.01,15.0,1500,625.26570563888,-2.8315840434500514,1.9825150410213155e-09,1.9825150410213155e-09,1,1,1,1,0,-4.0250913713180125e-11,1.0,0.33163984507540084,1129.1556990746558,0.1394487370001869,9.6,11.91,960,1191,0.0006082717045102382,-1
literature_logconcave,0.01,riemannian,0.02,15.0,750,625.26570563888,-2.8315751640335147,8.881399051752226e-06,8.881399051752226e-06,1,1,1,0,0,-3.66264308659936e-07,1.0,0.027422437735121645,1129.14727697754,0.07006807099998724,13.82,inf,691,-1,0.04888503106963148,-1
literature_logconcave,0.01,riemannian,0.05,15.0,300,625.26570563888,9.61382049539555,12.445404540828118,12.445404540828118,1,1,0,0,1,74304.18742873466,119.3004427006533,1.5670886049332874e-05,1006.6662634380815,0.027481081999937373,inf,inf,-1,-1,38.65671625672534,-1
literature_logconcave,0.01,riemannian,0.1,15.0,150,625.26570563888,1101088.8030997536,1101091.634683799,628.0972896843126,1,0,0,0,1,2043620.5768218776,3254.668835044679,6.13941673927972e-11,953.665950318577,0.014282960000024048,inf,inf,-1,-1,9080.389114072766,-1
literature_logconcave,0.01,riemannian,0.2,15.0,75,625.26570563888,41683431.701226935,41683434.53281098,628.0972896843126,0,0,0,0,1,41682806.4355213,66364.61455479525,9.459967246416225e-22,4.881710355478348,9.93749999977922e-05,inf,inf,-1,-1,inf,1
literature_logconcave,0.01,riemannian,0.5,15.0,30,625.26570563888,1870652703.8229704,1870652706.6545544,628.0972896843126,0,0,0,0,1,1870652078.5572648,2978284.9526301273,1.6421911642596008e-23,6.581729555453619,0.00013391600000289827,inf,inf,-1,-1,inf,1
literature_logconcave,0.01,riemannian,1.0,15.0,15,625.26570563888,31314800675.680866,31314800678.51245,628.0972896843126,0,0,0,0,1,31314800050.41516,49856608.51084321,6.772323461374277e-23,10.829790985282925,0.00012204200000098808,inf,inf,-1,-1,inf,1
literature_logconcave,0.01,riemannian,2.0,15.0,8,625.26570563888,512395961541.75104,512395961544.58264,628.0972896843126,0,0,0,0,1,512395960916.48535,815790754.0121969,-1.1809251437477116e-22,29.321093196228837,0.00010487499999811689,inf,inf,-1,-1,inf,1
literature_logconcave,0.01,riemannian,5.0,15.0,3,625.26570563888,20285299253584.367,20285299253587.2,628.0972896843126,0,0,0,0,1,20285299252959.1,32296428573.64147,2.6640595857789922e-21,581.9161479306952,0.00010087500000111049,inf,inf,-1,-1,inf,1
literature_logconcave,0.01,riemannian,10.0,15.0,2,625.26570563888,326013561953911.7,326013561953914.5,628.0972896843126,0,0,0,0,1,326013561953286.44,519049464642.2879,1.2987419959001595e-19,84656.60080562471,0.00010050000000205728,inf,inf,-1,-1,inf,1
literature_logconcave,0.01,kl,0.001,15.0,15000,625.26570563888,-2.831584041825532,3.6070346709493606e-09,3.6070346709493606e-09,1,1,1,1,0,-7.220890552162018e-12,1.0,0.23827744068246692,1129.1505611200341,2.135354289000624,9.878,12.187,9878,12187,7.126455254361416e-05,-1
literature_logconcave,0.01,kl,0.002,15.0,7500,625.26570563888,-2.8315840421340788,3.298487705194475e-09,3.298487705194475e-09,1,1,1,1,0,-1.3217871241977264e-11,1.0,0.25285057871102073,1129.1498359265538,0.9904176889999405,9.832,12.142,4916,6071,0.00014770434840755137,-1
literature_logconcave,0.01,kl,0.005,15.0,3000,625.26570563888,-2.831584042828786,2.6037803024792083e-09,2.6037803024792083e-09,1,1,1,1,0,-2.6133761821256485e-11,1.0,0.3397991033983638,1129.1476329272682,0.31358664699997263,9.705,12.02,1941,2404,0.00039300808138049043,-1
literature_logconcave,0.01,kl,0.01,15.0,1500,625.26570563888,-2.8315840429823087,2.450257774455622e-09,2.450257774455622e-09,1,1,1,1,0,-4.9314330397010053e-11,1.0,1.030262720780725,1129.143867681551,0.1473550069999945,9.66,11.99,966,1199,0.000596708376057718,-1
literature_logconcave,0.01,kl,0.02,15.0,750,625.26570563888,-2.8315840382982973,7.134269175423924e-09,7.134269175423924e-09,1,1,1,1,0,-2.921147768120136e-10,1.0,0.15253380186316684,1129.1359721958074,0.17032837499996845,10.26,12.540000000000001,513,627,0.001812710371943322,-1
literature_logconcave,0.01,kl,0.05,15.0,300,625.26570563888,-1.4037082662907092,1.4278757791418573,1.4278757791418573,1,0,0,0,3,21804873.823315278,42160.997828680986,0.001046703907333888,1026.3014000092976,0.033508999999966704,inf,inf,-1,-1,18.79477021890948,-1
literature_logconcave,0.01,kl,0.1,15.0,150,625.26570563888,5.590304991015886e+65,5.590304991015886e+65,628.0972896843126,0,0,0,0,5,5.590304991015886e+65,8.900380693929796e+62,3.938637676460096e-18,6.4263466045378665,0.0006782090000001517,inf,inf,-1,-1,inf,5
literature_logconcave,0.01,kl,0.2,15.0,75,625.26570563888,1.3733208672560272e+58,1.3733208672560272e+58,628.0972896843126,0,0,0,0,4,1.3733208672560272e+58,2.1864779387063917e+55,1.3961581866819346e-15,8.258932838816984,0.0004339169999951764,inf,inf,-1,-1,inf,4
literature_logconcave,0.01,kl,0.5,15.0,30,625.26570563888,2.7582124320236746e+87,2.7582124320236746e+87,628.0972896843126,0,0,0,0,4,2.7582124320236746e+87,4.391377701072357e+84,1.705703662040815e-22,19.926199261992597,0.0004341239999945401,inf,inf,-1,-1,inf,4
literature_logconcave,0.01,kl,1.0,15.0,15,625.26570563888,1.676109177452141e+54,1.676109177452141e+54,628.0972896843126,0,0,0,0,3,1.676109177452141e+54,2.6685502468806522e+51,1.6557074242907472e-13,31.12840466926071,0.00032470800000083955,inf,inf,-1,-1,inf,3
literature_logconcave,0.01,kl,2.0,15.0,8,625.26570563888,3.549270652191208e+65,3.549270652191208e+65,628.0972896843126,0,0,0,0,3,3.549270652191208e+65,5.650829434362157e+62,8.302269112950079e-16,97.82608695652178,0.0003209170000033623,inf,inf,-1,-1,inf,3
literature_logconcave,0.01,kl,5.0,15.0,3,625.26570563888,3.598864008093224e+81,3.598864008093224e+81,628.0972896843126,0,0,0,0,3,3.598864008093224e+81,5.72978751413184e+78,6.649362927493543e-19,464.51612903225805,0.0003250819999962573,inf,inf,-1,-1,inf,3
literature_logconcave,0.01,kl,10.0,15.0,2,625.26570563888,2.124952179385379e+40,2.124952179385379e+40,628.0972896843126,1,0,0,0,2,2.124952179385379e+40,3.3831576959254184e+37,2.2704322881228947e-08,327.0270272658453,0.00021691700000303626,inf,inf,-1,-1,27355969125.718414,-1
literature_logconcave,0.1,riemannian,0.001,15.0,15000,623.5714279787117,-1.680291497124451,1.8110926092163027e-09,1.8110926092163027e-09,1,1,1,1,0,-3.6273206660553114e-12,1.0,0.2271445597907505,113.05813506203063,1.87323646700046,9.544,11.845,9544,11845,8.896715174661323e-06,-1
literature_logconcave,0.1,riemannian,0.002,15.0,7500,623.5714279787117,-1.6802914973005878,1.6349557263595216e-09,1.6349557263595216e-09,1,1,1,1,0,-6.559641718695275e-12,1.0,0.2314467184530629,113.0581404512796,0.8803313050001051,9.496,11.796,4748,5898,2.0741661210541442e-05,-1
literature_logconcave,0.1,riemannian,0.005,15.0,3000,623.5714279787117,-1.6802914981288104,8.067331247474385e-10,8.067331247474385e-10,1,1,1,1,0,-8.128608897095546e-12,1.0,0.26684529230288406,113.05815660385193,0.3331937060000669,9.155,11.450000000000001,1831,2290,8.727581929152494e-05,-1
literature_logconcave,0.1,riemannian,0.01,15.0,1500,623.5714279787117,-1.680291498882731,5.2812421102998997e-11,5.2812421102998997e-11,1,1,1,1,0,-1.0720313525780512e-12,1.0,0.3316396540173334,113.05818339219141,0.21042630600000223,7.8100000000000005,10.1,781,1010,0.00021879728055559586,-1
literature_logconcave,0.1,riemannian,0.02,15.0,750,623.5714279787117,-1.6802819251380883,9.573797455253441e-06,9.573797455253441e-06,1,1,1,0,0,-3.948214311044751e-07,1.0,0.027431779777643498,113.05687386601429,0.09106325399992699,13.84,inf,692,-1,0.016735948735246534,-1
literature_logconcave,0.1,riemannian,0.05,15.0,300,623.5714279787117,10.720576396634163,12.400867895569707,12.400867895569707,1,1,0,0,1,73944.28686162949,119.26322832571275,1.5670840909314252e-05,100.6738619529152,0.03160545299994055,inf,inf,-1,-1,12.830868901240459,-1
literature_logconcave,0.1,riemannian,0.1,15.0,150,623.5714279787117,1097505.5620048465,1097507.2422963455,625.2517194776472,1,0,0,0,1,2034810.4409558573,3255.3859977798943,6.139381370090823e-11,95.3744655002175,0.014049949000039419,inf,inf,-1,-1,2865.8003007963366,-1
literature_logconcave,0.1,riemannian,0.2,15.0,75,623.5714279787117,41513993.18245917,41513994.862750664,625.2517194776472,0,0,0,0,1,41513369.61103119,66395.65085471915,1.050464512464848e-21,4.846744115698943,0.00010370800000458757,inf,inf,-1,-1,inf,1
literature_logconcave,0.1,riemannian,0.5,15.0,30,623.5714279787117,1863306012.834309,1863306014.5146005,625.2517194776472,0,0,0,0,1,1863305389.262881,2980089.388752515,-1.7305300460921018e-22,6.464504502655387,9.991600000347489e-05,inf,inf,-1,-1,inf,1
literature_logconcave,0.1,riemannian,1.0,15.0,15,623.5714279787117,31193195553.522717,31193195555.203007,625.2517194776472,0,0,0,0,1,31193194929.95129,49889020.0274262,-5.945543902137624e-22,10.44745461621294,9.916599999826303e-05,inf,inf,-1,-1,inf,1
literature_logconcave,0.1,riemannian,2.0,15.0,8,623.5714279787117,510417269520.7726,510417269522.4529,625.2517194776472,0,0,0,0,1,510417268897.2012,816338849.8137515,-7.607539536093397e-22,27.287326989457277,9.983300000016015e-05,inf,inf,-1,-1,inf,1
literature_logconcave,0.1,riemannian,5.0,15.0,3,623.5714279787117,20207226008967.457,20207226008969.137,625.2517194776472,0,0,0,0,1,20207226008343.887,32318545282.611652,-2.5787889110131663e-20,486.1972531547856,0.00010050000000205728,inf,inf,-1,-1,inf,1
literature_logconcave,0.1,riemannian,10.0,15.0,2,623.5714279787117,324760208637201.44,324760208637203.1,625.2517194776472,0,0,0,0,1,324760208636577.9,519407141988.37695,-3.0957932209376416e-18,59096.94224381466,9.991700000000492e-05,inf,inf,-1,-1,inf,1
literature_logconcave,0.1,kl,0.001,15.0,15000,623.5714279787117,-1.6802914973823293,1.5532142239038649e-09,1.5532142239038649e-09,1,1,1,1,0,-3.1112890042095387e-12,1.0,0.23517100420179934,113.05812274062305,1.9059038979999627,9.467,11.768,9467,11768,2.5740648125358596e-05,-1
literature_logconcave,0.1,kl,0.002,15.0,7500,623.5714279787117,-1.6802914977555332,1.1800103116854643e-09,1.1800103116854643e-09,1,1,1,1,0,-4.7342130216065925e-12,1.0,0.24929998438845846,113.05811577330184,0.8716186220000566,9.334,11.634,4667,5817,5.34146801570275e-05,-1
literature_logconcave,0.1,kl,0.005,15.0,3000,623.5714279787117,-1.6802914986009376,3.3460589854428235e-10,3.3460589854428235e-10,1,1,1,1,0,-3.370193013552125e-12,1.0,0.33300740041646953,113.0580945523508,0.26687148399999927,8.71,11.01,1742,2202,0.00014321740015489997,-1
literature_logconcave,0.1,kl,0.01,15.0,1500,623.5714279787117,-1.680291498882522,5.3021587120838376e-11,5.3021587120838376e-11,1,1,1,1,0,-1.0722533971829762e-12,1.0,1.003297565023038,113.05805801219617,0.11276158499992306,7.78,10.09,778,1009,0.00022272372143493485,-1
literature_logconcave,0.1,kl,0.02,15.0,750,623.5714279787117,-1.6802914935512951,5.384248380480017e-09,5.384248380480017e-09,1,1,1,1,0,-2.2198887172919513e-10,1.0,0.1536778757576931,113.05797990133843,0.06089632499990216,10.14,12.42,507,621,0.000629677674954071,-1
literature_logconcave,0.1,kl,0.05,15.0,300,623.5714279787117,-0.16391968347815977,1.5163718154573838,1.5163718154573838,1,0,0,0,3,20264193.425296064,39753.81241312133,0.0010599932847210577,102.52930365961126,0.024583290000038005,inf,inf,-1,-1,6.4342908968362815,-1
literature_logconcave,0.1,kl,0.1,15.0,150,623.5714279787117,4.850769901196328e+65,4.850769901196328e+65,625.2517194776472,0,0,0,0,5,4.850769901196328e+65,7.758107255184836e+62,4.075755210098524e-18,6.288472974571774,0.00042833299999500696,inf,inf,-1,-1,inf,5
literature_logconcave,0.1,kl,0.2,15.0,75,623.5714279787117,1.2915268670315435e+58,1.2915268670315435e+58,625.2517194776472,0,0,0,0,4,1.2915268670315435e+58,2.0656110599912005e+55,1.4162927064815538e-15,7.9528718703976455,0.00033862500000481077,inf,inf,-1,-1,inf,4
literature_logconcave,0.1,kl,0.5,15.0,30,623.5714279787117,2.6019749049457637e+87,2.6019749049457637e+87,625.2517194776472,0,0,0,0,4,2.6019749049457637e+87,4.1614838054656235e+84,1.7290932127983886e-22,17.419354838709676,0.0003312089999951695,inf,inf,-1,-1,inf,4
literature_logconcave,0.1,kl,1.0,15.0,15,623.5714279787117,1.6321419106229277e+54,1.6321419106229277e+54,625.2517194776472,0,0,0,0,3,1.6321419106229277e+54,2.6103757251342947e+51,1.6652172250282142e-13,25.00000000000008,0.0002518330000000901,inf,inf,-1,-1,inf,3
literature_logconcave,0.1,kl,2.0,15.0,8,623.5714279787117,3.4588106902506993e+65,3.4588106902506993e+65,625.2517194776472,0,0,0,0,3,3.4588106902506993e+65,5.531869137665526e+62,8.348830397768704e-16,52.94117647058824,0.0002517920000002505,inf,inf,-1,-1,inf,3
literature_logconcave,0.1,kl,5.0,15.0,3,623.5714279787117,3.5129163148585663e+81,3.5129163148585663e+81,625.2517194776472,0,0,0,0,3,3.5129163148585663e+81,5.6184032853094034e+78,6.684791774413803e-19,89.99999999999999,0.00025262500000167165,inf,inf,-1,-1,inf,3
literature_logconcave,0.1,kl,10.0,15.0,2,623.5714279787117,2.1038643253409835e+40,2.1038643253409835e+40,625.2517194776472,1,0,0,0,2,2.1038643253409835e+40,3.3648277322589545e+37,2.2748092312901487e-08,83.4482760178704,0.0001710410000015372,inf,inf,-1,-1,34324815082.8384,-1
literature_logconcave,1.0,riemannian,0.001,15.0,15000,621.4137056388801,-0.5289989505766309,1.8618896424626996e-09,1.8618896424626996e-09,1,1,1,1,0,-3.729239139715901e-12,1.0,0.2200881421099239,11.454965525657453,1.4467460669997578,9.558,11.859,9558,11859,3.7854902176392193e-06,-1
literature_logconcave,1.0,riemannian,0.002,15.0,7500,621.4137056388801,-0.5289989507632686,1.6752519371721064e-09,1.6752519371721064e-09,1,1,1,1,0,-6.721068146475773e-12,1.0,0.22410594094714678,11.454965577791624,0.6636836630004268,9.508000000000001,11.808,4754,5904,8.872729706445615e-06,-1
literature_logconcave,1.0,riemannian,0.005,15.0,3000,621.4137056388801,-0.528998951642924,7.95596588609726e-10,7.95596588609726e-10,1,1,1,1,0,-8.015921260096093e-12,1.0,0.2570727961173905,11.454965743887538,0.2161552610001536,9.145,11.445,1829,2289,3.793737424527563e-05,-1
literature_logconcave,1.0,riemannian,0.01,15.0,1500,621.4137056388801,-0.52899895243097,7.55062679047569e-12,7.55062679047569e-12,1,1,1,1,0,-1.5309975509580909e-13,1.0,0.33163774041638533,11.454966012289866,0.10375457099995344,6.8500000000000005,9.14,685,914,9.707653946981428e-05,-1
literature_logconcave,1.0,riemannian,0.02,15.0,750,621.4137056388801,-0.5289892831345383,9.669303982273725e-06,9.669303982273725e-06,1,1,1,1,0,-3.98760517383856e-07,1.0,0.027457878920591806,11.45479892131286,0.05226649699996955,13.86,inf,693,-1,0.007189447494743455,-1
literature_logconcave,1.0,riemannian,0.05,15.0,300,621.4137056388801,11.764578337934065,12.293577290372586,12.293577290372586,1,1,0,0,1,72814.87105696468,118.0764935731687,1.567038880128689e-05,10.068175407897758,0.01936174399999402,inf,inf,-1,-1,5.624698987439517,-1
literature_logconcave,1.0,riemannian,0.1,15.0,150,621.4137056388801,1086205.799330674,1086206.3283296265,621.9427045913186,1,0,0,0,1,2007137.4377161155,3228.2063373345854,6.139027129611718e-11,9.537848184320788,0.009698919000015849,inf,inf,-1,-1,903.0014056306497,-1
literature_logconcave,1.0,riemannian,0.2,15.0,75,621.4137056388801,40981581.06801888,40981581.59701784,621.9427045913186,0,0,0,0,1,40980959.654313244,65892.85684112497,2.6650200854428152e-21,4.510565645411914,6.912500000311184e-05,inf,inf,-1,-1,inf,1
literature_logconcave,1.0,riemannian,0.5,15.0,30,621.4137056388801,1840216076.188837,1840216076.717836,621.9427045913186,0,0,0,0,1,1840215454.7751315,2958819.298197332,3.2237426623547815e-22,5.401166091440423,6.862499999726879e-05,inf,inf,-1,-1,inf,1
literature_logconcave,1.0,riemannian,1.0,15.0,15,621.4137056388801,30810976168.946938,30810976169.475937,621.9427045913186,0,0,0,0,1,30810975547.533234,49539894.81992874,-1.8347358806342652e-21,7.293148786831452,6.958299999837436e-05,inf,inf,-1,-1,inf,1
literature_logconcave,1.0,riemannian,2.0,15.0,8,621.4137056388801,504197794348.1013,504197794348.6303,621.9427045913186,0,0,0,0,1,504197793726.6876,810682062.2326312,2.2843572002929955e-21,13.29750480671527,6.870800000058352e-05,inf,inf,-1,-1,inf,1
literature_logconcave,1.0,riemannian,5.0,15.0,3,621.4137056388801,19961819245285.02,19961819245285.547,621.9427045913186,0,0,0,0,1,19961819244663.605,32095913494.80102,-2.6747834844535846e-20,80.60006702545896,6.933299999900555e-05,inf,inf,-1,-1,inf,1
literature_logconcave,1.0,riemannian,10.0,15.0,2,621.4137056388801,320820529426910.06,320820529426910.56,621.9427045913186,0,0,0,0,1,320820529426288.6,515836148665.37134,3.78480335827979e-19,1624.0927011271187,6.879200000042829e-05,inf,inf,-1,-1,inf,1
literature_logconcave,1.0,kl,0.001,15.0,15000,621.4137056388801,-0.528998950849783,1.5887375859335862e-09,1.5887375859335862e-09,1,1,1,1,0,-3.1823432777855487e-12,1.0,0.22752282349002254,11.454965436487552,1.4305734090004592,9.479000000000001,11.78,9479,11780,1.1259582899250579e-05,-1
literature_logconcave,1.0,kl,0.002,15.0,7500,621.4137056388801,-0.528998951245146,1.1933746213443897e-09,1.1933746213443897e-09,1,1,1,1,0,-4.78794781599845e-12,1.0,0.240575321744948,11.454965397677883,0.726736879999784,9.34,11.638,4670,5819,2.3376571449606962e-05,-1
literature_logconcave,1.0,kl,0.005,15.0,3000,621.4137056388801,-0.5289989521412239,2.9729663175714904e-10,2.9729663175714904e-10,1,1,1,1,0,-2.9951596758337473e-12,1.0,0.3164872091295926,11.45496527205102,0.2267383269999499,8.655,10.950000000000001,1731,2190,6.288186228858114e-05,-1
literature_logconcave,1.0,kl,0.01,15.0,1500,621.4137056388801,-0.5289989524343784,4.1421310825739965e-12,4.1421310825739965e-12,1,1,1,1,0,-8.43769498715119e-14,1.0,0.9061361921915192,11.454965019186885,0.11235241900000403,6.54,8.84,654,884,9.934617132393215e-05,-1
literature_logconcave,1.0,kl,0.02,15.0,750,621.4137056388801,-0.5289989462776227,6.16089790295149e-09,6.16089790295149e-09,1,1,1,1,0,-2.5403112946520423e-10,1.0,0.15653638899350192,11.454964265142092,0.05456487400020649,10.22,12.5,511,625,0.00028084301272141325,-1
literature_logconcave,1.0,kl,0.05,15.0,300,621.4137056388801,1.222745682655931,1.7517446350944517,1.7517446350944517,1,0,0,0,3,15971436.654592238,32648.82316689164,0.0010525363954655075,10.231899686901903,0.02110753900000617,inf,inf,-1,-1,3.0522231745387187,-1
literature_logconcave,1.0,kl,0.1,15.0,150,621.4137056388801,3.1001490496173557e+65,3.1001490496173557e+65,621.9427045913186,0,0,0,0,5,3.1001490496173557e+65,4.9846216166398765e+62,4.540519090596899e-18,5.1776396796666795,0.00035941500000546966,inf,inf,-1,-1,inf,5
literature_logconcave,1.0,kl,0.2,15.0,75,621.4137056388801,1.065171628784329e+58,1.065171628784329e+58,621.9427045913186,0,0,0,0,4,1.065171628784329e+58,1.7126523406754294e+55,1.4814318908897088e-15,5.802552048354595,0.00028625000000914724,inf,inf,-1,-1,inf,4
literature_logconcave,1.0,kl,0.5,15.0,30,621.4137056388801,2.1717842949822365e+87,2.1717842949822365e+87,621.9427045913186,0,0,0,0,4,2.1717842949822365e+87,3.49193628118739e+84,1.803780645947327e-22,7.714285714285712,0.0002858759999995186,inf,inf,-1,-1,inf,4
literature_logconcave,1.0,kl,1.0,15.0,15,621.4137056388801,1.5042628936026556e+54,1.5042628936026556e+54,621.9427045913186,0,0,0,0,3,1.5042628936026556e+54,2.4186518830397948e+51,1.6949672790417907e-13,8.421052631579036,0.00021654100000745302,inf,inf,-1,-1,inf,3
literature_logconcave,1.0,kl,2.0,15.0,8,621.4137056388801,3.1969657433374574e+65,3.1969657433374574e+65,621.9427045913186,0,0,0,0,3,3.1969657433374574e+65,5.140289804409232e+62,8.493732347326903e-16,9.473684210526315,0.00021770699999734688,inf,inf,-1,-1,inf,3
literature_logconcave,1.0,kl,5.0,15.0,3,621.4137056388801,3.2560440622495633e+81,3.2560440622495633e+81,621.9427045913186,0,0,0,0,3,3.2560440622495633e+81,5.235279774507725e+78,6.797559200751262e-19,9.931034482758621,0.00021974999999940792,inf,inf,-1,-1,inf,3
literature_logconcave,1.0,kl,10.0,15.0,2,621.4137056388801,2.0349130614936905e+40,2.0349130614936905e+40,621.9427045913186,1,0,0,0,2,2.0349130614936905e+40,3.2718657948256525e+37,2.2887339499924977e-08,9.87755104237086,0.00014779099999628897,inf,inf,-1,-1,32345605587.409992,-1
smooth_logconcave,0.01,riemannian,0.001,15.0,15000,17.372563787850112,-0.5636773672970827,2.036371071767462e-10,2.036371071767462e-10,1,1,1,1,0,-3.0242475190789264e-13,1.0,1.4563079430359727,19.668489299308433,34.170134797999395,6.882000000000001,9.506,6882,9506,1.0801342367574018e-07,-1
smooth_logconcave,0.01,riemannian,0.002,15.0,7500,17.372563787850112,-0.5636773672988213,2.0189849792018322e-10,2.0189849792018322e-10,1,1,1,1,0,-5.997424779025096e-13,1.0,1.4563077423386364,19.668489447060917,17.68496031299904,6.88,9.502,3440,4751,2.1550263405539473e-07,-1
smooth_logconcave,0.01,riemannian,0.005,15.0,3000,17.372563787850112,-0.5636773673039599,1.9675994167300814e-10,1.9675994167300814e-10,1,1,1,1,0,-1.467492793949532e-12,1.0,1.4563071441245883,19.668489885416765,5.824318329000192,6.875,9.495000000000001,1375,1899,5.348437672038552e-07,-1
smooth_logconcave,0.01,riemannian,0.01,15.0,1500,17.372563787850112,-0.5636773673122648,1.8845502935960212e-10,1.8845502935960212e-10,1,1,1,1,0,-2.8257396422759484e-12,1.0,1.4563061599458702,19.66849059987126,2.9368442340001764,6.86,9.48,686,948,1.0567680804169374e-06,-1
smooth_logconcave,0.01,riemannian,0.02,15.0,750,17.372563787850112,-0.5636773673279458,1.7277401731519149e-10,1.7277401731519149e-10,1,1,1,1,0,-5.238476319391339e-12,1.0,1.4563042391429386,19.668491969741424,1.390917084999785,6.84,9.44,342,472,2.06277342034665e-06,-1
smooth_logconcave,0.01,riemannian,0.05,15.0,300,17.372563787850112,-0.5636773673682582,1.3246159724644713e-10,1.3246159724644713e-10,1,1,1,1,0,-1.0377920744986113e-11,1.0,1.4562988450395449,19.66849563587477,0.6002287529998682,6.800000000000001,9.35,136,187,4.7940923707467295e-06,-1
smooth_logconcave,0.01,riemannian,0.1,15.0,150,17.372563787850112,-0.5636773674171502,8.356959568800448e-11,8.356959568800448e-11,1,1,1,1,0,-1.3865353309938655e-11,1.0,1.4562910033066123,19.668500448250576,0.29002908800009664,6.7,9.200000000000001,67,92,8.492268210013882e-06,-1
smooth_logconcave,0.01,riemannian,0.2,15.0,75,17.372563787850112,-0.563677367469827,3.089284383861468e-11,3.089284383861468e-11,1,1,1,1,0,-1.159050633248171e-11,1.0,1.4562790573499171,19.668506386880367,0.13114545300007308,6.4,8.8,32,44,1.3368332724741132e-05,-1
smooth_logconcave,0.01,riemannian,0.5,15.0,30,17.372563787850112,-0.5636773675000077,7.120970479945754e-13,7.120970479945754e-13,1,1,1,1,0,-1.0516032489249483e-12,1.0,1.4562631862949644,19.66851055927378,0.051629248999944366,6.0,8.0,12,16,1.7646784782633196e-05,-1
smooth_logconcave,0.01,riemannian,1.0,15.0,15,17.372563787850112,-0.5636773675007196,2.220446049250313e-16,-2.220446049250313e-16,1,1,1,1,0,4.440892098500626e-16,1.0,1.0855609104263515,19.668510573685154,0.025754459999973278,5.0,6.0,5,6,1.7908105000370363e-05,-1
smooth_logconcave,0.01,riemannian,2.0,15.0,8,17.372563787850112,496.9137458046702,497.4774231721709,15.770846842927813,1,0,0,0,4,341.19271357785664,27.73587948909579,4.0,20.162850288315948,0.013424710000009554,inf,inf,-1,-1,76.9663223310566,-1
smooth_logconcave,0.01,riemannian,5.0,15.0,3,17.372563787850112,inf,inf,17.93624115535083,0,0,0,0,2,inf,inf,6.297260362576133e-20,218.39179296664884,0.0032803750000027776,inf,inf,-1,-1,inf,2
smooth_logconcave,0.01,riemannian,10.0,15.0,2,17.372563787850112,inf,inf,17.93624115535083,0,0,0,0,2,inf,inf,1.6543147893702992e-147,11923.74380879691,0.009594792000001462,inf,inf,-1,-1,inf,2
smooth_logconcave,0.01,kl,0.001,15.0,15000,17.372563787850112,-0.563677367292954,2.0776580456072224e-10,2.0776580456072224e-10,1,1,1,1,0,-3.0819791163594346e-13,1.0,1.4563084354254259,19.668488986465682,32.67002866099753,6.884,9.512,6884,9512,9.434846007157992e-08,-1
smooth_logconcave,0.01,kl,0.002,15.0,7500,17.372563787850112,-0.5636773672905508,2.1016899331982586e-10,2.1016899331982586e-10,1,1,1,1,0,-6.232792060245629e-13,1.0,1.4563087279066138,19.66848882117514,14.30316171499939,6.884,9.514,3442,4757,1.8849777252878858e-07,-1
smooth_logconcave,0.01,kl,0.005,15.0,3000,17.372563787850112,-0.5636773672831732,2.1754664736306495e-10,2.1754664736306495e-10,1,1,1,1,0,-1.6133760993852775e-12,1.0,1.4563096140262513,19.668488319056532,5.464711413999709,6.885,9.52,1377,1904,4.697625525432432e-07,-1
smooth_logconcave,0.01,kl,0.01,15.0,1500,17.372563787850112,-0.5636773672703017,2.3041812902135916e-10,2.3041812902135916e-10,1,1,1,1,0,-3.4161562467716067e-12,1.0,1.4563111201419834,19.66848746111043,2.730450112000767,6.890000000000001,9.53,689,953,9.346562367010364e-07,-1
smooth_logconcave,0.01,kl,0.02,15.0,750,17.372563787850112,-0.5636773672422779,2.584419345197375e-10,2.584419345197375e-10,1,1,1,1,0,-7.66187113754313e-12,1.0,1.456314244542016,19.668485663869745,1.347757434000414,6.9,9.56,345,478,1.8503701830454332e-06,-1
smooth_logconcave,0.01,kl,0.05,15.0,300,17.372563787850112,-0.5636773671371405,3.6357938881792506e-10,3.6357938881792506e-10,1,1,1,1,0,-2.6945334852257474e-11,1.0,1.4563245663084001,19.66847957395673,0.5052203320001354,6.9,9.65,138,193,4.494596343286987e-06,-1
smooth_logconcave,0.01,kl,0.1,15.0,150,17.372563787850112,-0.5636773668686135,6.321063672487526e-10,6.321063672487526e-10,1,1,1,1,0,-9.386313948311908e-11,1.0,1.4563452939522064,19.66846675754202,0.24137520600015705,7.0,9.8,70,98,8.62402919574562e-06,-1
smooth_logconcave,0.01,kl,0.2,15.0,75,17.372563787850112,-0.5636773657219944,1.7787253892009858e-09,1.7787253892009858e-09,1,1,1,1,0,-5.312712492155924e-10,1.0,1.456403024396122,19.668428221306627,0.12644195600012154,7.2,10.200000000000001,36,51,1.6346761595271615e-05,-1
smooth_logconcave,0.01,kl,0.5,15.0,30,17.372563787850112,-0.563677343247692,2.425302780828531e-08,2.425302780828531e-08,1,1,1,1,0,-1.831475149316475e-08,1.0,1.4567870233506595,19.668132346295074,0.05309666900001275,8.0,12.0,16,24,4.59652134187306e-05,-1
smooth_logconcave,0.01,kl,1.0,15.0,15,17.372563787850112,-0.5636768817375577,4.857631621391079e-07,4.857631621391079e-07,1,1,1,1,0,-7.328633255809791e-07,1.0,1.45861519448959,19.666264666331287,0.026847123000095507,10.0,15.0,10,15,0.00018131998538959803,-1
smooth_logconcave,0.01,kl,2.0,15.0,8,17.372563787850112,712.0328408927057,712.5965182602065,15.892282506651789,1,0,0,0,7,182.55654098449543,39.72942335510587,4.0,19.98781264216509,0.014542456999890874,inf,inf,-1,-1,92.65512560799847,-1
smooth_logconcave,0.01,kl,5.0,15.0,3,17.372563787850112,inf,inf,17.93624115535083,0,0,0,0,3,inf,inf,4.0,19.636361986638168,0.00543787499998416,inf,inf,-1,-1,671.2139900635186,-1
smooth_logconcave,0.01,kl,10.0,15.0,2,17.372563787850112,inf,inf,17.93624115535083,0,0,0,0,2,inf,inf,4.0,19.359994274759128,0.0036979999999857682,inf,inf,-1,-1,786.6266061717463,-1
smooth_logconcave,0.1,riemannian,0.001,15.0,15000,15.67828612768173,-0.4933196838732452,2.931170861586452e-10,2.931170861586452e-10,1,1,1,1,0,-4.2876813211023546e-13,1.0,1.4648107216173953,17.12501702278942,26.329065105999405,6.881,9.603,6881,9603,1.0141920721845562e-07,-1
smooth_logconcave,0.1,riemannian,0.002,15.0,7500,15.67828612768173,-0.4933196838756426,2.907196705592696e-10,2.907196705592696e-10,1,1,1,1,0,-8.519851490973451e-13,1.0,1.4648104916856235,17.125017057976315,12.82516256200148,6.88,9.6,3440,4800,2.023637527899211e-07,-1
smooth_logconcave,0.1,riemannian,0.005,15.0,3000,15.67828612768173,-0.4933196838827305,2.836317847254577e-10,2.836317847254577e-10,1,1,1,1,0,-2.084332706431269e-12,1.0,1.464809806119103,17.125017161214565,6.205688202999909,6.875,9.59,1375,1918,5.023658626759759e-07,-1
smooth_logconcave,0.1,riemannian,0.01,15.0,1500,15.67828612768173,-0.4933196838942051,2.7215718567674685e-10,2.7215718567674685e-10,1,1,1,1,0,-4.021449839797242e-12,1.0,1.4648086775211546,17.125017325663126,3.0808047679992114,6.86,9.57,686,957,9.930287902439898e-07,-1
smooth_logconcave,0.1,riemannian,0.02,15.0,750,15.67828612768173,-0.4933196839159315,2.504307872186473e-10,2.504307872186473e-10,1,1,1,1,0,-7.482015007553855e-12,1.0,1.464806472248299,17.12501762693322,1.6317798169995967,6.84,9.540000000000001,342,477,1.9400543437222734e-06,-1
smooth_logconcave,0.1,riemannian,0.05,15.0,300,15.67828612768173,-0.49331968397220516,1.9415713481407693e-10,1.9415713481407693e-10,1,1,1,1,0,-1.4987566743229763e-11,1.0,1.4648002594237999,17.125018327791313,0.7654595139999287,6.800000000000001,9.450000000000001,136,189,4.520910397085984e-06,-1
smooth_logconcave,0.1,riemannian,0.1,15.0,150,15.67828612768173,-0.4933196840415104,1.2485190659106138e-10,1.2485190659106138e-10,1,1,1,1,0,-2.0405233058795602e-11,1.0,1.4647911668236056,17.125019144563808,0.2703951169999641,6.7,9.3,67,93,8.04478668737715e-06,-1
smooth_logconcave,0.1,riemannian,0.2,15.0,75,15.67828612768173,-0.49331968411835003,4.801226083372967e-11,4.801226083372967e-11,1,1,1,1,0,-1.773381441694255e-11,1.0,1.4647771284695907,17.12502131062092,0.13912233200017,6.4,9.0,32,45,1.2780861341134573e-05,-1
smooth_logconcave,0.1,riemannian,0.5,15.0,30,15.67828612768173,-0.49331968416510663,1.255662240851052e-12,1.255662240851052e-12,1,1,1,1,0,-1.8165469128916811e-12,1.0,1.4647578083619948,17.12503950412664,0.05828024899989259,6.0,8.0,12,16,1.7249480228576998e-05,-1
smooth_logconcave,0.1,riemannian,1.0,15.0,15,15.67828612768173,-0.49331968416636185,4.440892098500626e-16,4.440892098500626e-16,1,1,1,1,0,-1.5543122344752192e-15,1.0,1.3124817207683226,17.133455561425052,0.02891874900012681,5.0,6.0,5,6,1.7636664804195274e-05,-1
smooth_logconcave,0.1,riemannian,2.0,15.0,8,15.67828612768173,401.426569677867,401.91988936203336,13.700569402989334,1,0,0,0,4,280.9799946548967,24.853431009774404,3.4296302461572843,20.824504219755465,0.015648040999963087,inf,inf,-1,-1,82.55281955025718,-1
smooth_logconcave,0.1,riemannian,5.0,15.0,3,15.67828612768173,inf,inf,16.171605811848092,0,0,0,0,2,inf,inf,6.288199694194758e-20,218.38518878103804,0.0038777080000045316,inf,inf,-1,-1,inf,2
smooth_logconcave,0.1,riemannian,10.0,15.0,2,15.67828612768173,inf,inf,16.171605811848092,0,0,0,0,2,inf,inf,-2.8556400961196518e-111,11923.022669732407,0.003935333000015362,inf,inf,-1,-1,inf,2
smooth_logconcave,0.1,kl,0.001,15.0,15000,15.67828612768173,-0.4933196838673757,2.9898661324523346e-10,2.9898661324523346e-10,1,1,1,1,0,-4.369837824924616e-13,1.0,1.464811295027421,17.12501697796832,28.1303692810028,6.884,9.609,6884,9609,9.469974880077018e-08,-1
smooth_logconcave,0.1,kl,0.002,15.0,7500,15.67828612768173,-0.49331968386388225,3.02480041014519e-10,3.02480041014519e-10,1,1,1,1,0,-8.846257060213247e-13,1.0,1.4648116394551443,17.125016968509083,15.33626849800362,6.884,9.612,3442,4806,1.8925976535025372e-07,-1
smooth_logconcave,0.1,kl,0.005,15.0,3000,15.67828612768173,-0.4933196838531657,3.1319657978201576e-10,3.1319657978201576e-10,1,1,1,1,0,-2.289501921381998e-12,1.0,1.4648126827334742,17.125016938792193,6.155629646001273,6.885,9.620000000000001,1377,1924,4.7211219731248934e-07,-1
smooth_logconcave,0.1,kl,0.01,15.0,1500,15.67828612768173,-0.4933196838344964,3.3186586811950747e-10,3.3186586811950747e-10,1,1,1,1,0,-4.851230528402084e-12,1.0,1.4648144552081495,17.12501688470999,2.9976040629998693,6.890000000000001,9.64,689,964,9.408404333738842e-07,-1
smooth_logconcave,0.1,kl,0.02,15.0,750,15.67828612768173,-0.4933196837939515,3.7241076888960833e-10,3.7241076888960833e-10,1,1,1,1,0,-1.088928947012846e-11,1.0,1.4648181291579785,17.125016758662106,1.535967375000439,6.9,9.68,345,484,1.8686968332241696e-06,-1
smooth_logconcave,0.1,kl,0.05,15.0,300,15.67828612768173,-0.4933196836427802,5.235820665916435e-10,5.235820665916435e-10,1,1,1,1,0,-3.8298475502074325e-11,1.0,1.4648302386922636,17.12501622063041,0.6018212990002212,6.95,9.8,139,196,4.585465609583508e-06,-1
smooth_logconcave,0.1,kl,0.1,15.0,150,15.67828612768173,-0.49331968326083486,9.055274308167327e-10,9.055274308167327e-10,1,1,1,1,0,-1.3275824883862697e-10,1.0,1.4648544378268542,17.125014668020146,0.27732670300053996,7.0,10.0,70,100,8.958264470358046e-06,-1
smooth_logconcave,0.1,kl,0.2,15.0,75,15.67828612768173,-0.49331968166161033,2.504751961396323e-09,2.504751961396323e-09,1,1,1,1,0,-7.381342204126895e-10,1.0,1.4649211410229126,17.125008016064854,0.20852728799991382,7.2,10.4,36,52,1.7641263964431767e-05,-1
smooth_logconcave,0.1,kl,0.5,15.0,30,15.67828612768173,-0.49331965231556385,3.185079844314487e-08,3.185079844314487e-08,1,1,1,1,0,-2.3648215607963152e-08,1.0,1.465349909054591,17.124929516677444,0.06785591700014493,8.0,12.0,16,24,5.41856613194712e-05,-1
smooth_logconcave,0.1,kl,1.0,15.0,15,15.67828612768173,-0.49331887703288024,8.07133482050304e-07,8.07133482050304e-07,1,1,1,1,0,-1.188919979133729e-06,1.0,1.4677549411115092,17.12434741571628,0.03747391600023775,10.0,15.0,10,15,0.00023949261519436057,-1
smooth_logconcave,0.1,kl,2.0,15.0,8,15.67828612768173,725.06196670022,725.5552863843864,13.807122008240055,1,0,0,0,7,191.98016808987927,44.866001238591274,4.0,19.987678487638348,0.01926733300001615,inf,inf,-1,-1,102.89336140835144,-1
smooth_logconcave,0.1,kl,5.0,15.0,3,15.67828612768173,30265.25019486702,30265.743514551188,16.171605811848092,1,0,0,0,3,28377.554991975194,1871.536065538838,4.0,19.636348488884632,0.0067945840000902535,inf,inf,-1,-1,619.0879884621492,-1
smooth_logconcave,0.1,kl,10.0,15.0,2,15.67828612768173,inf,inf,16.171605811848092,0,0,0,0,2,inf,inf,4.0,19.35994743188068,0.0046799579999969865,inf,inf,-1,-1,710.2221483009162,-1
smooth_logconcave,1.0,riemannian,0.001,15.0,15000,13.520563787850111,-0.0749253172155997,8.967482312272068e-10,8.967482312272068e-10,1,1,1,1,0,-1.2507772595427014e-12,1.0,1.4712107440557542,7.9423169311221855,27.767022191001445,6.885,10.001,6885,10001,1.1886884502378193e-07,-1
smooth_logconcave,1.0,riemannian,0.002,15.0,7500,13.520563787850111,-0.0749253172219797,8.903682235938959e-10,8.903682235938959e-10,1,1,1,1,0,-2.4855673075308005e-12,1.0,1.471210426576829,7.943826070055019,13.298200256994505,6.884,9.998,3442,4999,2.3731503444623577e-07,-1
smooth_logconcave,1.0,riemannian,0.005,15.0,3000,13.520563787850111,-0.07492531724088347,8.714644561536034e-10,8.714644561536034e-10,1,1,1,1,0,-6.10089756492016e-12,1.0,1.4712094791503965,7.948377275203647,5.108118348002449,6.875,9.99,1375,1998,5.90129584133088e-07,-1
smooth_logconcave,1.0,riemannian,0.01,15.0,1500,13.520563787850111,-0.07492531727161444,8.40733482831979e-10,8.40733482831979e-10,1,1,1,1,0,-1.1832756996454918e-11,1.0,1.4712079167275418,7.956121271173145,2.549971419999565,6.87,9.97,687,997,1.1698128196948824e-06,-1
smooth_logconcave,1.0,riemannian,0.02,15.0,750,13.520563787850111,-0.07492531733025798,7.820899483590438e-10,7.820899483590438e-10,1,1,1,1,0,-2.2246871012043812e-11,1.0,1.47120485361034,7.971936125510377,1.3027617930000588,6.84,9.94,342,497,2.29843869554777e-06,-1
smooth_logconcave,1.0,riemannian,0.05,15.0,300,13.520563787850111,-0.07492531748536413,6.269837982131321e-10,6.269837982131321e-10,1,1,1,1,0,-4.603339931463779e-11,1.0,1.4711961461285923,8.021833544511136,0.5379007879990922,6.800000000000001,9.850000000000001,136,197,5.4488892625156405e-06,-1
smooth_logconcave,1.0,riemannian,0.1,15.0,150,13.520563787850111,-0.07492531768481947,4.27528457080939e-10,4.27528457080939e-10,1,1,1,1,0,-6.632983051702013e-11,1.0,1.4711831608619947,8.114119554065422,0.23849796000024526,6.7,9.700000000000001,67,97,9.981456938525572e-06,-1
smooth_logconcave,1.0,riemannian,0.2,15.0,75,13.520563787850111,-0.07492531792515389,1.8719403804823287e-10,1.8719403804823287e-10,1,1,1,1,0,-6.532263618908019e-11,1.0,1.4711623381688408,8.312091127185406,0.12204750299974876,6.4,9.4,32,47,1.6802778283375903e-05,-1
smooth_logconcave,1.0,riemannian,0.5,15.0,30,13.520563787850111,-0.07492531810397107,8.376854765401731e-12,8.376854765401731e-12,1,1,1,1,0,-1.1157075263668048e-11,1.0,1.4711302291808876,9.253605470109633,0.048150876000022436,6.0,8.5,12,17,2.607724140266332e-05,-1
smooth_logconcave,1.0,riemannian,1.0,15.0,15,13.520563787850111,-0.07492531811206815,2.7977620220553945e-13,2.7977620220553945e-13,1,1,1,1,0,-2.4584778657299466e-12,1.0,1.4711231944281733,10.803731863864131,0.02410141699988344,7.0,9.0,7,9,2.788511270961292e-05,-1
smooth_logconcave,1.0,riemannian,2.0,15.0,8,13.520563787850111,264.568979458387,264.6439047764993,5.672668941368681,1,0,0,0,4,222.27095484618684,19.465567050503292,0.12193987348944632,25.803792202925578,0.013154000999861637,inf,inf,-1,-1,79.41388409054686,-1
smooth_logconcave,1.0,riemannian,5.0,15.0,3,13.520563787850111,inf,inf,13.595489105962459,0,0,0,0,2,inf,inf,-5.0629584872421005e-15,218.35183642590536,0.0032833760000130496,inf,inf,-1,-1,inf,2
smooth_logconcave,1.0,riemannian,10.0,15.0,2,13.520563787850111,inf,inf,13.595489105962459,0,0,0,0,2,inf,inf,2.8356800396781493e-13,11919.381117641333,0.003353790999994999,inf,inf,-1,-1,inf,2
smooth_logconcave,1.0,kl,0.001,15.0,15000,13.520563787850111,-0.07492531719827578,9.140721513034578e-10,9.140721513034578e-10,1,1,1,1,0,-1.2734258092450546e-12,1.0,1.4712116036615173,7.9406164626209925,26.926820078993615,6.889,10.009,6889,10009,1.714834234949649e-07,-1
smooth_logconcave,1.0,kl,0.002,15.0,7500,13.520563787850111,-0.07492531718725148,9.250964438933806e-10,9.250964438933806e-10,1,1,1,1,0,-2.5772717293648384e-12,1.0,1.4712121475797972,7.940420873365458,14.391702746995293,6.892,10.014,3446,5007,3.4344093983334513e-07,-1
smooth_logconcave,1.0,kl,0.005,15.0,3000,13.520563787850111,-0.07492531715344963,9.588982941011182e-10,9.588982941011182e-10,1,1,1,1,0,-6.679323760749867e-12,1.0,1.4712137951972584,7.939831984999467,5.988724053997885,6.9,10.03,1380,2006,8.621863167052891e-07,-1
smooth_logconcave,1.0,kl,0.01,15.0,1500,13.520563787850111,-0.07492531709460826,1.0177396703170416e-09,1.0177396703170416e-09,1,1,1,1,0,-1.4180878693537124e-11,1.0,1.4712165946734181,7.939338090117468,2.781723629000794,6.91,10.06,691,1006,1.7365199773737935e-06,-1
smooth_logconcave,1.0,kl,0.02,15.0,750,13.520563787850111,-0.07492531696697569,1.1453722414955791e-09,1.1453722414955791e-09,1,1,1,1,0,-3.192801578677518e-11,1.0,1.4712223983633996,7.938021133220861,1.4830150020001156,6.94,10.120000000000001,347,506,3.52314146496961e-06,-1
smooth_logconcave,1.0,kl,0.05,15.0,300,13.520563787850111,-0.07492531649222367,1.6201242569735541e-09,1.6201242569735541e-09,1,1,1,1,0,-1.1301426461329811e-10,1.0,1.4712415358265556,7.935087432832157,0.5309355429996003,7.0,10.3,140,206,9.214262064372497e-06,-1
smooth_logconcave,1.0,kl,0.1,15.0,150,13.520563787850111,-0.07492531529527713,2.8170707988550703e-09,2.8170707988550703e-09,1,1,1,1,0,-3.935662906684456e-10,1.0,1.4712798061532413,7.936360979062705,0.2946405869994351,7.1000000000000005,10.600000000000001,71,106,1.9992986804568216e-05,-1
smooth_logconcave,1.0,kl,0.2,15.0,75,13.520563787850111,-0.07492531028719851,7.825149417328703e-09,7.825149417328703e-09,1,1,1,1,0,-2.1898765023564692e-09,1.0,1.4713853494897675,7.95811565783386,0.18848921299934318,7.4,11.200000000000001,37,56,4.790008004698013e-05,-1
smooth_logconcave,1.0,kl,0.5,15.0,30,13.520563787850111,-0.07492521930783314,9.880451479205021e-08,9.880451479205021e-08,1,1,1,1,0,-6.881680869597062e-08,1.0,1.4720593608124726,8.154956015555088,0.06357720900041386,8.5,13.0,17,26,0.00021675390219018378,-1
smooth_logconcave,1.0,kl,1.0,15.0,15,13.520563787850111,-0.07492041365906066,4.904453287268851e-06,4.904453287268851e-06,1,1,1,1,0,-6.662701836912532e-06,1.0,1.477732024663122,8.424170169683343,0.03279774900011034,12.0,inf,12,-1,0.0016328945220098834,-1
smooth_logconcave,1.0,kl,2.0,15.0,8,13.520563787850111,253.45704181624635,253.5319671343587,5.227302396762376,1,0,0,0,6,116.83791460008837,18.64824171887787,2.8338370398452595,19.832655199208947,0.01710995899975387,inf,inf,-1,-1,76.11460267875124,-1
smooth_logconcave,1.0,kl,5.0,15.0,3,13.520563787850111,13869.869066794676,13869.943992112789,13.595489105962459,1,0,0,0,3,13021.926472789555,1020.1872020941096,3.9998755450861756,19.636280321740987,0.006199374000061653,inf,inf,-1,-1,431.91761743948274,-1
smooth_logconcave,1.0,kl,10.0,15.0,2,13.520563787850111,13924.948623323991,13925.023548642104,13.595489105962459,1,0,0,0,2,13731.814044102446,1024.2385132385657,3.999864231387124,19.35971087628383,0.003979749999871274,inf,inf,-1,-1,469.39152621711474,-1
