potential_family,N_theta,kappa_target,Lambda_hat_full_sym_mean,Lambda_hat_full_sym_std,Lambda_hat_diag_mean,Lambda_hat_separable_exact_mean,tau_H_sq_mean,coupling_bound_rate_mean,full_minus_diag_mean,lambda_over_logkappa_mean,self_adjoint_error_H_sym_max,n_seeds
additive_index,4,10.0,0.08846390622203965,0.021785416968685526,0.03416852771745915,,0.007382468476810902,0.3325155270654162,0.0542953785045805,0.026786260983767827,8.326672684688674e-17,3
additive_index,4,50.0,0.12844228186465145,0.009890738338385255,0.06822710350982815,,0.011747201601437407,0.33203360975183777,0.0602151783548233,0.026148550550906074,1.1102230246251565e-16,3
additive_index,4,100.0,0.12560364981782957,0.017531735809387963,0.05909366901847154,,0.012604892621048356,0.3319389753614175,0.06650998079935803,0.022408534558293326,9.71445146547012e-17,3
additive_index,8,10.0,0.13351901451851117,0.020705030027028715,0.07335930571614865,,0.014228511439064945,0.33176067294996087,0.06015970880236251,0.040428637191439014,1.1102230246251565e-16,3
additive_index,8,50.0,0.16230497496408153,0.023699647435649444,0.08965219022097164,,0.01967443476498225,0.33116275202311346,0.07265278474310989,0.033042389008504765,1.6653345369377348e-16,3
additive_index,8,100.0,0.16021859204003022,0.0062788057777961055,0.08028409706359639,,0.020460528639667224,0.3310766222460458,0.07993449497643385,0.028584072690700388,2.220446049250313e-16,3
additive_index,12,10.0,0.18757219759395563,0.016517409506526415,0.0684767221781548,,0.014466361406620916,0.3317337434897596,0.11909547541580083,0.05679556841453163,1.6653345369377348e-16,3
additive_index,12,50.0,0.1839076576046237,0.014911853522570961,0.07218770389243971,,0.020828981849320125,0.331034965745141,0.11171995371218398,0.03744030868776311,2.7755575615628914e-16,3
additive_index,12,100.0,0.21823856471998804,0.03700100834461917,0.09114527143504865,,0.020650674209647616,0.3310545643815621,0.1270932932849394,0.03893522542197645,2.7755575615628914e-16,3
product_feature,4,10.0,0.08649034410391576,0.015528564526859577,0.04363876545516426,,0.007177222618271958,0.33253782706041246,0.042851578648751505,0.026188679979023844,1.1102230246251565e-16,3
product_feature,4,50.0,0.09582260587025936,0.011573934397977098,0.057117942689762675,,0.009264878923304506,0.3323072446217326,0.038704663180496666,0.01950776813633982,2.220446049250313e-16,3
product_feature,4,100.0,0.11536991709962408,0.01969880551384093,0.06805440134503814,,0.010126717906782717,0.33221206061808833,0.047315515754585945,0.020582767921664167,1.1102230246251565e-16,3
product_feature,8,10.0,0.1530846983535834,0.010419465619675689,0.07820137947950469,,0.006826333053652585,0.33257663595455844,0.0748833188740787,0.04635299138191181,2.220446049250313e-16,3
product_feature,8,50.0,0.13576346272131268,0.0217174597503787,0.05631129859866418,,0.009836714682208708,0.332244136235271,0.0794521641226485,0.027639011985750892,2.220446049250313e-16,3
product_feature,8,100.0,0.12653025605673238,0.012222664075324253,0.06075025784770651,,0.0106843728908965,0.33215063079778995,0.06577999820902586,0.022573847333491326,2.220446049250313e-16,3
product_feature,12,10.0,0.18769997445179318,0.015019325050739978,0.07203799433170657,,0.007867765992495107,0.3324614354741657,0.11566198012008659,0.05683425836626326,2.220446049250313e-16,3
product_feature,12,50.0,0.19717680824915043,0.018788131963465342,0.07539516841125321,,0.01119829472082466,0.3320937131735655,0.12178163983789723,0.04014167035277636,2.220446049250313e-16,3
product_feature,12,100.0,0.19661106462819677,0.0381483330904546,0.05642262898388964,,0.012222513765078826,0.33198082126388434,0.14018843564430714,0.0350767341765445,2.7755575615628914e-16,3
radial_tail,4,10.0,0.2442529785693709,0.022908411555773275,0.24007822838282147,,2.2781580929547953e-34,0.3333333333333333,0.004174750186549438,0.07395811816855774,1.1102230246251565e-16,3
radial_tail,4,50.0,0.30881101719258414,0.020583913889709107,0.30378146365505465,,1.5144134975496891e-34,0.3333333333333333,0.005029553537529523,0.06286839798008383,1.6653345369377348e-16,3
radial_tail,4,100.0,0.3084453681879536,0.04100139702662296,0.3030867498526568,,1.8739571257733998e-34,0.3333333333333333,0.005358618335296772,0.055028724900987126,2.220446049250313e-16,3
radial_tail,8,10.0,0.3234318971989591,0.029179902479168688,0.29454487649234856,,4.3587540163782686e-34,0.3333333333333333,0.02888702070661059,0.09793294891479794,3.3306690738754696e-16,3
radial_tail,8,50.0,0.37223995414609234,0.03404671989547909,0.34163743752217995,,4.8679525143690424e-34,0.3333333333333333,0.030602516623912463,0.07578139469923896,3.3306690738754696e-16,3
radial_tail,8,100.0,0.366263699087446,0.029026625060209046,0.34044808944534116,,4.897061194937224e-34,0.3333333333333333,0.02581560964210483,0.06534390338459994,4.163336342344337e-16,3
radial_tail,12,10.0,0.3856913997967602,0.049732670165619094,0.3066338264818805,,1.1661302028251104e-33,0.3333333333333333,0.07905757331487978,0.11678469711952266,2.7755575615628914e-16,3
radial_tail,12,50.0,0.3920527464770942,0.06285972559283169,0.321264747415336,,1.3692869513125914e-33,0.3333333333333333,0.07078799906175819,0.07981492473545973,2.220446049250313e-16,3
radial_tail,12,100.0,0.41940571768304036,0.02034404647154152,0.3562715880456646,,1.5680454201912726e-33,0.3333333333333333,0.0631341296373757,0.0748247963516752,3.3306690738754696e-16,3
random_feature,4,10.0,0.11089327216150953,0.011370128312567134,0.04572735122802087,,0.008090364661228299,0.33243710591399345,0.06516592093348865,0.03357771837484323,1.1102230246251565e-16,3
random_feature,4,50.0,0.12511325083416644,0.021340261991821097,0.046631631555304275,,0.011655503925276367,0.33204376823218856,0.07848161927886216,0.02547081939475998,1.1102230246251565e-16,3
random_feature,4,100.0,0.13555848778377264,0.018798851265662397,0.06637211629883294,,0.011923634768702132,0.33201427155458935,0.0691863714849397,0.024184544498335528,1.1102230246251565e-16,3
random_feature,8,10.0,0.1426378954657295,0.03633661749766619,0.08515938127277833,,0.014729852744866934,0.3317054584269377,0.057478514192951156,0.04318977148183556,2.220446049250313e-16,3
random_feature,8,50.0,0.15998134025320607,0.04199472599411044,0.07927905411450827,,0.019805060734794468,0.33114837562063815,0.08070228613869779,0.032569338554891726,1.249000902703301e-16,3
random_feature,8,100.0,0.17569794661205496,0.027194523520829118,0.0979444867152696,,0.020784135656696404,0.3310417494649117,0.07775345989678535,0.03134569349049703,1.6653345369377348e-16,3
random_feature,12,10.0,0.19382674659923152,0.020375271374815304,0.07390886658353342,,0.014880617774502008,0.33168810146966715,0.1199178800156981,0.0586894027379966,3.3306690738754696e-16,3
random_feature,12,50.0,0.18225869527404445,0.02985727580717457,0.05882097504968601,,0.018731067106411214,0.331265040844319,0.12343772022435845,0.03710460945981629,3.3306690738754696e-16,3
random_feature,12,100.0,0.18967890043451593,0.035220586923099366,0.05410424947444457,,0.02026229710196154,0.3310970831049675,0.13557465096007137,0.033839989534783226,2.3592239273284576e-16,3
