potential_family,N_theta,kappa_target,gamma_loc_mean,gamma_loc_std,gamma_loc_min,inverse_gamma_loc_mean,inverse_gamma_over_logkappa_mean,tau_H_sq_mean,coupling_bound_rate_mean,gamma_over_coupling_bound_min,Lambda_hat_full_sym_mean,Lambda_hat_diag_mean,Lambda_hat_separable_exact_mean,current_bound_rate,conjecture_bound_rate,self_adjoint_error_L_star_max,n_seeds
additive_index,4,10.0,0.9225885448441368,0.029232630253350666,0.8910969651264374,1.0846389759957644,0.32842120504227684,0.007382468476810902,0.3325155270654162,2.6840097786675154,0.08846390622203965,0.03416852771745915,,0.20754716981132074,0.04054578386931515,6.661338147750939e-16,3
additive_index,4,50.0,0.9079269486201498,0.03325904642732828,0.8695360035121726,1.102417658760668,0.2244325113181301,0.011747201601437407,0.33203360975183777,2.623034077347244,0.12844228186465145,0.06822710350982815,,0.2015810276679842,0.02879078069520258,1.1102230246251565e-15,3
additive_index,4,100.0,0.8977402826804827,0.028185248913109615,0.8651987888239343,1.1146538872552467,0.19886173840745802,0.012604892621048356,0.3319389753614175,2.6100716488568687,0.12560364981782957,0.05909366901847154,,0.20079522862823063,0.02559495781739623,1.097889699343089e-15,3
additive_index,8,10.0,0.9111102121285467,0.022073248557521578,0.8862819392632257,1.0979964366721375,0.33246575205628387,0.014228511439064945,0.33176067294996087,2.6766654356425903,0.13351901451851117,0.07335930571614865,,0.20754716981132074,0.04054578386931515,1.994374226161161e-15,3
additive_index,8,50.0,0.9004242232635861,0.017081819886630357,0.8822483954359059,1.1108552506934177,0.2261502540736965,0.01967443476498225,0.33116275202311346,2.670612825553823,0.16230497496408153,0.08965219022097164,,0.2015810276679842,0.02879078069520258,2.2702576390173672e-15,3
additive_index,8,100.0,0.8957477886326571,0.022430913156465233,0.8722616530432702,1.1168544458902525,0.1992543328447343,0.020460528639667224,0.3310766222460458,2.6414151299298014,0.16021859204003022,0.08028409706359639,,0.20079522862823063,0.02559495781739623,3.552713678800501e-15,3
additive_index,12,10.0,0.8900155698700482,0.0021368652615145803,0.8879015422166096,1.1235801670910979,0.34021232926733963,0.014466361406620916,0.3317337434897596,2.677374910673836,0.18757219759395563,0.0684767221781548,,0.20754716981132074,0.04054578386931515,5.329070518200751e-15,3
additive_index,12,50.0,0.8687402837882846,0.003905070257122111,0.8651771728649804,1.151107500874005,0.23434489203367873,0.020828981849320125,0.331034965745141,2.613753651517009,0.1839076576046237,0.07218770389243971,,0.2015810276679842,0.02879078069520258,8.881784197001252e-15,3
additive_index,12,100.0,0.8668600095080062,0.005998292030308328,0.8609969924330014,1.153625610071973,0.20581455545378935,0.020650674209647616,0.3310545643815621,2.6016663322320452,0.21823856471998804,0.09114527143504865,,0.20079522862823063,0.02559495781739623,6.6699101449770965e-15,3
product_feature,4,10.0,0.928563409583019,0.009506267300091806,0.9179039475783867,1.0770079663568142,0.3261105879274784,0.007177222618271958,0.33253782706041246,2.7591529816147133,0.08649034410391576,0.04363876545516426,,0.20754716981132074,0.04054578386931515,1.1102230246251565e-15,3
product_feature,4,50.0,0.9177023756738159,0.007988025395229338,0.9127746278261607,1.08973267265166,0.22185007510091573,0.009264878923304506,0.3323072446217326,2.7471697488903057,0.09582260587025936,0.057117942689762675,,0.2015810276679842,0.02879078069520258,8.881784197001252e-16,3
product_feature,4,100.0,0.9147296044401486,0.006200658945447048,0.9082695778259656,1.0932527579042288,0.19504363322226367,0.010126717906782717,0.33221206061808833,2.736022074963297,0.11536991709962408,0.06805440134503814,,0.20079522862823063,0.02559495781739623,6.661338147750939e-16,3
product_feature,8,10.0,0.9251428353188715,0.01226396997380022,0.911252831015533,1.0810416312063316,0.32733195383810226,0.006826333053652585,0.33257663595455844,2.7413629552402767,0.1530846983535834,0.07820137947950469,,0.20754716981132074,0.04054578386931515,1.9984014443252818e-15,3
product_feature,8,50.0,0.9066631054454491,0.005142923620575403,0.9010981823886238,1.1029692053250109,0.22454479633058497,0.009836714682208708,0.332244136235271,2.7143092092680448,0.13576346272131268,0.05631129859866418,,0.2015810276679842,0.02879078069520258,3.552713678800501e-15,3
product_feature,8,100.0,0.9081456215735219,0.020902830244115315,0.8840580235869016,1.1015391863403048,0.19652198769877724,0.0106843728908965,0.33215063079778995,2.664070485771549,0.12653025605673238,0.06075025784770651,,0.20079522862823063,0.02559495781739623,3.552713678800501e-15,3
product_feature,12,10.0,0.8933683553344695,0.010460674552138165,0.8822406875096976,1.1194616819774266,0.338965280365433,0.007867765992495107,0.3324614354741657,2.653585835978504,0.18769997445179318,0.07203799433170657,,0.20754716981132074,0.04054578386931515,3.552713678800501e-15,3
product_feature,12,50.0,0.8824259398923364,0.012607127988579,0.872516005463252,1.1333928245971225,0.23073850088744297,0.01119829472082466,0.3320937131735655,2.6274502263898745,0.19717680824915043,0.07539516841125321,,0.2015810276679842,0.02879078069520258,2.9592464366381777e-15,3
product_feature,12,100.0,0.8821598672184057,0.017765895984240297,0.8620396257944947,1.1338909776722792,0.20229376451526856,0.012222513765078826,0.33198082126388434,2.5957760289791136,0.19661106462819677,0.05642262898388964,,0.20079522862823063,0.02559495781739623,7.105427357601002e-15,3
radial_tail,4,10.0,0.9999999999999997,6.329245045284193e-16,0.9999999999999989,1.0000000000000002,0.30279310656411396,2.2781580929547953e-34,0.3333333333333333,2.999999999999997,0.2442529785693709,0.24007822838282147,,0.20754716981132074,0.04054578386931515,8.881784197001252e-16,3
radial_tail,4,50.0,0.9999999999999996,2.3551386880256624e-16,0.9999999999999993,1.0000000000000007,0.20358210840929022,1.5144134975496891e-34,0.3333333333333333,2.9999999999999982,0.30881101719258414,0.30378146365505465,,0.2015810276679842,0.02879078069520258,8.881784197001252e-16,3
radial_tail,4,100.0,0.9999999999999992,1.5700924586837752e-16,0.9999999999999991,1.0000000000000009,0.17840671501818436,1.8739571257733998e-34,0.3333333333333333,2.9999999999999973,0.3084453681879536,0.3030867498526568,,0.20079522862823063,0.02559495781739623,1.7763568394002505e-15,3
radial_tail,8,10.0,0.9999999999999986,3.4219371797089426e-16,0.9999999999999982,1.0000000000000016,0.3027931065641143,4.3587540163782686e-34,0.3333333333333333,2.9999999999999947,0.3234318971989591,0.29454487649234856,,0.20754716981132074,0.04054578386931515,1.7763568394002505e-15,3
radial_tail,8,50.0,0.9999999999999994,1.1102230246251565e-16,0.9999999999999993,1.0000000000000007,0.20358210840929025,4.8679525143690424e-34,0.3333333333333333,2.9999999999999982,0.37223995414609234,0.34163743752217995,,0.2015810276679842,0.02879078069520258,3.9968028886505635e-15,3
radial_tail,8,100.0,0.9999999999999988,5.926969055564841e-16,0.9999999999999983,1.000000000000001,0.1784067150181844,4.897061194937224e-34,0.3333333333333333,2.999999999999995,0.366263699087446,0.34044808944534116,,0.20079522862823063,0.02559495781739623,3.9968028886505635e-15,3
radial_tail,12,10.0,0.9728104317645395,0.015227628644491457,0.9569789866482644,1.0281177906300478,0.31130697973870536,1.1661302028251104e-33,0.3333333333333333,2.8709369599447934,0.3856913997967602,0.3066338264818805,,0.20754716981132074,0.04054578386931515,3.552713678800501e-15,3
radial_tail,12,50.0,0.9820765501190731,0.0062752644832683255,0.9749203395053692,1.0182783714946384,0.2073032578164569,1.3692869513125914e-33,0.3333333333333333,2.9247610185161075,0.3920527464770942,0.321264747415336,,0.2015810276679842,0.02879078069520258,5.329070518200751e-15,3
radial_tail,12,100.0,0.9874548175663417,0.004180616222221749,0.9846218755782531,1.012716637009258,0.18067544845308459,1.5680454201912726e-33,0.3333333333333333,2.9538656267347596,0.41940571768304036,0.3562715880456646,,0.20079522862823063,0.02559495781739623,1.7763568394002505e-15,3
random_feature,4,10.0,0.918530806253672,0.030723889585681508,0.8831037392832655,1.0895235806946444,0.32990022967338833,0.008090364661228299,0.33243710591399345,2.659806370290034,0.11089327216150953,0.04572735122802087,,0.20754716981132074,0.04054578386931515,8.881784197001252e-16,3
random_feature,4,50.0,0.904463402614805,0.03134739871142383,0.8682936624351371,1.106532026908147,0.2252701230603659,0.011655503925276367,0.33204376823218856,2.619234090258258,0.12511325083416644,0.046631631555304275,,0.2015810276679842,0.02879078069520258,7.963000479291778e-16,3
random_feature,4,100.0,0.9079093973314659,0.03155781765465268,0.8718143231578136,1.102336048386649,0.19666415323878816,0.011923634768702132,0.33201427155458935,2.6303439902944508,0.13555848778377264,0.06637211629883294,,0.20079522862823063,0.02559495781739623,9.108245573994505e-16,3
random_feature,8,10.0,0.907880039689374,0.02668790955729869,0.877727741342636,1.1021109375217775,0.333711594550507,0.014729852744866934,0.3317054584269377,2.6512038218885565,0.1426378954657295,0.08515938127277833,,0.20754716981132074,0.04054578386931515,2.886579864025407e-15,3
random_feature,8,50.0,0.8975856280822857,0.018718126777162277,0.8769846272848719,1.114425329230582,0.22687705818947915,0.019805060734794468,0.33114837562063815,2.6548677283064643,0.15998134025320607,0.07927905411450827,,0.2015810276679842,0.02879078069520258,1.9984014443252818e-15,3
random_feature,8,100.0,0.8949822956026382,0.024745941691038376,0.869860866273567,1.1179111814778475,0.19944286156955995,0.020784135656696404,0.3310417494649117,2.6354556494318735,0.17569794661205496,0.0979444867152696,,0.20079522862823063,0.02559495781739623,2.220446049250313e-15,3
random_feature,12,10.0,0.8843664252212351,0.004143750595766053,0.8804838092223386,1.1307695502016424,0.342389224913661,0.014880617774502008,0.33168810146966715,2.6549757663658555,0.19382674659923152,0.07390886658353342,,0.20754716981132074,0.04054578386931515,5.329070518200751e-15,3
random_feature,12,50.0,0.8735845107244061,0.0018604777282810927,0.8717651701346956,1.1447124017057257,0.2330429642615139,0.018731067106411214,0.331265040844319,2.63067837452425,0.18225869527404445,0.05882097504968601,,0.2015810276679842,0.02879078069520258,3.779639688284789e-15,3
random_feature,12,100.0,0.8725208955613004,0.009130829594500803,0.8623058237104306,1.1461884121160981,0.2044877093975418,0.02026229710196154,0.3310970831049675,2.6042631280128328,0.18967890043451593,0.05410424947444457,,0.20079522862823063,0.02559495781739623,1.7763568394002505e-15,3
