family,kappa,scheme,arm,gamma,dt_nominal,dt_mean,s_train,N_train,x0,initial_gap,final_gap,final_rel_gap,n_steps,n_half,n_tol,tol_rel,n_half_over_N_train,shadow_mean_err_over_w,shadow_cov_err,cA_min,cA_max,c_min,c_max,max_energy_increase,monotone,status
manuscript,8.0,riemannian,theory,0.5,0.0625,0.0625,0.0078125,16,32768.0,547730091.8086157,503.53711457495007,9.193161414817661e-07,156,34,156,1e-06,2.125,0.0,0.0,0.12499999999999999,0.9999999999999999,0.125,0.9990485182476126,0.0,1,ok
manuscript,8.0,kl,theory,0.5,0.0625,0.0625,0.0078125,16,32768.0,547730091.8086157,535.7033693842378,9.780426114901495e-07,157,34,157,1e-06,2.125,0.0,0.0,0.12499999999999999,0.9999999999999999,0.125,0.9985598069852211,0.0,1,ok
manuscript,8.0,riemannian,const,0.5,0.5,0.5,0.0078125,16,32768.0,547730091.8086157,287.4276568584359,5.247614859160724e-07,16,4,16,1e-06,0.25,1041.3857207810488,6.991762147834502,0.12499999999999999,0.9999999999999999,0.125,0.9994847364957724,0.0,1,ok
manuscript,8.0,kl,const,0.5,0.5,0.5,0.0078125,16,32768.0,547730091.8086157,170.3741666334744,3.110549688276127e-07,18,4,18,1e-06,0.25,1028.1026086013503,6.874127289201342,0.12499999999999999,0.9999999999999999,0.125,0.9929454062865822,0.0,1,ok
manuscript,16.0,riemannian,theory,0.5,0.03125,0.03125,0.001953125,64,524288.0,140507570642.3216,132165.93696777377,9.406321407706748e-07,368,114,368,1e-06,1.78125,0.0,0.0,0.06249999999999999,0.9999999999999999,0.0625,0.9989599210181482,0.0,1,ok
manuscript,16.0,kl,theory,0.5,0.03125,0.03125,0.001953125,64,524288.0,140507570642.3216,139493.46931566016,9.927825858633414e-07,369,114,369,1e-06,1.78125,0.0,0.0,0.06249999999999999,0.9999999999999999,0.0625,0.9987031690302706,0.0,1,ok
manuscript,16.0,riemannian,const,0.5,0.5,0.5,0.001953125,64,524288.0,140507570642.3216,139449.4184285094,9.924690733106059e-07,17,5,17,1e-06,0.078125,8413.183535968223,14.976839559914879,0.06249999999999999,0.9999999999999999,0.0625,0.9992754501803622,0.0,1,ok
manuscript,16.0,kl,const,0.5,0.5,0.5,0.001953125,64,524288.0,140507570642.3216,134179.60773382103,9.549635448141857e-07,19,6,19,1e-06,0.09375,8377.685263102223,14.760062684429148,0.06249999999999999,0.9999999999999999,0.0625,0.9899523869071858,0.0,1,ok
manuscript,32.0,riemannian,theory,0.5,0.015625,0.015625,0.00048828125,256,8388608.0,36017470670798.92,35347240.791368544,9.813915339709358e-07,909,391,909,1e-06,1.52734375,0.0,0.0,0.031249999999999997,0.9999999999999999,0.03125,0.9988947178402799,0.0,1,ok
manuscript,32.0,kl,theory,0.5,0.015625,0.015625,0.00048828125,256,8388608.0,36017470670798.92,35581575.342965305,9.878976696665427e-07,911,391,911,1e-06,1.52734375,0.0,0.0,0.031249999999999997,0.9999999999999999,0.03125,0.9987776424846148,0.0,1,ok
manuscript,32.0,riemannian,const,0.5,0.5,0.5,0.00048828125,256,8388608.0,36017470670798.92,16034724.950542359,4.451929758505356e-07,19,7,19,1e-06,0.02734375,66865.76560131137,30.968629320676325,0.031249999999999997,0.9999999999999999,0.03125,0.9995094726420772,0.0,1,ok
manuscript,32.0,kl,const,0.5,0.5,0.5,0.00048828125,256,8388608.0,36017470670798.92,24932151.902976226,6.922238413368074e-07,21,8,21,1e-06,0.03125,66768.49270988732,30.558687023080445,0.031249999999999997,0.9999999999999999,0.03125,0.9907635194524396,0.0,1,ok
manuscript,64.0,riemannian,theory,0.5,0.0078125,0.0078125,0.0001220703125,1024,134217728.0,9227402211940996.0,9141375983.356733,9.906770912757072e-07,2420,1372,2420,1e-06,1.33984375,0.0,0.0,0.015624999999999998,0.9999999999999999,0.015625,0.998867009946479,0.0,1,ok
manuscript,64.0,kl,theory,0.5,0.0078125,0.0078125,0.0001220703125,1024,134217728.0,9227402211940996.0,9222419858.300116,9.994600480691702e-07,2422,1373,2422,1e-06,1.3408203125,0.0,0.0,0.015624999999999998,0.9999999999999999,0.015625,0.9988051218481139,0.0,1,ok
manuscript,64.0,riemannian,const,0.5,0.5,0.5,0.0001220703125,1024,134217728.0,9227402211940996.0,2682588644.6079264,2.907198128999343e-07,24,11,24,1e-06,0.0107421875,530267.3249872104,62.94274383993159,0.015624999999999998,3.33486274167318,0.015625,0.9995523860404811,0.0,1,ok
manuscript,64.0,kl,const,0.5,0.5,0.5,0.0001220703125,1024,134217728.0,9227402211940996.0,4455657706.163181,4.828723842120162e-07,23,9,23,1e-06,0.0087890625,530184.5335967693,62.20172406933273,0.015624999999999998,0.9999999999999999,0.015625,0.9916499086548215,0.0,1,ok
manuscript,128.0,riemannian,theory,0.5,0.00390625,0.00390625,3.0517578125e-05,4096,2147483648.0,2.3631621988793303e+18,2346102551311.7495,9.927810086097049e-07,7067,4959,7067,1e-06,1.210693359375,0.0,0.0,0.007812499999999999,0.9999999999999999,0.0078125,0.99885429899244,0.0,1,ok
manuscript,128.0,kl,theory,0.5,0.00390625,0.00390625,3.0517578125e-05,4096,2147483648.0,2.3631621988793303e+18,2362919760833.006,9.998974094768274e-07,7069,4960,7069,1e-06,1.2109375,0.0,0.0,0.007812499999999999,0.9999999999999999,0.0078125,0.9988217808114813,0.0,1,ok
manuscript,128.0,riemannian,const,0.5,0.5,0.5,3.0517578125e-05,4096,2147483648.0,2.3631621988793303e+18,796890294575.5999,3.3721354164919566e-07,22,10,22,1e-06,0.00244140625,4219156.919065077,126.89002614285792,0.007812499999999999,0.9999999999999999,0.0078125,0.9995701377390672,0.0,1,ok
manuscript,128.0,kl,const,0.5,0.5,0.5,3.0517578125e-05,4096,2147483648.0,2.3631621988793303e+18,781882272945.1968,3.3086272000964835e-07,25,11,25,1e-06,0.002685546875,4218796.379511445,125.56772067878948,0.007812499999999999,0.9999999999999999,0.0078125,0.9925122834792793,0.0,1,ok
manuscript,256.0,riemannian,theory,0.5,0.001953125,0.001953125,7.62939453125e-06,16384,34359738368.0,6.050948318153208e+20,604707319165455.5,9.993595836065848e-07,22681,18454,22681,1e-06,1.1263427734375,0.0,0.0,0.0039062499999999996,0.9999999999999999,0.00390625,0.9988446708540757,0.0,1,ok
manuscript,256.0,kl,theory,0.5,0.001953125,0.001953125,7.62939453125e-06,16384,34359738368.0,6.050948318153208e+20,602966929190216.0,9.96483356800915e-07,22685,18455,22685,1e-06,1.12640380859375,0.0,0.0,0.0039062499999999996,0.9999999999999999,0.00390625,0.9988321511510616,0.0,1,ok
manuscript,256.0,riemannian,const,0.5,0.5,0.5,7.62939453125e-06,16384,34359738368.0,6.050948318153208e+20,350075682014267.75,5.785468055709875e-07,23,11,23,1e-06,0.00067138671875,33627488.57684798,254.71142828691364,0.0039062499999999996,0.9999999999999999,0.00390625,0.9994359067280948,0.0,1,ok
manuscript,256.0,kl,const,0.5,0.5,0.5,7.62939453125e-06,16384,34359738368.0,6.050948318153208e+20,531718466620338.06,8.787357595257437e-07,26,13,26,1e-06,0.00079345703125,33615397.32813075,251.1800239093069,0.0039062499999999996,0.9999999999999999,0.00390625,0.9900024183538552,0.0,1,ok
manuscript,512.0,riemannian,theory,0.5,0.0009765625,0.0009765625,1.9073486328125e-06,65536,549755813888.0,1.5492058341235532e+23,1.546908750764804e+17,9.985172510274924e-07,78842,70373,78842,1e-06,1.0738067626953125,0.0,0.0,0.0019531249999999998,0.9999999999999999,0.001953125,0.9988422232844546,0.0,1,ok
manuscript,512.0,kl,theory,0.5,0.0009765625,0.0009765625,1.9073486328125e-06,65536,549755813888.0,1.5492058341235532e+23,1.5487503846850576e+17,9.997060110228972e-07,78845,70375,78845,1e-06,1.0738372802734375,0.0,0.0,0.0019531249999999998,0.9999999999999999,0.001953125,0.9988344343632128,0.0,1,ok
manuscript,512.0,riemannian,const,0.5,0.5,0.5,1.9073486328125e-06,65536,549755813888.0,1.5492058341235532e+23,1.5365147255116246e+17,9.918079906927871e-07,24,12,24,1e-06,0.00018310546875,268405151.32721266,510.24447021175473,0.0019531249999999998,0.9999999999999999,0.001953125,0.9992613610342806,0.0,1,ok
manuscript,512.0,kl,const,0.5,0.5,0.5,1.9073486328125e-06,65536,549755813888.0,1.5492058341235532e+23,9.201921007665723e+16,5.939766559730013e-07,28,14,28,1e-06,0.000213623046875,268530085.10997546,504.1844928821587,0.0019531249999999998,0.9999999999999999,0.001953125,0.9910860891546243,0.0,1,ok
manuscript,1024.0,riemannian,theory,0.5,0.00048828125,0.00048828125,4.76837158203125e-07,262144,8796093022208.0,3.9661773888770365e+25,3.965494961838396e+19,9.998279383467432e-07,290176,273227,290176,1e-06,1.0422782897949219,0.0,0.0,0.0009765624999999999,0.9999999999999999,0.0009765625,0.9988399912345812,0.0,1,ok
manuscript,1024.0,kl,theory,0.5,0.00048828125,0.00048828125,4.76837158203125e-07,262144,8796093022208.0,3.9661773888770365e+25,3.965327454708238e+19,9.997857044490289e-07,290180,273229,290180,1e-06,1.0422859191894531,0.0,0.0,0.0009765624999999999,0.9999999999999999,0.0009765625,0.998836465989337,0.0,1,ok
manuscript,1024.0,riemannian,const,0.5,0.5,0.5,4.76837158203125e-07,262144,8796093022208.0,3.9661773888770365e+25,1.6826820864085295e+19,4.2425789908629266e-07,26,14,26,1e-06,5.340576171875e-05,2146719793.4763033,1022.0107094316681,0.0009765624999999999,0.9999999999999999,0.0009765625,0.9995165978618333,0.0,1,ok
manuscript,1024.0,kl,const,0.5,0.5,0.5,4.76837158203125e-07,262144,8796093022208.0,3.9661773888770365e+25,1.5894779079576703e+19,4.007581487442515e-07,30,16,30,1e-06,6.103515625e-05,2146824138.1882331,1010.8538630318342,0.0009765624999999999,0.9999999999999999,0.0009765625,0.9920609692411055,0.0,1,ok
retuned,8.0,riemannian,theory,0.5,0.0625,0.0625,0.0078125,16,32768.0,547730091.8086157,503.53711457495007,9.193161414817661e-07,156,34,156,1e-06,2.125,0.0,0.0,0.12499999999999999,0.9999999999999999,0.125,0.9990485182476126,0.0,1,ok
retuned,8.0,kl,theory,0.5,0.0625,0.0625,0.0078125,16,32768.0,547730091.8086157,535.7033693842378,9.780426114901495e-07,157,34,157,1e-06,2.125,0.0,0.0,0.12499999999999999,0.9999999999999999,0.125,0.9985598069852211,0.0,1,ok
retuned,8.0,riemannian,const,0.5,0.5,0.5,0.0625,2,4096.0,8645529.529238086,3.4175304579721204,3.952945214534824e-07,18,5,18,1e-06,2.5,0.0,0.0,0.12499999999999999,0.9999999999999999,0.125,0.9994847364957724,0.0,1,ok
retuned,8.0,kl,const,0.5,0.5,0.5,0.0625,2,4096.0,8645529.529238086,7.9348370601679274,9.177965367341947e-07,19,5,19,1e-06,2.5,0.0,0.0,0.12499999999999999,0.9999999999999999,0.125,0.9894553037039733,0.0,1,ok
retuned,16.0,riemannian,theory,0.5,0.03125,0.03125,0.001953125,64,524288.0,140507570642.3216,132165.93696777377,9.406321407706748e-07,368,114,368,1e-06,1.78125,0.0,0.0,0.06249999999999999,0.9999999999999999,0.0625,0.9989599210181482,0.0,1,ok
retuned,16.0,kl,theory,0.5,0.03125,0.03125,0.001953125,64,524288.0,140507570642.3216,139493.46931566016,9.927825858633414e-07,369,114,369,1e-06,1.78125,0.0,0.0,0.06249999999999999,0.9999999999999999,0.0625,0.9987031690302706,0.0,1,ok
retuned,16.0,riemannian,const,0.5,0.5,0.5,0.03125,4,32768.0,552208346.3314939,420.53405636350647,7.615496200976605e-07,21,8,21,1e-06,2.0,6.063298015040011e-14,0.0,0.06249999999999999,0.9999999999999999,0.0625,0.9992754501803622,0.0,1,ok
retuned,16.0,kl,const,0.5,0.5,0.5,0.03125,4,32768.0,552208346.3314939,404.64342896989007,7.327731130072059e-07,23,9,23,1e-06,2.25,6.063298015040011e-14,0.0,0.06249999999999999,0.9999999999999999,0.0625,0.9899523869071858,0.0,1,ok
retuned,32.0,riemannian,theory,0.5,0.015625,0.015625,0.00048828125,256,8388608.0,36017470670798.92,35347240.791368544,9.813915339709358e-07,909,391,909,1e-06,1.52734375,0.0,0.0,0.031249999999999997,0.9999999999999999,0.03125,0.9988947178402799,0.0,1,ok
retuned,32.0,kl,theory,0.5,0.015625,0.015625,0.00048828125,256,8388608.0,36017470670798.92,35581575.342965305,9.878976696665427e-07,911,391,911,1e-06,1.52734375,0.0,0.0,0.031249999999999997,0.9999999999999999,0.03125,0.9987776424846148,0.0,1,ok
retuned,32.0,riemannian,const,0.5,0.5,0.5,0.015625,8,262144.0,35290492467.21689,12195.180017714021,3.4556559472902617e-07,27,14,27,1e-06,1.75,0.0,0.0,0.031249999999999997,0.9999999999999999,0.03125,0.9995094726420772,0.0,1,ok
retuned,32.0,kl,const,0.5,0.5,0.5,0.015625,8,262144.0,35290492467.21689,18930.554234220388,5.364208009226829e-07,29,14,29,1e-06,1.75,0.0,0.0,0.031249999999999997,0.9999999999999999,0.03125,0.9907635194524396,0.0,1,ok
retuned,64.0,riemannian,theory,0.5,0.0078125,0.0078125,0.0001220703125,1024,134217728.0,9227402211940996.0,9141375983.356733,9.906770912757072e-07,2420,1372,2420,1e-06,1.33984375,0.0,0.0,0.015624999999999998,0.9999999999999999,0.015625,0.998867009946479,0.0,1,ok
retuned,64.0,kl,theory,0.5,0.0078125,0.0078125,0.0001220703125,1024,134217728.0,9227402211940996.0,9222419858.300116,9.994600480691702e-07,2422,1373,2422,1e-06,1.3408203125,0.0,0.0,0.015624999999999998,0.9999999999999999,0.015625,0.9988051218481139,0.0,1,ok
retuned,64.0,riemannian,const,0.5,0.5,0.5,0.0078125,16,2097152.0,2256702204118.6455,1371360.2549162093,6.076833054947955e-07,36,23,36,1e-06,1.4375,0.0,0.0,0.015624999999999998,0.9999999999999999,0.015625,0.9993479786853733,0.0,1,ok
retuned,64.0,kl,const,0.5,0.5,0.5,0.0078125,16,2097152.0,2256702204118.6455,848985.1300659209,3.76206097781294e-07,39,24,39,1e-06,1.5,0.0,0.0,0.015624999999999998,0.9999999999999999,0.015625,0.9916499086548215,0.0,1,ok
retuned,128.0,riemannian,theory,0.5,0.00390625,0.00390625,3.0517578125e-05,4096,2147483648.0,2.3631621988793303e+18,2346102551311.7495,9.927810086097049e-07,7067,4959,7067,1e-06,1.210693359375,0.0,0.0,0.007812499999999999,0.9999999999999999,0.0078125,0.99885429899244,0.0,1,ok
retuned,128.0,kl,theory,0.5,0.00390625,0.00390625,3.0517578125e-05,4096,2147483648.0,2.3631621988793303e+18,2362919760833.006,9.998974094768274e-07,7069,4960,7069,1e-06,1.2109375,0.0,0.0,0.007812499999999999,0.9999999999999999,0.0078125,0.9988217808114813,0.0,1,ok
retuned,128.0,riemannian,const,0.5,0.5,0.5,0.00390625,32,16777216.0,144364142840859.38,38057129.67155785,2.636189909949477e-07,54,41,54,1e-06,1.28125,3.6666243114572666e-12,0.0,0.007812499999999999,0.9999999999999999,0.0078125,0.9995701377390672,0.0,1,ok
retuned,128.0,kl,const,0.5,0.5,0.5,0.00390625,32,16777216.0,144364142840859.38,37278047.19234166,2.5822234288077563e-07,57,42,57,1e-06,1.3125,3.6666243114572666e-12,0.0,0.007812499999999999,0.9999999999999999,0.0078125,0.9925122834792793,0.0,1,ok
retuned,256.0,riemannian,theory,0.5,0.001953125,0.001953125,7.62939453125e-06,16384,34359738368.0,6.050948318153208e+20,604707319165455.5,9.993595836065848e-07,22681,18454,22681,1e-06,1.1263427734375,0.0,0.0,0.0039062499999999996,0.9999999999999999,0.00390625,0.9988446708540757,0.0,1,ok
retuned,256.0,kl,theory,0.5,0.001953125,0.001953125,7.62939453125e-06,16384,34359738368.0,6.050948318153208e+20,602966929190216.0,9.96483356800915e-07,22685,18455,22685,1e-06,1.12640380859375,0.0,0.0,0.0039062499999999996,0.9999999999999999,0.00390625,0.9988321511510616,0.0,1,ok
retuned,256.0,riemannian,const,0.5,0.5,0.5,0.001953125,64,134217728.0,9237160908851490.0,4188399456.600121,4.534293055982814e-07,87,74,87,1e-06,1.15625,0.0,0.0,0.0039062499999999996,0.9999999999999999,0.00390625,0.9994359067280948,0.0,1,ok
retuned,256.0,kl,const,0.5,0.5,0.5,0.001953125,64,134217728.0,9237160908851490.0,6349549322.179806,6.87391871250761e-07,90,75,90,1e-06,1.171875,0.0,0.0,0.0039062499999999996,0.9999999999999999,0.00390625,0.9900024183538552,0.0,1,ok
retuned,512.0,riemannian,theory,0.5,0.0009765625,0.0009765625,1.9073486328125e-06,65536,549755813888.0,1.5492058341235532e+23,1.546908750764804e+17,9.985172510274924e-07,78842,70373,78842,1e-06,1.0738067626953125,0.0,0.0,0.0019531249999999998,0.9999999999999999,0.001953125,0.9988422232844546,0.0,1,ok
retuned,512.0,kl,theory,0.5,0.0009765625,0.0009765625,1.9073486328125e-06,65536,549755813888.0,1.5492058341235532e+23,1.5487503846850576e+17,9.997060110228972e-07,78845,70375,78845,1e-06,1.0738372802734375,0.0,0.0,0.0019531249999999998,0.9999999999999999,0.001953125,0.9988344343632128,0.0,1,ok
retuned,512.0,riemannian,const,0.5,0.5,0.5,0.0009765625,128,1073741824.0,5.911085412167214e+17,459241446036.17847,7.76915598429501e-07,152,139,152,1e-06,1.0859375,0.0,0.0,0.0019531249999999998,0.9999999999999999,0.001953125,0.9992613610342806,0.0,1,ok
retuned,512.0,kl,const,0.5,0.5,0.5,0.0009765625,128,1073741824.0,5.911085412167214e+17,274855180568.71658,4.6498259017364615e-07,156,141,156,1e-06,1.1015625,0.0,0.0,0.0019531249999999998,0.9999999999999999,0.001953125,0.9910860891546243,0.0,1,ok
retuned,1024.0,riemannian,theory,0.5,0.00048828125,0.00048828125,4.76837158203125e-07,262144,8796093022208.0,3.9661773888770365e+25,3.965494961838396e+19,9.998279383467432e-07,290176,273227,290176,1e-06,1.0422782897949219,0.0,0.0,0.0009765624999999999,0.9999999999999999,0.0009765625,0.9988399912345812,0.0,1,ok
retuned,1024.0,kl,theory,0.5,0.00048828125,0.00048828125,4.76837158203125e-07,262144,8796093022208.0,3.9661773888770365e+25,3.965327454708238e+19,9.997857044490289e-07,290180,273229,290180,1e-06,1.0422859191894531,0.0,0.0,0.0009765624999999999,0.9999999999999999,0.0009765625,0.998836465989337,0.0,1,ok
retuned,1024.0,riemannian,const,0.5,0.5,0.5,0.00048828125,256,8589934592.0,3.78286960658837e+19,12587753606650.244,3.327567406692263e-07,282,269,282,1e-06,1.05078125,0.0,0.0,0.0009765624999999999,0.9999999999999999,0.0009765625,0.9995165978618333,0.0,1,ok
retuned,1024.0,kl,const,0.5,0.5,0.5,0.00048828125,256,8589934592.0,3.78286960658837e+19,11859266641443.346,3.134992181805277e-07,286,271,286,1e-06,1.05859375,0.0,0.0,0.0009765624999999999,0.9999999999999999,0.0009765625,0.9920609692411055,0.0,1,ok
