kappa,gamma,scheme,family,dt,dt_over_certified,perturb,p,r,q,c_cycle,M,initial_gap,final_gap,final_rel_gap,min_rel_gap,max_rel_gap,amplitude_min,amplitude_max,n_steps,sign_flips,n_tol,tol_rel,converged,status
64.0,0.25,riemannian,fisher_rao,0.25,16.0,0.0,7.222222222222222,57.77777777777778,8.0,0.13846153846153847,6052.4652502691915,1160728405.546739,1160728405.5467396,1.0000000000000004,1.0,1.0000000000000009,1.0,1.0000000000000002,20000,20000,-1,1e-06,0,cycling
64.0,0.25,riemannian,fisher_rao,0.25,16.0,1e-12,7.222222222222222,57.77777777777778,8.0,0.13846153846153847,6052.4652502691915,1160728405.5488558,1160728405.5467396,0.9999999999981768,0.9999999999968097,1.0,0.9999999999992503,1.000000000001,20000,20000,-1,1e-06,0,cycling
64.0,0.25,riemannian,fisher_rao,0.25,16.0,1e-06,7.222222222222222,57.77777777777778,8.0,0.13846153846153847,6052.4652502691915,1160730522.0818174,1160728405.5467396,0.9999981765491321,0.9999968089611315,1.0,0.9999992500000007,1.000001,20000,20000,-1,1e-06,0,cycling
64.0,0.25,riemannian,fisher_rao,0.25,16.0,0.01,7.222222222222222,57.77777777777778,8.0,0.13846153846153847,6052.4652502691915,1181906983.351233,1160728405.5467396,0.9820810113631424,0.9686564123948792,1.107354572251375,0.9925000000000004,1.0696515523940997,20000,20000,-1,1e-06,0,cycling
64.0,0.25,riemannian,fisher_rao,0.25,16.0,0.05,7.222222222222222,57.77777777777778,8.0,0.13846153846153847,6052.4652502691915,1266885861.4374707,1160728405.5467396,0.9162059826208182,0.8536395597594285,1.70213659091999,0.9624999999999999,1.4573578307159518,20000,20000,-1,1e-06,0,cycling
64.0,0.25,riemannian,fisher_rao,0.25,16.0,0.1,7.222222222222222,57.77777777777778,8.0,0.13846153846153847,6052.4652502691915,1373704734.4988608,1160728405.5467396,0.8449620769270939,0.7296083007935046,1.529156849185216,0.925,1.432381570626516,20000,20000,-1,1e-06,0,cycling
64.0,0.25,riemannian,fisher_rao,0.25,16.0,0.2,7.222222222222222,57.77777777777778,8.0,0.13846153846153847,6052.4652502691915,1589326732.1336176,1115.0378747607308,7.015787579837847e-07,7.015787579837847e-07,1.0,0.0009752984092376253,1.2,24,2,24,1e-06,1,ok
64.0,0.25,riemannian,fisher_rao,0.25,16.0,0.5,7.222222222222222,57.77777777777778,8.0,0.13846153846153847,6052.4652502691915,2252066737.1336985,2122.3310873168225,9.423926264361082e-07,9.423926264361082e-07,1.0,0.0013455482444379547,1.5000000000000002,23,2,23,1e-06,1,ok
64.0,0.25,kl,fisher_rao,0.25,16.0,0.0,7.222222222222222,57.77777777777778,8.0,0.13846153846153847,6052.4652502691915,1160728405.546739,1160728405.5467396,1.0000000000000004,1.0,1.0000000000000009,1.0,1.0000000000000002,20000,20000,-1,1e-06,0,cycling
64.0,0.25,kl,fisher_rao,0.25,16.0,1e-12,7.222222222222222,57.77777777777778,8.0,0.13846153846153847,6052.4652502691915,1160728405.5488558,1160728405.5467396,0.9999999999981768,0.9999999999968097,1.0,0.9999999999992503,1.000000000001,20000,20000,-1,1e-06,0,cycling
64.0,0.25,kl,fisher_rao,0.25,16.0,1e-06,7.222222222222222,57.77777777777778,8.0,0.13846153846153847,6052.4652502691915,1160730522.0818174,1160728405.5467396,0.9999981765491321,0.9999968089611315,1.0,0.9999992500000007,1.000001,20000,20000,-1,1e-06,0,cycling
64.0,0.25,kl,fisher_rao,0.25,16.0,0.01,7.222222222222222,57.77777777777778,8.0,0.13846153846153847,6052.4652502691915,1181906983.351233,1160728405.5467412,0.9820810113631437,0.9686564123948792,1.0818844368323197,0.9925000000000004,1.0555390432840392,20000,20000,-1,1e-06,0,cycling
64.0,0.25,kl,fisher_rao,0.25,16.0,0.05,7.222222222222222,57.77777777777778,8.0,0.13846153846153847,6052.4652502691915,1266885861.4374707,1160728405.5467412,0.9162059826208195,0.8536395597594285,1.5884906723777181,0.9624999999999999,1.3927652264631423,20000,20000,-1,1e-06,0,cycling
64.0,0.25,kl,fisher_rao,0.25,16.0,0.1,7.222222222222222,57.77777777777778,8.0,0.13846153846153847,6052.4652502691915,1373704734.4988608,1160728405.5467412,0.8449620769270951,0.7296083007935046,1.4241896404629204,0.925,1.3674978991111266,20000,20000,-1,1e-06,0,cycling
64.0,0.25,kl,fisher_rao,0.25,16.0,0.2,7.222222222222222,57.77777777777778,8.0,0.13846153846153847,6052.4652502691915,1589326732.1336176,1044.174416817259,6.56991665530907e-07,6.56991665530907e-07,1.0,0.0009437675629467704,1.2,6,2,6,1e-06,1,ok
64.0,0.25,kl,fisher_rao,0.25,16.0,0.5,7.222222222222222,57.77777777777778,8.0,0.13846153846153847,6052.4652502691915,2252066737.1336985,1635.6238651328365,7.262768186055467e-07,7.262768186055467e-07,1.0,0.001181229518767898,1.5000000000000002,13,2,13,1e-06,1,ok
64.0,0.5,riemannian,fisher_rao,0.5,32.0,0.0,13.0,52.0,4.0,0.07692307692307693,3027.3282010893413,282348457.0436736,282348457.0436736,1.0,1.0,1.0000000000000013,1.0,1.0000000000000007,20000,20000,-1,1e-06,0,cycling
64.0,0.5,riemannian,fisher_rao,0.5,32.0,1e-12,13.0,52.0,4.0,0.07692307692307693,3027.3282010893413,282348457.0441502,282348457.04367375,0.9999999999983127,0.9999999999974689,1.0,0.9999999999995004,1.000000000001,20000,20000,-1,1e-06,0,cycling
64.0,0.5,riemannian,fisher_rao,0.5,32.0,1e-06,13.0,52.0,4.0,0.07692307692307693,3027.3282010893413,282348933.6089671,282348457.0436739,0.9999983121406298,0.9999974682111026,1.0,0.9999995000000006,1.000001,20000,20000,-1,1e-06,0,cycling
64.0,0.5,riemannian,fisher_rao,0.5,32.0,0.01,13.0,52.0,4.0,0.07692307692307693,3027.3282010893413,287120066.4483954,282348457.0436738,0.9833811357605715,0.9750872643728035,1.0,0.9950000000000003,1.01,20000,20000,-1,1e-06,0,cycling
64.0,0.5,riemannian,fisher_rao,0.5,32.0,0.05,13.0,52.0,4.0,0.07692307692307693,3027.3282010893413,306325645.3757648,436090888.63548994,1.4236186072522403,0.6794655622534407,3.459149311722901,0.8433124911568763,2.389619328350806,20000,20000,-1,1e-06,0,cycling
64.0,0.5,riemannian,fisher_rao,0.5,32.0,0.1,13.0,52.0,4.0,0.07692307692307693,3027.3282010893413,330600686.97906214,436090888.63548994,1.3190864562937488,0.6295743931139322,3.2051540940438494,0.8433124911568763,2.389619328350806,20000,20000,-1,1e-06,0,cycling
64.0,0.5,riemannian,fisher_rao,0.5,32.0,0.2,13.0,52.0,4.0,0.07692307692307693,3027.3282010893413,380044329.9992749,436090888.63548994,1.1474737398037802,0.5476669705039126,2.7881645948162728,0.8433124911568763,2.389619328350806,20000,20000,-1,1e-06,0,cycling
64.0,0.5,riemannian,fisher_rao,0.5,32.0,0.5,13.0,52.0,4.0,0.07692307692307693,3027.3282010893413,535523737.56886023,454.86316482854863,8.493800235513559e-07,8.493800235513559e-07,1.0,0.0012453914739434175,1.5,11,2,11,1e-06,1,ok
64.0,0.5,kl,fisher_rao,0.5,32.0,0.0,13.0,52.0,4.0,0.07692307692307693,3027.3282010893413,282348457.0436736,282348457.0436736,1.0,1.0,1.0000000000000013,1.0,1.0000000000000007,20000,20000,-1,1e-06,0,cycling
64.0,0.5,kl,fisher_rao,0.5,32.0,1e-12,13.0,52.0,4.0,0.07692307692307693,3027.3282010893413,282348457.0441502,282348457.04367375,0.9999999999983127,0.9999999999974689,1.0,0.9999999999995004,1.000000000001,20000,20000,-1,1e-06,0,cycling
64.0,0.5,kl,fisher_rao,0.5,32.0,1e-06,13.0,52.0,4.0,0.07692307692307693,3027.3282010893413,282348933.6089671,282348457.0436739,0.9999983121406298,0.9999974682111026,1.0,0.9999995000000006,1.000001,20000,20000,-1,1e-06,0,cycling
64.0,0.5,kl,fisher_rao,0.5,32.0,0.01,13.0,52.0,4.0,0.07692307692307693,3027.3282010893413,287120066.4483954,282348457.04367405,0.9833811357605724,0.9750872643728035,1.0,0.9950000000000003,1.01,20000,20000,-1,1e-06,0,cycling
64.0,0.5,kl,fisher_rao,0.5,32.0,0.05,13.0,52.0,4.0,0.07692307692307693,3027.3282010893413,306325645.3757648,282348457.04367405,0.9217264741165295,0.8829460303982588,1.7341231852730583,0.975,1.491940096510687,20000,20000,-1,1e-06,0,cycling
64.0,0.5,kl,fisher_rao,0.5,32.0,0.1,13.0,52.0,4.0,0.07692307692307693,3027.3282010893413,330600686.97906214,282348457.04367393,0.8540467947108527,0.7822826102813167,2.2592034906846594,0.9500000000000001,1.8783431386898397,20000,20000,-1,1e-06,0,cycling
64.0,0.5,kl,fisher_rao,0.5,32.0,0.2,13.0,52.0,4.0,0.07692307692307693,3027.3282010893413,380044329.9992749,282348457.04367393,0.7429355860781099,0.6182167030363129,1.9448861018283534,0.9000000000000007,1.8649884378351393,20000,20000,-1,1e-06,0,cycling
64.0,0.5,kl,fisher_rao,0.5,32.0,0.5,13.0,52.0,4.0,0.07692307692307693,3027.3282010893413,535523737.56886023,400.0316461282383,7.469914367274902e-07,7.469914367274902e-07,1.0,0.0011679123751970322,1.5,7,3,7,1e-06,1,ok
64.0,1.0,riemannian,fisher_rao,1.0,64.0,0.0,21.666666666666668,43.333333333333336,2.0,0.04615384615384615,3026.578013458532,260749923.24097836,260749923.24097815,0.9999999999999992,0.9999999999999992,1.0,0.9999999999999994,1.0,20000,20000,-1,1e-06,0,cycling
64.0,1.0,riemannian,fisher_rao,1.0,64.0,1e-12,21.666666666666668,43.333333333333336,2.0,0.04615384615384615,3026.578013458532,260749923.24137536,260749923.24097815,0.9999999999984767,0.9999999999984767,1.0,0.9999999999999994,1.000000000001,20000,20000,-1,1e-06,0,cycling
64.0,1.0,riemannian,fisher_rao,1.0,64.0,1e-06,21.666666666666668,43.333333333333336,2.0,0.04615384615384615,3026.578013458532,260750320.18197137,260749923.24097815,0.9999984776970056,0.9999984776970056,1.0,0.9999999999999994,1.000001,20000,20000,-1,1e-06,0,cycling
64.0,1.0,riemannian,fisher_rao,1.0,64.0,0.01,21.666666666666668,43.333333333333336,2.0,0.04615384615384615,3026.578013458532,264729255.70099446,260749923.2409782,0.9849682935515415,0.9849682935515406,1.0,0.999999999999999,1.01,20000,20000,-1,1e-06,0,cycling
64.0,1.0,riemannian,fisher_rao,1.0,64.0,0.05,21.666666666666668,43.333333333333336,2.0,0.04615384615384615,3026.578013458532,280845055.9879426,260749923.2409782,0.9284476179355384,0.928447617935538,1.0,0.9999999999999992,1.05,20000,20000,-1,1e-06,0,cycling
64.0,1.0,riemannian,fisher_rao,1.0,64.0,0.1,21.666666666666668,43.333333333333336,2.0,0.04615384615384615,3026.578013458532,301436364.8521157,260749923.2409782,0.8650247735335509,0.8650247735335501,1.0,0.999999999999999,1.1,20000,20000,-1,1e-06,0,cycling
64.0,1.0,riemannian,fisher_rao,1.0,64.0,0.2,21.666666666666668,43.333333333333336,2.0,0.04615384615384615,3026.578013458532,344107510.9320888,260749923.2409781,0.7577571397226441,0.7577571397226435,1.0,0.9999999999999987,1.2,20000,20000,-1,1e-06,0,cycling
64.0,1.0,riemannian,fisher_rao,1.0,64.0,0.5,21.666666666666668,43.333333333333336,2.0,0.04615384615384615,3026.578013458532,484029175.98502403,260749923.24097827,0.5387070370506879,0.5387070370506871,1.0,0.9999999999999988,1.4999999999999998,20000,20000,-1,1e-06,0,cycling
64.0,1.0,kl,fisher_rao,1.0,64.0,0.0,21.666666666666668,43.333333333333336,2.0,0.04615384615384615,3026.578013458532,260749923.24097836,260749923.24097815,0.9999999999999992,0.9999999999999992,1.0,0.9999999999999994,1.0,20000,20000,-1,1e-06,0,cycling
64.0,1.0,kl,fisher_rao,1.0,64.0,1e-12,21.666666666666668,43.333333333333336,2.0,0.04615384615384615,3026.578013458532,260749923.24137536,260749923.24097815,0.9999999999984767,0.9999999999984767,1.0,0.9999999999999994,1.000000000001,20000,20000,-1,1e-06,0,cycling
64.0,1.0,kl,fisher_rao,1.0,64.0,1e-06,21.666666666666668,43.333333333333336,2.0,0.04615384615384615,3026.578013458532,260750320.18197137,260749923.24097815,0.9999984776970056,0.9999984776970056,1.0,0.9999999999999994,1.000001,20000,20000,-1,1e-06,0,cycling
64.0,1.0,kl,fisher_rao,1.0,64.0,0.01,21.666666666666668,43.333333333333336,2.0,0.04615384615384615,3026.578013458532,264729255.70099446,260749923.2409782,0.9849682935515415,0.9849682935515406,1.0,0.999999999999999,1.01,20000,20000,-1,1e-06,0,cycling
64.0,1.0,kl,fisher_rao,1.0,64.0,0.05,21.666666666666668,43.333333333333336,2.0,0.04615384615384615,3026.578013458532,280845055.9879426,260749923.2409782,0.9284476179355384,0.928447617935538,1.0,0.9999999999999992,1.05,20000,20000,-1,1e-06,0,cycling
64.0,1.0,kl,fisher_rao,1.0,64.0,0.1,21.666666666666668,43.333333333333336,2.0,0.04615384615384615,3026.578013458532,301436364.8521157,260749923.2409782,0.8650247735335509,0.8650247735335501,1.0,0.999999999999999,1.1,20000,20000,-1,1e-06,0,cycling
64.0,1.0,kl,fisher_rao,1.0,64.0,0.2,21.666666666666668,43.333333333333336,2.0,0.04615384615384615,3026.578013458532,344107510.9320888,260749923.2409781,0.7577571397226441,0.7577571397226435,1.0,0.9999999999999987,1.2,20000,20000,-1,1e-06,0,cycling
64.0,1.0,kl,fisher_rao,1.0,64.0,0.5,21.666666666666668,43.333333333333336,2.0,0.04615384615384615,3026.578013458532,484029175.98502403,260749923.24097827,0.5387070370506879,0.5387070370506871,1.0,0.9999999999999988,1.4999999999999998,20000,20000,-1,1e-06,0,cycling
64.0,1.5,riemannian,fisher_rao,1.5,96.0,0.0,27.85714285714286,37.142857142857146,1.3333333333333333,0.035897435897435895,3026.273594152225,238401812.42771068,238401812.42771098,1.0000000000000013,0.9999999999999994,1.0000000000000013,0.9999999999999997,1.0000000000000009,20000,20000,-1,1e-06,0,cycling
64.0,1.5,riemannian,fisher_rao,1.5,96.0,1e-12,27.85714285714286,37.142857142857146,1.3333333333333333,0.035897435897435895,3026.273594152225,238401812.42805085,238401812.42771116,0.9999999999985751,0.9999999999985741,1.0,1.0000000000000007,1.000000000001,20000,20000,-1,1e-06,0,cycling
64.0,1.5,riemannian,fisher_rao,1.5,96.0,1e-06,27.85714285714286,37.142857142857146,1.3333333333333333,0.035897435897435895,3026.273594152225,238402152.5944504,238401812.42771116,0.9999985731389773,0.9999985731389763,1.0,1.0000000000000007,1.000001,20000,20000,-1,1e-06,0,cycling
64.0,1.5,riemannian,fisher_rao,1.5,96.0,0.01,27.85714285714286,37.142857142857146,1.3333333333333333,0.035897435897435895,3026.273594152225,241816234.79757124,238401812.42771122,0.9858800945572646,0.9858800945572638,1.0,1.000000000000001,1.01,20000,20000,-1,1e-06,0,cycling
64.0,1.5,riemannian,fisher_rao,1.5,96.0,0.05,27.85714285714286,37.142857142857146,1.3333333333333333,0.035897435897435895,3026.273594152225,255729049.23615617,238401812.4277111,0.9322437679246833,0.9322437679246826,1.0,1.0000000000000007,1.05,20000,20000,-1,1e-06,0,cycling
64.0,1.5,riemannian,fisher_rao,1.5,96.0,0.1,27.85714285714286,37.142857142857146,1.3333333333333333,0.035897435897435895,3026.273594152225,273694098.4424585,238401812.4277111,0.871052075234398,0.8710520752343972,1.0,1.0000000000000007,1.1,20000,20000,-1,1e-06,0,cycling
64.0,1.5,riemannian,fisher_rao,1.5,96.0,0.2,27.85714285714286,37.142857142857146,1.3333333333333333,0.035897435897435895,3026.273594152225,311537634.0486339,238401812.42771122,0.7652424181615712,0.7652424181615706,1.0,1.000000000000001,1.2,20000,20000,-1,1e-06,0,cycling
64.0,1.5,riemannian,fisher_rao,1.5,96.0,0.5,27.85714285714286,37.142857142857146,1.3333333333333333,0.035897435897435895,3026.273594152225,440375738.4157256,238401812.4277111,0.5413600060833821,0.5413600060833816,1.0,1.0000000000000007,1.4999999999999998,20000,20000,-1,1e-06,0,cycling
64.0,1.5,kl,fisher_rao,1.5,96.0,0.0,27.85714285714286,37.142857142857146,1.3333333333333333,0.035897435897435895,3026.273594152225,238401812.42771068,238401812.42771068,1.0,0.9999999999999994,1.0,0.9999999999999997,1.0,20000,20000,-1,1e-06,0,cycling
64.0,1.5,kl,fisher_rao,1.5,96.0,1e-12,27.85714285714286,37.142857142857146,1.3333333333333333,0.035897435897435895,3026.273594152225,238401812.42805085,238401812.42771074,0.9999999999985734,0.9999999999985734,1.0,1.0000000000000002,1.000000000001,20000,20000,-1,1e-06,0,cycling
64.0,1.5,kl,fisher_rao,1.5,96.0,1e-06,27.85714285714286,37.142857142857146,1.3333333333333333,0.035897435897435895,3026.273594152225,238402152.5944504,238401812.42771074,0.9999985731389756,0.9999985731389756,1.0,1.0000000000000002,1.000001,20000,20000,-1,1e-06,0,cycling
64.0,1.5,kl,fisher_rao,1.5,96.0,0.01,27.85714285714286,37.142857142857146,1.3333333333333333,0.035897435897435895,3026.273594152225,241816234.79757124,238401812.42771074,0.9858800945572626,0.9858800945572626,1.0,1.0000000000000002,1.01,20000,20000,-1,1e-06,0,cycling
64.0,1.5,kl,fisher_rao,1.5,96.0,0.05,27.85714285714286,37.142857142857146,1.3333333333333333,0.035897435897435895,3026.273594152225,255729049.23615617,238401812.4277108,0.9322437679246822,0.9322437679246822,1.0,1.0000000000000002,1.05,20000,20000,-1,1e-06,0,cycling
64.0,1.5,kl,fisher_rao,1.5,96.0,0.1,27.85714285714286,37.142857142857146,1.3333333333333333,0.035897435897435895,3026.273594152225,273694098.4424585,238401812.4277108,0.8710520752343969,0.8710520752343969,1.0,1.0000000000000002,1.1,20000,20000,-1,1e-06,0,cycling
64.0,1.5,kl,fisher_rao,1.5,96.0,0.2,27.85714285714286,37.142857142857146,1.3333333333333333,0.035897435897435895,3026.273594152225,311537634.0486339,238401812.42771074,0.7652424181615697,0.7652424181615697,1.0,1.0000000000000002,1.2,20000,20000,-1,1e-06,0,cycling
64.0,1.5,kl,fisher_rao,1.5,96.0,0.5,27.85714285714286,37.142857142857146,1.3333333333333333,0.035897435897435895,3026.273594152225,440375738.4157256,238401812.4277108,0.5413600060833814,0.5413600060833814,1.0,1.0000000000000002,1.4999999999999998,20000,20000,-1,1e-06,0,cycling
128.0,0.25,riemannian,fisher_rao,0.25,32.0,0.0,14.333333333333334,114.66666666666667,8.0,0.06976744186046512,6099.169623085355,2353646071.6439867,2353646071.6439867,1.0,0.9999999999999994,1.0,0.9999999999999997,1.0,20000,20000,-1,1e-06,0,cycling
128.0,0.25,riemannian,fisher_rao,0.25,32.0,1e-12,14.333333333333334,114.66666666666667,8.0,0.06976744186046512,6099.169623085355,2353646071.6482525,2353646071.6439857,0.9999999999981872,0.9999999999968284,1.0,0.99999999999925,1.000000000001,20000,20000,-1,1e-06,0,cycling
128.0,0.25,riemannian,fisher_rao,0.25,32.0,1e-06,14.333333333333334,114.66666666666667,8.0,0.06976744186046512,6099.169623085355,2353650337.229357,2353646071.6439867,0.9999981876724412,0.9999968284269206,1.0,0.99999925,1.000001,20000,20000,-1,1e-06,0,cycling
128.0,0.25,riemannian,fisher_rao,0.25,32.0,0.01,14.333333333333334,114.66666666666667,8.0,0.06976744186046512,6099.169623085355,2396328582.5887566,2353646071.6439896,0.9821883729740197,0.9688442535511874,1.0,0.9925000000000002,1.01,20000,20000,-1,1e-06,0,cycling
128.0,0.25,riemannian,fisher_rao,0.25,32.0,0.05,14.333333333333334,114.66666666666667,8.0,0.06976744186046512,6099.169623085355,2567591824.5058117,2353646071.6439896,0.916674546623858,0.8544914302791536,1.7760821568969098,0.9625000000000001,1.5015809085268523,20000,20000,-1,1e-06,0,cycling
128.0,0.25,riemannian,fisher_rao,0.25,32.0,0.1,14.333333333333334,114.66666666666667,8.0,0.06976744186046512,6099.169623085355,2782870572.71257,2353646071.6439896,0.8457619605894214,0.7310800655991524,1.5980551819128002,0.9249999999999995,1.476599884767102,20000,20000,-1,1e-06,0,cycling
128.0,0.25,riemannian,fisher_rao,0.25,32.0,0.2,14.333333333333334,114.66666666666667,8.0,0.06976744186046512,6099.169623085355,3217427055.1608872,2444.0813864158636,7.596384764948922e-07,7.596384764948922e-07,1.0,0.0010132045540794767,1.2,24,2,24,1e-06,1,ok
128.0,0.25,riemannian,fisher_rao,0.25,32.0,0.5,14.333333333333334,114.66666666666667,8.0,0.06976744186046512,6099.169623085355,4553088390.784244,4551.731120450568,9.99701901167475e-07,9.99701901167475e-07,1.0,0.001382698848452101,1.5,23,2,23,1e-06,1,ok
128.0,0.25,kl,fisher_rao,0.25,32.0,0.0,14.333333333333334,114.66666666666667,8.0,0.06976744186046512,6099.169623085355,2353646071.6439867,2353646071.6439867,1.0,0.9999999999999994,1.0,0.9999999999999997,1.0,20000,20000,-1,1e-06,0,cycling
128.0,0.25,kl,fisher_rao,0.25,32.0,1e-12,14.333333333333334,114.66666666666667,8.0,0.06976744186046512,6099.169623085355,2353646071.6482525,2353646071.6439857,0.9999999999981872,0.9999999999968284,1.0,0.99999999999925,1.000000000001,20000,20000,-1,1e-06,0,cycling
128.0,0.25,kl,fisher_rao,0.25,32.0,1e-06,14.333333333333334,114.66666666666667,8.0,0.06976744186046512,6099.169623085355,2353650337.229357,2353646071.6439867,0.9999981876724412,0.9999968284269206,1.0,0.99999925,1.000001,20000,20000,-1,1e-06,0,cycling
128.0,0.25,kl,fisher_rao,0.25,32.0,0.01,14.333333333333334,114.66666666666667,8.0,0.06976744186046512,6099.169623085355,2396328582.5887566,2353646071.643992,0.9821883729740207,0.9688442535511874,1.0,0.9925000000000002,1.01,20000,20000,-1,1e-06,0,cycling
128.0,0.25,kl,fisher_rao,0.25,32.0,0.05,14.333333333333334,114.66666666666667,8.0,0.06976744186046512,6099.169623085355,2567591824.5058117,2353646071.6439896,0.916674546623858,0.8544914302791536,1.6586826813451574,0.9625000000000001,1.4348215203211432,20000,20000,-1,1e-06,0,cycling
128.0,0.25,kl,fisher_rao,0.25,32.0,0.1,14.333333333333334,114.66666666666667,8.0,0.06976744186046512,6099.169623085355,2782870572.71257,2353646071.6439896,0.8457619605894214,0.7310800655991524,1.489546771284972,0.9249999999999995,1.409523782744935,20000,20000,-1,1e-06,0,cycling
128.0,0.25,kl,fisher_rao,0.25,32.0,0.2,14.333333333333334,114.66666666666667,8.0,0.06976744186046512,6099.169623085355,3217427055.1608872,1739.885026982765,5.407690670692648e-07,5.407690670692648e-07,1.0,0.0008548522150888281,1.2,6,2,6,1e-06,1,ok
128.0,0.25,kl,fisher_rao,0.25,32.0,0.5,14.333333333333334,114.66666666666667,8.0,0.06976744186046512,6099.169623085355,4553088390.784244,3292.5799033295425,7.231530822010715e-07,7.231530822010715e-07,1.0,0.0011760002015392416,1.5,13,2,13,1e-06,1,ok
128.0,0.5,riemannian,fisher_rao,0.5,64.0,0.0,25.8,103.2,4.0,0.03875968992248062,6098.362497515457,2286366771.779209,2286366771.779209,1.0,0.9999999999999991,1.0,0.9999999999999994,1.0,20000,20000,-1,1e-06,0,cycling
128.0,0.5,riemannian,fisher_rao,0.5,64.0,1e-12,25.8,103.2,4.0,0.03875968992248062,6098.362497515457,2286366771.7830477,2286366771.779208,0.9999999999983207,0.9999999999974819,1.0,0.9999999999995001,1.000000000001,20000,20000,-1,1e-06,0,cycling
128.0,0.5,riemannian,fisher_rao,0.5,64.0,1e-06,25.8,103.2,4.0,0.03875968992248062,6098.362497515457,2286370609.7902846,2286366771.779208,0.9999983213521639,0.9999974820284036,1.0,0.9999994999999997,1.000001,20000,20000,-1,1e-06,0,cycling
128.0,0.5,riemannian,fisher_rao,0.5,64.0,0.01,25.8,103.2,4.0,0.03875968992248062,6098.362497515457,2324794852.867592,2286366771.77921,0.9834703345798528,0.9752209790622365,1.0,0.995,1.01,20000,20000,-1,1e-06,0,cycling
128.0,0.5,riemannian,fisher_rao,0.5,64.0,0.05,25.8,103.2,4.0,0.03875968992248062,6098.362497515457,2479466679.8700237,3636851067.933236,1.466787635203827,0.6472537849960296,3.611480748732364,0.8214230231573205,2.4680198676723477,20000,20000,-1,1e-06,0,cycling
128.0,0.5,riemannian,fisher_rao,0.5,64.0,0.1,25.8,103.2,4.0,0.03875968992248062,6098.362497515457,2674965344.5830846,3636851067.933236,1.359588106551739,0.5999495270349157,3.3475372679527484,0.8214230231573205,2.4680198676723477,20000,20000,-1,1e-06,0,cycling
128.0,0.5,riemannian,fisher_rao,0.5,64.0,0.2,25.8,103.2,4.0,0.03875968992248062,6098.362497515457,3073158943.875943,3636851067.933237,1.183424331234346,0.522213208827182,2.9137920768199033,0.8214230231573202,2.468019867672348,20000,20000,-1,1e-06,0,cycling
128.0,0.5,riemannian,fisher_rao,0.5,64.0,0.5,25.8,103.2,4.0,0.03875968992248062,6098.362497515457,4325309900.688429,3226.414606120041,7.459383674696963e-07,7.459383674696963e-07,1.0,0.0011642784636732705,1.5,10,2,10,1e-06,1,ok
128.0,0.5,kl,fisher_rao,0.5,64.0,0.0,25.8,103.2,4.0,0.03875968992248062,6098.362497515457,2286366771.779209,2286366771.779209,1.0,0.9999999999999991,1.0,0.9999999999999994,1.0,20000,20000,-1,1e-06,0,cycling
128.0,0.5,kl,fisher_rao,0.5,64.0,1e-12,25.8,103.2,4.0,0.03875968992248062,6098.362497515457,2286366771.7830477,2286366771.779208,0.9999999999983207,0.9999999999974819,1.0,0.9999999999995001,1.000000000001,20000,20000,-1,1e-06,0,cycling
128.0,0.5,kl,fisher_rao,0.5,64.0,1e-06,25.8,103.2,4.0,0.03875968992248062,6098.362497515457,2286370609.7902846,2286366771.779208,0.9999983213521639,0.9999974820284036,1.0,0.9999994999999997,1.000001,20000,20000,-1,1e-06,0,cycling
128.0,0.5,kl,fisher_rao,0.5,64.0,0.01,25.8,103.2,4.0,0.03875968992248062,6098.362497515457,2324794852.867592,2286366771.7792125,0.9834703345798538,0.9752209790622365,1.0,0.995,1.01,20000,20000,-1,1e-06,0,cycling
128.0,0.5,kl,fisher_rao,0.5,64.0,0.05,25.8,103.2,4.0,0.03875968992248062,6098.362497515457,2479466679.8700237,2286366771.779211,0.9221203859448778,0.88353349210954,1.8345283149887095,0.9749999999999998,1.5514323975249473,20000,20000,-1,1e-06,0,cycling
128.0,0.5,kl,fisher_rao,0.5,64.0,0.1,25.8,103.2,4.0,0.03875968992248062,6098.362497515457,2674965344.5830846,2286366771.779211,0.854727623447234,0.783285631680351,2.348981319701588,0.9499999999999995,1.9327030936192422,20000,20000,-1,1e-06,0,cycling
128.0,0.5,kl,fisher_rao,0.5,64.0,0.2,25.8,103.2,4.0,0.03875968992248062,6098.362497515457,3073158943.875943,2286366771.779211,0.7439793429283516,0.6197138262328308,2.024691921719155,0.8999999999999996,1.9197462303539963,20000,20000,-1,1e-06,0,cycling
128.0,0.5,kl,fisher_rao,0.5,64.0,0.5,25.8,103.2,4.0,0.03875968992248062,6098.362497515457,4325309900.688429,3788.9168806228067,8.759873783887142e-07,8.759873783887142e-07,1.0,0.0012616940632484209,1.5,7,3,7,1e-06,1,ok
128.0,1.0,riemannian,fisher_rao,1.0,128.0,0.0,43.0,86.0,2.0,0.023255813953488372,6097.829982666574,2110758622.7224562,2110758622.7224572,1.0000000000000004,1.0,1.0000000000000004,1.0,1.0000000000000002,20000,20000,-1,1e-06,0,cycling
128.0,1.0,riemannian,fisher_rao,1.0,128.0,1e-12,43.0,86.0,2.0,0.023255813953488372,6097.829982666574,2110758622.725654,2110758622.7224576,0.9999999999984858,0.9999999999984849,1.0,0.9999999999999999,1.000000000001,20000,20000,-1,1e-06,0,cycling
128.0,1.0,riemannian,fisher_rao,1.0,128.0,1e-06,43.0,86.0,2.0,0.023255813953488372,6097.829982666574,2110761820.5068786,2110758622.7224572,0.9999984850093505,0.99999848500935,1.0,1.0,1.000001,20000,20000,-1,1e-06,0,cycling
128.0,1.0,riemannian,fisher_rao,1.0,128.0,0.01,43.0,86.0,2.0,0.023255813953488372,6097.829982666574,2142816403.540882,2110758622.7224572,0.9850394178589209,0.9850394178589204,1.0,1.0,1.01,20000,20000,-1,1e-06,0,cycling
128.0,1.0,riemannian,fisher_rao,1.0,128.0,0.05,43.0,86.0,2.0,0.023255813953488372,6097.829982666574,2272646418.625979,2110758622.7224567,0.9287668356253156,0.9287668356253156,1.0,1.0000000000000002,1.05,20000,20000,-1,1e-06,0,cycling
128.0,1.0,riemannian,fisher_rao,1.0,128.0,0.1,43.0,86.0,2.0,0.023255813953488372,6097.829982666574,2438531444.057984,2110758622.7224576,0.8655859771116684,0.8655859771116676,1.0,0.9999999999999999,1.1,20000,20000,-1,1e-06,0,cycling
128.0,1.0,riemannian,fisher_rao,1.0,128.0,0.2,43.0,86.0,2.0,0.023255813953488372,6097.829982666574,2782293183.50744,2110758622.7224572,0.7586399000775228,0.7586399000775224,1.0,1.0,1.2,20000,20000,-1,1e-06,0,cycling
128.0,1.0,riemannian,fisher_rao,1.0,128.0,0.5,43.0,86.0,2.0,0.023255813953488372,6097.829982666574,3909511910.5393777,2110758622.7224576,0.5399033616017929,0.5399033616017923,1.0,0.9999999999999999,1.5,20000,20000,-1,1e-06,0,cycling
128.0,1.0,kl,fisher_rao,1.0,128.0,0.0,43.0,86.0,2.0,0.023255813953488372,6097.829982666574,2110758622.7224562,2110758622.7224572,1.0000000000000004,1.0,1.0000000000000004,1.0,1.0000000000000002,20000,20000,-1,1e-06,0,cycling
128.0,1.0,kl,fisher_rao,1.0,128.0,1e-12,43.0,86.0,2.0,0.023255813953488372,6097.829982666574,2110758622.725654,2110758622.7224576,0.9999999999984858,0.9999999999984849,1.0,0.9999999999999999,1.000000000001,20000,20000,-1,1e-06,0,cycling
128.0,1.0,kl,fisher_rao,1.0,128.0,1e-06,43.0,86.0,2.0,0.023255813953488372,6097.829982666574,2110761820.5068786,2110758622.7224572,0.9999984850093505,0.99999848500935,1.0,1.0,1.000001,20000,20000,-1,1e-06,0,cycling
128.0,1.0,kl,fisher_rao,1.0,128.0,0.01,43.0,86.0,2.0,0.023255813953488372,6097.829982666574,2142816403.540882,2110758622.7224572,0.9850394178589209,0.9850394178589204,1.0,1.0,1.01,20000,20000,-1,1e-06,0,cycling
128.0,1.0,kl,fisher_rao,1.0,128.0,0.05,43.0,86.0,2.0,0.023255813953488372,6097.829982666574,2272646418.625979,2110758622.7224567,0.9287668356253156,0.9287668356253156,1.0,1.0000000000000002,1.05,20000,20000,-1,1e-06,0,cycling
128.0,1.0,kl,fisher_rao,1.0,128.0,0.1,43.0,86.0,2.0,0.023255813953488372,6097.829982666574,2438531444.057984,2110758622.7224576,0.8655859771116684,0.8655859771116676,1.0,0.9999999999999999,1.1,20000,20000,-1,1e-06,0,cycling
128.0,1.0,kl,fisher_rao,1.0,128.0,0.2,43.0,86.0,2.0,0.023255813953488372,6097.829982666574,2782293183.50744,2110758622.7224572,0.7586399000775228,0.7586399000775224,1.0,1.0,1.2,20000,20000,-1,1e-06,0,cycling
128.0,1.0,kl,fisher_rao,1.0,128.0,0.5,43.0,86.0,2.0,0.023255813953488372,6097.829982666574,3909511910.5393777,2110758622.7224576,0.5399033616017929,0.5399033616017923,1.0,0.9999999999999999,1.5,20000,20000,-1,1e-06,0,cycling
128.0,1.5,riemannian,fisher_rao,1.5,192.0,0.0,55.28571428571429,73.71428571428572,1.3333333333333333,0.01808785529715762,6097.613892992155,1930196321.8992045,1930196321.8992052,1.0000000000000004,1.0,1.0000000000000004,1.0,1.0000000000000002,20000,20000,-1,1e-06,0,cycling
128.0,1.5,riemannian,fisher_rao,1.5,192.0,1e-12,55.28571428571429,73.71428571428572,1.3333333333333333,0.01808785529715762,6097.613892992155,1930196321.9019454,1930196321.8992076,0.9999999999985816,0.9999999999985808,1.0,1.0000000000000004,1.000000000001,20000,20000,-1,1e-06,0,cycling
128.0,1.5,riemannian,fisher_rao,1.5,192.0,1e-06,55.28571428571429,73.71428571428572,1.3333333333333333,0.01808785529715762,6097.613892992155,1930199062.663363,1930196321.899207,0.9999985800613994,0.999998580061399,1.0,1.0000000000000007,1.000001,20000,20000,-1,1e-06,0,cycling
128.0,1.5,riemannian,fisher_rao,1.5,192.0,0.01,55.28571428571429,73.71428571428572,1.3333333333333333,0.01808785529715762,6097.613892992155,1957706731.8266368,1930196321.899207,0.9859476348115935,0.985947634811593,1.0,1.0000000000000007,1.01,20000,20000,-1,1e-06,0,cycling
128.0,1.5,riemannian,fisher_rao,1.5,192.0,0.05,55.28571428571429,73.71428571428572,1.3333333333333333,0.01808785529715762,6097.613892992155,2069803943.8846164,1930196321.899207,0.9325503159862605,0.93255031598626,1.0,1.0000000000000007,1.05,20000,20000,-1,1e-06,0,cycling
128.0,1.5,riemannian,fisher_rao,1.5,192.0,0.1,55.28571428571429,73.71428571428572,1.3333333333333333,0.01808785529715762,6097.613892992155,2214550496.740657,1930196321.899207,0.871597339839413,0.8715973398394126,1.0,1.0000000000000007,1.1,20000,20000,-1,1e-06,0,cycling
128.0,1.5,riemannian,fisher_rao,1.5,192.0,0.2,55.28571428571429,73.71428571428572,1.3333333333333333,0.01808785529715762,6097.613892992155,2519460395.0646234,1930196321.8992076,0.7661149687767561,0.7661149687767554,1.0,1.0000000000000004,1.2,20000,20000,-1,1e-06,0,cycling
128.0,1.5,riemannian,fisher_rao,1.5,192.0,0.5,55.28571428571429,73.71428571428572,1.3333333333333333,0.01808785529715762,6097.613892992155,3557524430.931613,1930196321.8992076,0.5425672709698707,0.5425672709698702,1.0,1.0000000000000004,1.5,20000,20000,-1,1e-06,0,cycling
128.0,1.5,kl,fisher_rao,1.5,192.0,0.0,55.28571428571429,73.71428571428572,1.3333333333333333,0.01808785529715762,6097.613892992155,1930196321.8992045,1930196321.8992045,1.0,1.0,1.0000000000000002,1.0,1.0,20000,20000,-1,1e-06,0,cycling
128.0,1.5,kl,fisher_rao,1.5,192.0,1e-12,55.28571428571429,73.71428571428572,1.3333333333333333,0.01808785529715762,6097.613892992155,1930196321.9019454,1930196321.8992052,0.9999999999985804,0.9999999999985804,1.0,1.0000000000000002,1.000000000001,20000,20000,-1,1e-06,0,cycling
128.0,1.5,kl,fisher_rao,1.5,192.0,1e-06,55.28571428571429,73.71428571428572,1.3333333333333333,0.01808785529715762,6097.613892992155,1930199062.663363,1930196321.8992045,0.9999985800613981,0.9999985800613981,1.0,1.0,1.000001,20000,20000,-1,1e-06,0,cycling
128.0,1.5,kl,fisher_rao,1.5,192.0,0.01,55.28571428571429,73.71428571428572,1.3333333333333333,0.01808785529715762,6097.613892992155,1957706731.8266368,1930196321.8992045,0.9859476348115922,0.9859476348115922,1.0,1.0,1.01,20000,20000,-1,1e-06,0,cycling
128.0,1.5,kl,fisher_rao,1.5,192.0,0.05,55.28571428571429,73.71428571428572,1.3333333333333333,0.01808785529715762,6097.613892992155,2069803943.8846164,1930196321.8992045,0.9325503159862591,0.9325503159862591,1.0,1.0,1.05,20000,20000,-1,1e-06,0,cycling
128.0,1.5,kl,fisher_rao,1.5,192.0,0.1,55.28571428571429,73.71428571428572,1.3333333333333333,0.01808785529715762,6097.613892992155,2214550496.740657,1930196321.8992045,0.8715973398394118,0.8715973398394118,1.0,1.0,1.1,20000,20000,-1,1e-06,0,cycling
128.0,1.5,kl,fisher_rao,1.5,192.0,0.2,55.28571428571429,73.71428571428572,1.3333333333333333,0.01808785529715762,6097.613892992155,2519460395.0646234,1930196321.8992052,0.7661149687767552,0.7661149687767552,1.0,1.0000000000000002,1.2,20000,20000,-1,1e-06,0,cycling
128.0,1.5,kl,fisher_rao,1.5,192.0,0.5,55.28571428571429,73.71428571428572,1.3333333333333333,0.01808785529715762,6097.613892992155,3557524430.931613,1930196321.8992052,0.54256727096987,0.54256727096987,1.0,1.0000000000000002,1.5,20000,20000,-1,1e-06,0,cycling
256.0,0.25,riemannian,fisher_rao,0.25,64.0,0.0,28.555555555555557,228.44444444444446,8.0,0.03501945525291829,12242.245617945355,18951193081.782074,18951193081.782085,1.0000000000000007,1.0,1.000000000000001,1.0,1.0000000000000007,20000,20000,-1,1e-06,0,cycling
256.0,0.25,riemannian,fisher_rao,0.25,64.0,1e-12,28.555555555555557,228.44444444444446,8.0,0.03501945525291829,12242.245617945355,18951193081.816315,18951193081.7821,0.9999999999981947,0.999999999996839,1.0,0.9999999999992504,1.000000000001,20000,20000,-1,1e-06,0,cycling
256.0,0.25,riemannian,fisher_rao,0.25,64.0,1e-06,28.555555555555557,228.44444444444446,8.0,0.03501945525291829,12242.245617945355,18951227319.34198,18951193081.7821,0.9999981933856155,0.9999968384249736,1.0,0.9999992500000003,1.000001,20000,20000,-1,1e-06,0,cycling
256.0,0.25,riemannian,fisher_rao,0.25,64.0,0.01,28.555555555555557,228.44444444444446,8.0,0.03501945525291829,12242.245617945355,19293782644.179596,18951193081.782085,0.9822435253513722,0.9689407243156302,1.0,0.9925000000000008,1.01,20000,20000,-1,1e-06,0,cycling
256.0,0.25,riemannian,fisher_rao,0.25,64.0,0.05,28.555555555555557,228.44444444444446,8.0,0.03501945525291829,12242.245617945355,20668420588.49043,18951193081.782085,0.91691539760592,0.8549098366569153,1.8127400003120073,0.9625,1.5236504507585749,20000,20000,-1,1e-06,0,cycling
256.0,0.25,riemannian,fisher_rao,0.25,64.0,0.1,28.555555555555557,228.44444444444446,8.0,0.03501945525291829,12242.245617945355,22396347332.0007,18951193081.782085,0.8461733871533571,0.731784419439195,1.631874447642167,0.9250000000000004,1.4984355093303632,20000,20000,-1,1e-06,0,cycling
256.0,0.25,riemannian,fisher_rao,0.25,64.0,0.2,28.555555555555557,228.44444444444446,8.0,0.03501945525291829,12242.245617945355,25884298529.427002,20458.307851015536,7.903752086523482e-07,7.903752086523482e-07,1.0,0.0010326871698482184,1.2,24,2,24,1e-06,1,ok
256.0,0.25,riemannian,fisher_rao,0.25,64.0,0.5,28.555555555555557,228.44444444444446,8.0,0.03501945525291829,12242.245617945355,36604933804.95203,21198.53831495113,5.791169689831082e-07,5.791169689831082e-07,1.0,0.0010512037096710553,1.4999999999999998,24,2,24,1e-06,1,ok
256.0,0.25,kl,fisher_rao,0.25,64.0,0.0,28.555555555555557,228.44444444444446,8.0,0.03501945525291829,12242.245617945355,18951193081.782074,18951193081.782085,1.0000000000000007,1.0,1.000000000000001,1.0,1.0000000000000007,20000,20000,-1,1e-06,0,cycling
256.0,0.25,kl,fisher_rao,0.25,64.0,1e-12,28.555555555555557,228.44444444444446,8.0,0.03501945525291829,12242.245617945355,18951193081.816315,18951193081.7821,0.9999999999981947,0.999999999996839,1.0,0.9999999999992504,1.000000000001,20000,20000,-1,1e-06,0,cycling
256.0,0.25,kl,fisher_rao,0.25,64.0,1e-06,28.555555555555557,228.44444444444446,8.0,0.03501945525291829,12242.245617945355,18951227319.34198,18951193081.7821,0.9999981933856155,0.9999968384249736,1.0,0.9999992500000003,1.000001,20000,20000,-1,1e-06,0,cycling
256.0,0.25,kl,fisher_rao,0.25,64.0,0.01,28.555555555555557,228.44444444444446,8.0,0.03501945525291829,12242.245617945355,19293782644.179596,18951193081.782097,0.9822435253513727,0.9689407243156302,1.0,0.9925000000000008,1.01,20000,20000,-1,1e-06,0,cycling
256.0,0.25,kl,fisher_rao,0.25,64.0,0.05,28.555555555555557,228.44444444444446,8.0,0.03501945525291829,12242.245617945355,20668420588.49043,18951193081.782097,0.9169153976059206,0.8549098366569153,1.6938519613046288,0.9625,1.4560213883753295,20000,20000,-1,1e-06,0,cycling
256.0,0.25,kl,fisher_rao,0.25,64.0,0.1,28.555555555555557,228.44444444444446,8.0,0.03501945525291829,12242.245617945355,22396347332.0007,18951193081.782097,0.8461733871533575,0.731784419439195,1.5219732641309751,0.9250000000000004,1.4304889608227787,20000,20000,-1,1e-06,0,cycling
256.0,0.25,kl,fisher_rao,0.25,64.0,0.2,28.555555555555557,228.44444444444446,8.0,0.03501945525291829,12242.245617945355,25884298529.427002,12378.437340008684,4.782218581637841e-07,4.782218581637841e-07,1.0,0.0008032775631704868,1.2,6,2,6,1e-06,1,ok
256.0,0.25,kl,fisher_rao,0.25,64.0,0.5,28.555555555555557,228.44444444444446,8.0,0.03501945525291829,12242.245617945355,36604933804.95203,26407.3926355387,7.214162106192972e-07,7.214162106192972e-07,1.0,0.001173266524651274,1.4999999999999998,13,2,13,1e-06,1,ok
256.0,0.5,riemannian,fisher_rao,0.5,128.0,0.0,51.4,205.6,4.0,0.019455252918287938,12241.673784701725,18404812263.593826,18404812263.593826,1.0,1.0,1.0,1.0,1.0,20000,20000,-1,1e-06,0,cycling
256.0,0.5,riemannian,fisher_rao,0.5,128.0,1e-12,51.4,205.6,4.0,0.019455252918287938,12241.673784701725,18404812263.62464,18404812263.593834,0.9999999999983261,0.9999999999974892,1.0,0.9999999999995003,1.000000000001,20000,20000,-1,1e-06,0,cycling
256.0,0.5,riemannian,fisher_rao,0.5,128.0,1e-06,51.4,205.6,4.0,0.019455252918287938,12241.673784701725,18404843074.521114,18404812263.593834,0.9999983259337145,0.9999974889007281,1.0,0.9999995000000003,1.000001,20000,20000,-1,1e-06,0,cycling
256.0,0.5,riemannian,fisher_rao,0.5,128.0,0.01,51.4,205.6,4.0,0.019455252918287938,12241.673784701725,18713306634.553814,18404812263.59384,0.983514705498902,0.9752874938736025,1.0,0.9950000000000002,1.01,20000,20000,-1,1e-06,0,cycling
256.0,0.5,riemannian,fisher_rao,0.5,128.0,0.05,51.4,205.6,4.0,0.019455252918287938,12241.673784701725,19954986849.25419,28753192392.550446,1.4409025979200325,0.6299704833834663,3.687943416698663,0.8096524284909475,2.5072203896430394,20000,20000,-1,1e-06,0,cycling
256.0,0.5,riemannian,fisher_rao,0.5,128.0,0.1,51.4,205.6,4.0,0.019455252918287938,12241.673784701725,21524418262.06561,29630898838.225613,1.3766178708042842,0.5840368161536073,3.419040713900022,0.8096524284909469,2.5072203896430416,20000,20000,-1,1e-06,0,cycling
256.0,0.5,riemannian,fisher_rao,0.5,128.0,0.2,51.4,205.6,4.0,0.019455252918287938,12241.673784701725,24721051569.141624,29630898838.225613,1.1986099683240323,0.5085160991706091,2.9769309034118403,0.8096524284909472,2.5072203896430416,20000,20000,-1,1e-06,0,cycling
256.0,0.5,riemannian,fisher_rao,0.5,128.0,0.5,51.4,205.6,4.0,0.019455252918287938,12241.673784701725,34773115341.99514,28823.16868620698,8.288923325600778e-07,8.288923325600778e-07,1.0,0.0012258154041167974,1.5000000000000002,10,2,10,1e-06,1,ok
256.0,0.5,kl,fisher_rao,0.5,128.0,0.0,51.4,205.6,4.0,0.019455252918287938,12241.673784701725,18404812263.593826,18404812263.593826,1.0,1.0,1.0,1.0,1.0,20000,20000,-1,1e-06,0,cycling
256.0,0.5,kl,fisher_rao,0.5,128.0,1e-12,51.4,205.6,4.0,0.019455252918287938,12241.673784701725,18404812263.62464,18404812263.593834,0.9999999999983261,0.9999999999974892,1.0,0.9999999999995003,1.000000000001,20000,20000,-1,1e-06,0,cycling
256.0,0.5,kl,fisher_rao,0.5,128.0,1e-06,51.4,205.6,4.0,0.019455252918287938,12241.673784701725,18404843074.521114,18404812263.593834,0.9999983259337145,0.9999974889007281,1.0,0.9999995000000003,1.000001,20000,20000,-1,1e-06,0,cycling
256.0,0.5,kl,fisher_rao,0.5,128.0,0.01,51.4,205.6,4.0,0.019455252918287938,12241.673784701725,18713306634.553814,18404812263.59385,0.9835147054989023,0.9752874938736025,1.0,0.9950000000000002,1.01,20000,20000,-1,1e-06,0,cycling
256.0,0.5,kl,fisher_rao,0.5,128.0,0.05,51.4,205.6,4.0,0.019455252918287938,12241.673784701725,19954986849.25419,18404812263.59384,0.9223164316082582,0.8838259890763489,1.879393277707237,0.9750000000000005,1.5780868480287824,20000,20000,-1,1e-06,0,cycling
256.0,0.5,kl,fisher_rao,0.5,128.0,0.1,51.4,205.6,4.0,0.019455252918287938,12241.673784701725,21524418262.06561,18404812263.59384,0.8550666521859164,0.7837858701557873,2.395937780178292,0.9500000000000001,1.9610062901152998,20000,20000,-1,1e-06,0,cycling
256.0,0.5,kl,fisher_rao,0.5,128.0,0.2,51.4,205.6,4.0,0.019455252918287938,12241.673784701725,24721051569.141624,18404812263.59384,0.7444995700169926,0.6204618272814445,2.0664614838146207,0.9000000000000005,1.948270128085655,20000,20000,-1,1e-06,0,cycling
256.0,0.5,kl,fisher_rao,0.5,128.0,0.5,51.4,205.6,4.0,0.019455252918287938,12241.673784701725,34773115341.99514,32877.068059378085,9.454737585640704e-07,9.454737585640704e-07,1.0,0.0013091841043979052,1.5000000000000002,7,3,7,1e-06,1,ok
256.0,1.0,riemannian,fisher_rao,1.0,256.0,0.0,85.66666666666667,171.33333333333334,2.0,0.011673151750972763,12241.296507974686,16987531155.159927,16987531155.159927,1.0,1.0,1.0000000000000004,1.0,1.0000000000000002,20000,20000,-1,1e-06,0,cycling
256.0,1.0,riemannian,fisher_rao,1.0,256.0,1e-12,85.66666666666667,171.33333333333334,2.0,0.011673151750972763,12241.296507974686,16987531155.1856,16987531155.159927,0.9999999999984888,0.9999999999984888,1.0,1.0,1.000000000001,20000,20000,-1,1e-06,0,cycling
256.0,1.0,riemannian,fisher_rao,1.0,256.0,1e-06,85.66666666666667,171.33333333333334,2.0,0.011673151750972763,12241.296507974686,16987556829.353298,16987531155.159935,0.999998488647095,0.9999984886470945,1.0,1.0,1.000001,20000,20000,-1,1e-06,0,cycling
256.0,1.0,riemannian,fisher_rao,1.0,256.0,0.01,85.66666666666667,171.33333333333334,2.0,0.011673151750972763,12241.296507974686,17244914879.369846,16987531155.159927,0.9850748046012203,0.9850748046012203,1.0,1.0,1.01,20000,20000,-1,1e-06,0,cycling
256.0,1.0,riemannian,fisher_rao,1.0,256.0,0.05,85.66666666666667,171.33333333333334,2.0,0.011673151750972763,12241.296507974686,18287286869.686314,16987531155.159927,0.9289257217985184,0.9289257217985184,1.0,1.0,1.05,20000,20000,-1,1e-06,0,cycling
256.0,1.0,riemannian,fisher_rao,1.0,256.0,0.1,85.66666666666667,171.33333333333334,2.0,0.011673151750972763,12241.296507974686,19619135317.90471,16987531155.159935,0.8658654359581722,0.8658654359581719,1.0,1.0,1.1,20000,20000,-1,1e-06,0,cycling
256.0,1.0,riemannian,fisher_rao,1.0,256.0,0.2,85.66666666666667,171.33333333333334,2.0,0.011673151750972763,12241.296507974686,22379110415.41752,16987531155.159931,0.7590798222013688,0.7590798222013685,1.0,0.9999999999999999,1.2,20000,20000,-1,1e-06,0,cycling
256.0,1.0,riemannian,fisher_rao,1.0,256.0,0.5,85.66666666666667,171.33333333333334,2.0,0.011673151750972763,12241.296507974686,31429261316.5642,16987531155.159927,0.5405004904205931,0.5405004904205931,1.0,1.0,1.5,20000,20000,-1,1e-06,0,cycling
256.0,1.0,kl,fisher_rao,1.0,256.0,0.0,85.66666666666667,171.33333333333334,2.0,0.011673151750972763,12241.296507974686,16987531155.159927,16987531155.159927,1.0,1.0,1.0000000000000004,1.0,1.0000000000000002,20000,20000,-1,1e-06,0,cycling
256.0,1.0,kl,fisher_rao,1.0,256.0,1e-12,85.66666666666667,171.33333333333334,2.0,0.011673151750972763,12241.296507974686,16987531155.1856,16987531155.159927,0.9999999999984888,0.9999999999984888,1.0,1.0,1.000000000001,20000,20000,-1,1e-06,0,cycling
256.0,1.0,kl,fisher_rao,1.0,256.0,1e-06,85.66666666666667,171.33333333333334,2.0,0.011673151750972763,12241.296507974686,16987556829.353298,16987531155.159935,0.999998488647095,0.9999984886470945,1.0,1.0,1.000001,20000,20000,-1,1e-06,0,cycling
256.0,1.0,kl,fisher_rao,1.0,256.0,0.01,85.66666666666667,171.33333333333334,2.0,0.011673151750972763,12241.296507974686,17244914879.369846,16987531155.159927,0.9850748046012203,0.9850748046012203,1.0,1.0,1.01,20000,20000,-1,1e-06,0,cycling
256.0,1.0,kl,fisher_rao,1.0,256.0,0.05,85.66666666666667,171.33333333333334,2.0,0.011673151750972763,12241.296507974686,18287286869.686314,16987531155.159927,0.9289257217985184,0.9289257217985184,1.0,1.0,1.05,20000,20000,-1,1e-06,0,cycling
256.0,1.0,kl,fisher_rao,1.0,256.0,0.1,85.66666666666667,171.33333333333334,2.0,0.011673151750972763,12241.296507974686,19619135317.90471,16987531155.159935,0.8658654359581722,0.8658654359581719,1.0,1.0,1.1,20000,20000,-1,1e-06,0,cycling
256.0,1.0,kl,fisher_rao,1.0,256.0,0.2,85.66666666666667,171.33333333333334,2.0,0.011673151750972763,12241.296507974686,22379110415.41752,16987531155.159931,0.7590798222013688,0.7590798222013685,1.0,0.9999999999999999,1.2,20000,20000,-1,1e-06,0,cycling
256.0,1.0,kl,fisher_rao,1.0,256.0,0.5,85.66666666666667,171.33333333333334,2.0,0.011673151750972763,12241.296507974686,31429261316.5642,16987531155.159927,0.5405004904205931,0.5405004904205931,1.0,1.0,1.5,20000,20000,-1,1e-06,0,cycling
256.0,1.5,riemannian,fisher_rao,1.5,384.0,0.0,110.14285714285715,146.85714285714286,1.3333333333333333,0.00907911802853437,12241.14341251588,15535329876.250942,15535329876.250929,0.9999999999999991,0.9999999999999991,1.0,0.9999999999999994,1.0,20000,20000,-1,1e-06,0,cycling
256.0,1.5,riemannian,fisher_rao,1.5,384.0,1e-12,110.14285714285715,146.85714285714286,1.3333333333333333,0.00907911802853437,12241.14341251588,15535329876.27295,15535329876.250929,0.9999999999985826,0.9999999999985826,1.0,0.9999999999999994,1.000000000001,20000,20000,-1,1e-06,0,cycling
256.0,1.5,riemannian,fisher_rao,1.5,384.0,1e-06,110.14285714285715,146.85714285714286,1.3333333333333333,0.00907911802853437,12241.14341251588,15535351882.154709,15535329876.250933,0.9999985834949898,0.9999985834949898,1.0,0.9999999999999996,1.000001,20000,20000,-1,1e-06,0,cycling
256.0,1.5,riemannian,fisher_rao,1.5,384.0,0.01,110.14285714285715,146.85714285714286,1.3333333333333333,0.00907911802853437,12241.14341251588,15756214052.508654,15535329876.250929,0.9859811389003974,0.9859811389003974,1.0,0.9999999999999994,1.01,20000,20000,-1,1e-06,0,cycling
256.0,1.5,riemannian,fisher_rao,1.5,384.0,0.05,110.14285714285715,146.85714285714286,1.3333333333333333,0.00907911802853437,12241.14341251588,16656255179.177692,15535329876.250929,0.932702441763257,0.932702441763257,1.0,0.9999999999999994,1.05,20000,20000,-1,1e-06,0,cycling
256.0,1.5,riemannian,fisher_rao,1.5,384.0,0.1,110.14285714285715,146.85714285714286,1.3333333333333333,0.00907911802853437,12241.14341251588,17818441536.1999,15535329876.250929,0.8718680500025432,0.8718680500025432,1.0,0.9999999999999994,1.1,20000,20000,-1,1e-06,0,cycling
256.0,1.5,riemannian,fisher_rao,1.5,384.0,0.2,110.14285714285715,146.85714285714286,1.3333333333333333,0.00907911802853437,12241.14341251588,20266597412.53072,15535329876.250933,0.7665485014591313,0.7665485014591313,1.0,0.9999999999999996,1.2,20000,20000,-1,1e-06,0,cycling
256.0,1.5,riemannian,fisher_rao,1.5,384.0,0.5,110.14285714285715,146.85714285714286,1.3333333333333333,0.00907911802853437,12241.14341251588,28601330339.814297,15535329876.250933,0.5431680866475318,0.5431680866475318,1.0,0.9999999999999996,1.5,20000,20000,-1,1e-06,0,cycling
256.0,1.5,kl,fisher_rao,1.5,384.0,0.0,110.14285714285715,146.85714285714286,1.3333333333333333,0.00907911802853437,12241.14341251588,15535329876.250942,15535329876.250921,0.9999999999999987,0.9999999999999987,1.0,0.9999999999999991,1.0,20000,20000,-1,1e-06,0,cycling
256.0,1.5,kl,fisher_rao,1.5,384.0,1e-12,110.14285714285715,146.85714285714286,1.3333333333333333,0.00907911802853437,12241.14341251588,15535329876.27295,15535329876.250921,0.999999999998582,0.999999999998582,1.0,0.9999999999999991,1.000000000001,20000,20000,-1,1e-06,0,cycling
256.0,1.5,kl,fisher_rao,1.5,384.0,1e-06,110.14285714285715,146.85714285714286,1.3333333333333333,0.00907911802853437,12241.14341251588,15535351882.154709,15535329876.250923,0.9999985834949892,0.9999985834949892,1.0,0.9999999999999992,1.000001,20000,20000,-1,1e-06,0,cycling
256.0,1.5,kl,fisher_rao,1.5,384.0,0.01,110.14285714285715,146.85714285714286,1.3333333333333333,0.00907911802853437,12241.14341251588,15756214052.508654,15535329876.250921,0.985981138900397,0.985981138900397,1.0,0.9999999999999991,1.01,20000,20000,-1,1e-06,0,cycling
256.0,1.5,kl,fisher_rao,1.5,384.0,0.05,110.14285714285715,146.85714285714286,1.3333333333333333,0.00907911802853437,12241.14341251588,16656255179.177692,15535329876.250921,0.9327024417632566,0.9327024417632566,1.0,0.9999999999999991,1.05,20000,20000,-1,1e-06,0,cycling
256.0,1.5,kl,fisher_rao,1.5,384.0,0.1,110.14285714285715,146.85714285714286,1.3333333333333333,0.00907911802853437,12241.14341251588,17818441536.1999,15535329876.250921,0.8718680500025427,0.8718680500025427,1.0,0.9999999999999991,1.1,20000,20000,-1,1e-06,0,cycling
256.0,1.5,kl,fisher_rao,1.5,384.0,0.2,110.14285714285715,146.85714285714286,1.3333333333333333,0.00907911802853437,12241.14341251588,20266597412.53072,15535329876.250923,0.7665485014591309,0.7665485014591309,1.0,0.9999999999999992,1.2,20000,20000,-1,1e-06,0,cycling
256.0,1.5,kl,fisher_rao,1.5,384.0,0.5,110.14285714285715,146.85714285714286,1.3333333333333333,0.00907911802853437,12241.14341251588,28601330339.814297,15535329876.250923,0.5431680866475315,0.5431680866475315,1.0,0.9999999999999992,1.5,20000,20000,-1,1e-06,0,cycling
512.0,0.25,riemannian,fisher_rao,0.25,128.0,0.0,57.0,456.0,8.0,0.017543859649122806,24529.58943811462,152112069604.82538,152112069604.82556,1.000000000000001,1.0,1.000000000000001,1.0,1.0000000000000007,20000,20000,-1,1e-06,0,cycling
512.0,0.25,riemannian,fisher_rao,0.25,128.0,1e-12,57.0,456.0,8.0,0.017543859649122806,24529.58943811462,152112069605.0998,152112069604.82562,0.9999999999981976,0.9999999999968442,1.0,0.9999999999992506,1.000000000001,20000,20000,-1,1e-06,0,cycling
512.0,0.25,riemannian,fisher_rao,0.25,128.0,1e-06,57.0,456.0,8.0,0.017543859649122806,24529.58943811462,152112343980.38815,152112069604.82562,0.99999819623079,0.99999684340403,1.0,0.9999992500000012,1.000001,20000,20000,-1,1e-06,0,cycling
512.0,0.25,riemannian,fisher_rao,0.25,128.0,0.01,57.0,456.0,8.0,0.017543859649122806,24529.58943811462,154857539908.47693,152112069604.82562,0.9822709936805536,0.9689887710508228,1.0,0.9925000000000007,1.01,20000,20000,-1,1e-06,0,cycling
512.0,0.25,riemannian,fisher_rao,0.25,128.0,0.05,57.0,456.0,8.0,0.017543859649122806,24529.58943811462,165873718066.2893,152112069604.82556,0.9170353891991251,0.8551184102620539,1.8312295266631589,0.9625000000000007,1.534800295864726,20000,20000,-1,1e-06,0,cycling
512.0,0.25,riemannian,fisher_rao,0.25,128.0,0.1,57.0,456.0,8.0,0.017543859649122806,24529.58943811462,179721108885.7685,152112069604.82556,0.8463784279314048,0.7321358172157907,1.6489852998054146,0.9250000000000004,1.5094982198848619,20000,20000,-1,1e-06,0,cycling
512.0,0.25,riemannian,fisher_rao,0.25,128.0,0.2,57.0,456.0,8.0,0.017543859649122806,24529.58943811462,207673117598.77295,167427.42543594306,8.062065392566356e-07,8.062065392566356e-07,1.0,0.0010425647514271743,1.2,24,2,24,1e-06,1,ok
512.0,0.25,riemannian,fisher_rao,0.25,128.0,0.5,57.0,456.0,8.0,0.017543859649122806,24529.58943811462,293586960330.1549,172574.7429030777,5.878147405082562e-07,5.878147405082562e-07,1.0,0.0010584695178187452,1.5,24,2,24,1e-06,1,ok
512.0,0.25,kl,fisher_rao,0.25,128.0,0.0,57.0,456.0,8.0,0.017543859649122806,24529.58943811462,152112069604.82538,152112069604.82556,1.000000000000001,1.0,1.000000000000001,1.0,1.0000000000000007,20000,20000,-1,1e-06,0,cycling
512.0,0.25,kl,fisher_rao,0.25,128.0,1e-12,57.0,456.0,8.0,0.017543859649122806,24529.58943811462,152112069605.0998,152112069604.82562,0.9999999999981976,0.9999999999968442,1.0,0.9999999999992506,1.000000000001,20000,20000,-1,1e-06,0,cycling
512.0,0.25,kl,fisher_rao,0.25,128.0,1e-06,57.0,456.0,8.0,0.017543859649122806,24529.58943811462,152112343980.38815,152112069604.82562,0.99999819623079,0.99999684340403,1.0,0.9999992500000012,1.000001,20000,20000,-1,1e-06,0,cycling
512.0,0.25,kl,fisher_rao,0.25,128.0,0.01,57.0,456.0,8.0,0.017543859649122806,24529.58943811462,154857539908.47693,152112069604.82587,0.9822709936805553,0.9689887710508228,1.0,0.9925000000000007,1.01,20000,20000,-1,1e-06,0,cycling
512.0,0.25,kl,fisher_rao,0.25,128.0,0.05,57.0,456.0,8.0,0.017543859649122806,24529.58943811462,165873718066.2893,152112069604.82587,0.917035389199127,0.8551184102620539,1.7117101971895368,0.9625000000000007,1.466801618439157,20000,20000,-1,1e-06,0,cycling
512.0,0.25,kl,fisher_rao,0.25,128.0,0.1,57.0,456.0,8.0,0.017543859649122806,24529.58943811462,179721108885.7685,152112069604.82587,0.8463784279314065,0.7321358172157907,1.5384889992820947,0.9250000000000004,1.4411803494648994,20000,20000,-1,1e-06,0,cycling
512.0,0.25,kl,fisher_rao,0.25,128.0,0.2,57.0,456.0,8.0,0.017543859649122806,24529.58943811462,207673117598.77295,92682.49615507133,4.462902913324346e-07,4.462902913324346e-07,1.0,0.0007756904389323772,1.2,6,2,6,1e-06,1,ok
512.0,0.25,kl,fisher_rao,0.25,128.0,0.5,57.0,456.0,8.0,0.017543859649122806,24529.58943811462,293586960330.1549,211533.4662718211,7.205138335637929e-07,7.205138335637929e-07,1.0,0.00117186957792602,1.5,13,2,13,1e-06,1,ok
512.0,0.5,riemannian,fisher_rao,0.5,256.0,0.0,102.6,410.4,4.0,0.009746588693957116,24529.18469704166,147704252316.8309,147704252316.8309,1.0,1.0,1.0,1.0,1.0,20000,20000,-1,1e-06,0,cycling
512.0,0.5,riemannian,fisher_rao,0.5,256.0,1e-12,102.6,410.4,4.0,0.009746588693957116,24529.18469704166,147704252317.07785,147704252316.83093,0.9999999999983283,0.9999999999974911,1.0,0.9999999999994994,1.000000000001,20000,20000,-1,1e-06,0,cycling
512.0,0.5,riemannian,fisher_rao,0.5,256.0,1e-06,102.6,410.4,4.0,0.009746588693957116,24529.18469704166,147704499246.7039,147704252316.8309,0.9999983282169856,0.9999974923256344,1.0,0.9999994999999997,1.000001,20000,20000,-1,1e-06,0,cycling
512.0,0.5,riemannian,fisher_rao,0.5,256.0,0.01,102.6,410.4,4.0,0.009746588693957116,24529.18469704166,150176637361.26175,147704252316.83096,0.9835368197885316,0.9753206445906624,1.0,0.9949999999999997,1.01,20000,20000,-1,1e-06,0,cycling
512.0,0.5,riemannian,fisher_rao,0.5,256.0,0.05,102.6,410.4,4.0,0.009746588693957116,24529.18469704166,160127909999.52026,147704252316.8309,0.9224141645093189,0.6215390273891278,3.7269037710590363,0.8038875345219655,2.5271275094504597,20000,20000,-1,1e-06,0,cycling
512.0,0.5,riemannian,fisher_rao,0.5,256.0,0.1,102.6,410.4,4.0,0.009746588693957116,24529.18469704166,172705898833.5474,147704252316.83096,0.8552357117760475,0.5790756843834272,3.4385406024907574,0.8058598551287641,2.5185480519955,20000,20000,-1,1e-06,0,cycling
512.0,0.5,riemannian,fisher_rao,0.5,256.0,0.2,102.6,410.4,4.0,0.009746588693957116,24529.18469704166,198324869955.61484,147704252316.8309,0.7447591033332691,0.504073763593316,2.995054873325584,0.8056992439685908,2.5189520099683653,20000,20000,-1,1e-06,0,cycling
512.0,0.5,riemannian,fisher_rao,0.5,256.0,0.5,102.6,410.4,4.0,0.009746588693957116,24529.18469704166,278885730953.92346,243576.88807019786,8.733931536656524e-07,8.733931536656524e-07,1.0,0.0012575201212826207,1.4999999999999998,10,2,10,1e-06,1,ok
512.0,0.5,kl,fisher_rao,0.5,256.0,0.0,102.6,410.4,4.0,0.009746588693957116,24529.18469704166,147704252316.8309,147704252316.8309,1.0,1.0,1.0,1.0,1.0,20000,20000,-1,1e-06,0,cycling
512.0,0.5,kl,fisher_rao,0.5,256.0,1e-12,102.6,410.4,4.0,0.009746588693957116,24529.18469704166,147704252317.07785,147704252316.83093,0.9999999999983283,0.9999999999974911,1.0,0.9999999999994994,1.000000000001,20000,20000,-1,1e-06,0,cycling
512.0,0.5,kl,fisher_rao,0.5,256.0,1e-06,102.6,410.4,4.0,0.009746588693957116,24529.18469704166,147704499246.7039,147704252316.8309,0.9999983282169856,0.9999974923256344,1.0,0.9999994999999997,1.000001,20000,20000,-1,1e-06,0,cycling
512.0,0.5,kl,fisher_rao,0.5,256.0,0.01,102.6,410.4,4.0,0.009746588693957116,24529.18469704166,150176637361.26175,147704252316.8311,0.9835368197885325,0.9753206445906624,1.0,0.9949999999999997,1.01,20000,20000,-1,1e-06,0,cycling
512.0,0.5,kl,fisher_rao,0.5,256.0,0.05,102.6,410.4,4.0,0.009746588693957116,24529.18469704166,160127909999.52026,147704252316.83096,0.9224141645093193,0.8839718657100274,1.899313516517908,0.9749999999999995,1.589984859435857,20000,20000,-1,1e-06,0,cycling
512.0,0.5,kl,fisher_rao,0.5,256.0,0.1,102.6,410.4,4.0,0.009746588693957116,24529.18469704166,172705898833.5474,147704252316.8311,0.8552357117760483,0.7840356400231899,2.4199651222433616,0.9499999999999998,1.9754532011871195,20000,20000,-1,1e-06,0,cycling
512.0,0.5,kl,fisher_rao,0.5,256.0,0.2,102.6,410.4,4.0,0.009746588693957116,24529.18469704166,198324869955.61484,147704252316.8311,0.74475910333327,0.6208357358043473,2.087841804704724,0.8999999999999997,1.962833141365186,20000,20000,-1,1e-06,0,cycling
512.0,0.5,kl,fisher_rao,0.5,256.0,0.5,102.6,410.4,4.0,0.009746588693957116,24529.18469704166,278885730953.92346,273726.9816049156,9.81502282919379e-07,9.81502282919379e-07,1.0,0.0013330784402356848,1.4999999999999998,7,3,7,1e-06,1,ok
512.0,1.0,riemannian,fisher_rao,1.0,512.0,0.0,171.0,342.0,2.0,0.005847953216374269,24528.917662221622,136312975448.68022,136312975448.68028,1.0000000000000004,1.0,1.0000000000000004,1.0,1.0000000000000002,20000,20000,-1,1e-06,0,cycling
512.0,1.0,riemannian,fisher_rao,1.0,512.0,1e-12,171.0,342.0,2.0,0.005847953216374269,24528.917662221622,136312975448.886,136312975448.68031,0.9999999999984911,0.9999999999984902,1.0,0.9999999999999999,1.000000000001,20000,20000,-1,1e-06,0,cycling
512.0,1.0,riemannian,fisher_rao,1.0,512.0,1e-06,171.0,342.0,2.0,0.005847953216374269,24528.917662221622,136313181219.11981,136312975448.68022,0.9999984904582393,0.9999984904582393,1.0,1.0,1.000001,20000,20000,-1,1e-06,0,cycling
512.0,1.0,riemannian,fisher_rao,1.0,512.0,0.01,171.0,342.0,2.0,0.005847953216374269,24528.917662221622,138375823590.13034,136312975448.68028,0.9850924237491064,0.985092423749106,1.0,1.0,1.01,20000,20000,-1,1e-06,0,cycling
512.0,1.0,riemannian,fisher_rao,1.0,512.0,0.05,171.0,342.0,2.0,0.005847953216374269,24528.917662221622,146730101350.01816,136312975448.68028,0.9290048476386704,0.92900484763867,1.0,1.0,1.05,20000,20000,-1,1e-06,0,cycling
512.0,1.0,riemannian,fisher_rao,1.0,512.0,0.1,171.0,342.0,2.0,0.005847953216374269,24528.917662221622,157404440236.5743,136312975448.68034,0.8660046390292796,0.8660046390292784,1.0,0.9999999999999997,1.1,20000,20000,-1,1e-06,0,cycling
512.0,1.0,riemannian,fisher_rao,1.0,512.0,0.2,171.0,342.0,2.0,0.005847953216374269,24528.917662221622,179524756965.34122,136312975448.68028,0.7592990390456101,0.7592990390456098,1.0,1.0,1.2,20000,20000,-1,1e-06,0,cycling
512.0,1.0,riemannian,fisher_rao,1.0,512.0,0.5,171.0,342.0,2.0,0.005847953216374269,24528.917662221622,252058818796.87943,136312975448.68037,0.5407982791450262,0.5407982791450252,1.0,0.9999999999999996,1.5,20000,20000,-1,1e-06,0,cycling
512.0,1.0,kl,fisher_rao,1.0,512.0,0.0,171.0,342.0,2.0,0.005847953216374269,24528.917662221622,136312975448.68022,136312975448.68028,1.0000000000000004,1.0,1.0000000000000004,1.0,1.0000000000000002,20000,20000,-1,1e-06,0,cycling
512.0,1.0,kl,fisher_rao,1.0,512.0,1e-12,171.0,342.0,2.0,0.005847953216374269,24528.917662221622,136312975448.886,136312975448.68031,0.9999999999984911,0.9999999999984902,1.0,0.9999999999999999,1.000000000001,20000,20000,-1,1e-06,0,cycling
512.0,1.0,kl,fisher_rao,1.0,512.0,1e-06,171.0,342.0,2.0,0.005847953216374269,24528.917662221622,136313181219.11981,136312975448.68022,0.9999984904582393,0.9999984904582393,1.0,1.0,1.000001,20000,20000,-1,1e-06,0,cycling
512.0,1.0,kl,fisher_rao,1.0,512.0,0.01,171.0,342.0,2.0,0.005847953216374269,24528.917662221622,138375823590.13034,136312975448.68028,0.9850924237491064,0.985092423749106,1.0,1.0,1.01,20000,20000,-1,1e-06,0,cycling
512.0,1.0,kl,fisher_rao,1.0,512.0,0.05,171.0,342.0,2.0,0.005847953216374269,24528.917662221622,146730101350.01816,136312975448.68028,0.9290048476386704,0.92900484763867,1.0,1.0,1.05,20000,20000,-1,1e-06,0,cycling
512.0,1.0,kl,fisher_rao,1.0,512.0,0.1,171.0,342.0,2.0,0.005847953216374269,24528.917662221622,157404440236.5743,136312975448.68034,0.8660046390292796,0.8660046390292784,1.0,0.9999999999999997,1.1,20000,20000,-1,1e-06,0,cycling
512.0,1.0,kl,fisher_rao,1.0,512.0,0.2,171.0,342.0,2.0,0.005847953216374269,24528.917662221622,179524756965.34122,136312975448.68028,0.7592990390456101,0.7592990390456098,1.0,1.0,1.2,20000,20000,-1,1e-06,0,cycling
512.0,1.0,kl,fisher_rao,1.0,512.0,0.5,171.0,342.0,2.0,0.005847953216374269,24528.917662221622,252058818796.87943,136312975448.68037,0.5407982791450262,0.5407982791450252,1.0,0.9999999999999996,1.5,20000,20000,-1,1e-06,0,cycling
512.0,1.5,riemannian,fisher_rao,1.5,768.0,0.0,219.8571428571429,293.14285714285717,1.3333333333333333,0.004548408057179987,24528.809301924364,124662788073.1138,124662788073.114,1.0000000000000016,1.0,1.0000000000000016,1.0,1.000000000000001,20000,20000,-1,1e-06,0,cycling
512.0,1.5,riemannian,fisher_rao,1.5,768.0,1e-12,219.8571428571429,293.14285714285717,1.3333333333333333,0.004548408057179987,24528.809301924364,124662788073.29018,124662788073.11415,0.999999999998588,0.9999999999985879,1.0,1.000000000000002,1.000000000001,20000,20000,-1,1e-06,0,cycling
512.0,1.5,riemannian,fisher_rao,1.5,768.0,1e-06,219.8571428571429,293.14285714285717,1.3333333333333333,0.004548408057179987,24528.809301924364,124662964446.24002,124662788073.11412,0.9999985852002904,0.9999985852002903,1.0,1.0000000000000018,1.000001,20000,20000,-1,1e-06,0,cycling
512.0,1.5,riemannian,fisher_rao,1.5,768.0,0.01,219.8571428571429,293.14285714285717,1.3333333333333333,0.004548408057179987,24528.809301924364,126433132664.01149,124662788073.11415,0.9859977795883463,0.9859977795883456,1.0,1.0000000000000016,1.01,20000,20000,-1,1e-06,0,cycling
512.0,1.5,riemannian,fisher_rao,1.5,768.0,0.05,219.8571428571429,293.14285714285717,1.3333333333333333,0.004548408057179987,24528.809301924364,133646790822.6881,124662788073.11415,0.9327780136412464,0.9327780136412457,1.0,1.0000000000000016,1.05,20000,20000,-1,1e-06,0,cycling
512.0,1.5,riemannian,fisher_rao,1.5,768.0,0.1,219.8571428571429,293.14285714285717,1.3333333333333333,0.004548408057179987,24528.809301924364,142961493059.97675,124662788073.11415,0.8720025610030128,0.8720025610030127,1.0,1.000000000000002,1.1,20000,20000,-1,1e-06,0,cycling
512.0,1.5,riemannian,fisher_rao,1.5,768.0,0.2,219.8571428571429,293.14285714285717,1.3333333333333333,0.004548408057179987,24528.809301924364,162582995997.69727,124662788073.11415,0.7667639983389148,0.7667639983389143,1.0,1.0000000000000016,1.2,20000,20000,-1,1e-06,0,cycling
512.0,1.5,riemannian,fisher_rao,1.5,768.0,0.5,219.8571428571429,293.14285714285717,1.3333333333333333,0.004548408057179987,24528.809301924364,229384292516.00415,124662788073.11415,0.5434669772099431,0.5434669772099431,1.0,1.000000000000002,1.5,20000,20000,-1,1e-06,0,cycling
512.0,1.5,kl,fisher_rao,1.5,768.0,0.0,219.8571428571429,293.14285714285717,1.3333333333333333,0.004548408057179987,24528.809301924364,124662788073.1138,124662788073.11395,1.0000000000000013,1.0,1.0000000000000013,1.0,1.0000000000000009,20000,20000,-1,1e-06,0,cycling
512.0,1.5,kl,fisher_rao,1.5,768.0,1e-12,219.8571428571429,293.14285714285717,1.3333333333333333,0.004548408057179987,24528.809301924364,124662788073.29018,124662788073.1139,0.999999999998586,0.999999999998586,1.0,1.0000000000000007,1.000000000001,20000,20000,-1,1e-06,0,cycling
512.0,1.5,kl,fisher_rao,1.5,768.0,1e-06,219.8571428571429,293.14285714285717,1.3333333333333333,0.004548408057179987,24528.809301924364,124662964446.24002,124662788073.11395,0.9999985852002891,0.9999985852002884,1.0,1.0000000000000007,1.000001,20000,20000,-1,1e-06,0,cycling
512.0,1.5,kl,fisher_rao,1.5,768.0,0.01,219.8571428571429,293.14285714285717,1.3333333333333333,0.004548408057179987,24528.809301924364,126433132664.01149,124662788073.1139,0.9859977795883444,0.9859977795883444,1.0,1.0000000000000007,1.01,20000,20000,-1,1e-06,0,cycling
512.0,1.5,kl,fisher_rao,1.5,768.0,0.05,219.8571428571429,293.14285714285717,1.3333333333333333,0.004548408057179987,24528.809301924364,133646790822.6881,124662788073.1139,0.9327780136412445,0.9327780136412445,1.0,1.0000000000000007,1.05,20000,20000,-1,1e-06,0,cycling
512.0,1.5,kl,fisher_rao,1.5,768.0,0.1,219.8571428571429,293.14285714285717,1.3333333333333333,0.004548408057179987,24528.809301924364,142961493059.97675,124662788073.1139,0.872002561003011,0.872002561003011,1.0,1.0000000000000007,1.1,20000,20000,-1,1e-06,0,cycling
512.0,1.5,kl,fisher_rao,1.5,768.0,0.2,219.8571428571429,293.14285714285717,1.3333333333333333,0.004548408057179987,24528.809301924364,162582995997.69727,124662788073.1139,0.7667639983389134,0.7667639983389134,1.0,1.0000000000000007,1.2,20000,20000,-1,1e-06,0,cycling
512.0,1.5,kl,fisher_rao,1.5,768.0,0.5,219.8571428571429,293.14285714285717,1.3333333333333333,0.004548408057179987,24528.809301924364,229384292516.00415,124662788073.1139,0.5434669772099421,0.5434669772099421,1.0,1.0000000000000007,1.5,20000,20000,-1,1e-06,0,cycling
1024.0,0.25,riemannian,fisher_rao,0.25,256.0,0.0,113.88888888888889,911.1111111111111,8.0,0.00878048780487805,49105.12444965648,1218947969365.3916,1218947969365.392,1.0000000000000004,0.9999999999999996,1.0000000000000004,0.9999999999999997,1.0000000000000002,20000,20000,-1,1e-06,0,cycling
1024.0,0.25,riemannian,fisher_rao,0.25,256.0,1e-12,113.88888888888889,911.1111111111111,8.0,0.00878048780487805,49105.12444965648,1218947969367.5889,1218947969365.392,0.9999999999981978,0.9999999999968454,1.0,0.9999999999992499,1.000000000001,20000,20000,-1,1e-06,0,cycling
1024.0,0.25,riemannian,fisher_rao,0.25,256.0,1e-06,113.88888888888889,911.1111111111111,8.0,0.00878048780487805,49105.12444965648,1218950166339.8208,1218947969365.392,0.999998197650331,0.9999968458882262,1.0,0.9999992499999997,1.000001,20000,20000,-1,1e-06,0,cycling
1024.0,0.25,riemannian,fisher_rao,0.25,256.0,0.01,113.88888888888889,911.1111111111111,8.0,0.00878048780487805,49105.12444965648,1240931443373.7974,1218947969365.3926,0.9822846990252443,0.9690127440380935,1.0,0.9925000000000002,1.01,20000,20000,-1,1e-06,0,cycling
1024.0,0.25,riemannian,fisher_rao,0.25,256.0,0.05,113.88888888888889,911.1111111111111,8.0,0.00878048780487805,49105.12444965648,1329139961193.9097,1218947969365.3926,0.9170952683346182,0.8552225456055991,1.8405201724360543,0.9624999999999999,1.5404071788382518,20000,20000,-1,1e-06,0,cycling
1024.0,0.25,riemannian,fisher_rao,0.25,256.0,0.1,113.88888888888889,911.1111111111111,8.0,0.00878048780487805,49105.12444965648,1440018507488.6484,1218947969365.3926,0.8464807660640441,0.732311355249192,1.6575933896649144,0.9250000000000003,1.515067202671135,20000,20000,-1,1e-06,0,cycling
1024.0,0.25,riemannian,fisher_rao,0.25,256.0,0.2,113.88888888888889,911.1111111111111,8.0,0.00878048780487805,49105.12444965648,1663835263476.7896,1354762.7813807093,8.142409354576155e-07,8.142409354576155e-07,1.0,0.0010475381104441178,1.2,24,2,24,1e-06,1,ok
1024.0,0.25,riemannian,fisher_rao,0.25,256.0,0.5,113.88888888888889,911.1111111111111,8.0,0.00878048780487805,49105.12444965648,2351762838630.526,1392763.9141236297,5.92221244100728e-07,5.92221244100728e-07,1.0,0.0010621282408522852,1.5,24,2,24,1e-06,1,ok
1024.0,0.25,kl,fisher_rao,0.25,256.0,0.0,113.88888888888889,911.1111111111111,8.0,0.00878048780487805,49105.12444965648,1218947969365.3916,1218947969365.392,1.0000000000000004,0.9999999999999996,1.0000000000000004,0.9999999999999997,1.0000000000000002,20000,20000,-1,1e-06,0,cycling
1024.0,0.25,kl,fisher_rao,0.25,256.0,1e-12,113.88888888888889,911.1111111111111,8.0,0.00878048780487805,49105.12444965648,1218947969367.5889,1218947969365.392,0.9999999999981978,0.9999999999968454,1.0,0.9999999999992499,1.000000000001,20000,20000,-1,1e-06,0,cycling
1024.0,0.25,kl,fisher_rao,0.25,256.0,1e-06,113.88888888888889,911.1111111111111,8.0,0.00878048780487805,49105.12444965648,1218950166339.8208,1218947969365.392,0.999998197650331,0.9999968458882262,1.0,0.9999992499999997,1.000001,20000,20000,-1,1e-06,0,cycling
1024.0,0.25,kl,fisher_rao,0.25,256.0,0.01,113.88888888888889,911.1111111111111,8.0,0.00878048780487805,49105.12444965648,1240931443373.7974,1218947969365.393,0.9822846990252447,0.9690127440380935,1.0,0.9925000000000002,1.01,20000,20000,-1,1e-06,0,cycling
1024.0,0.25,kl,fisher_rao,0.25,256.0,0.05,113.88888888888889,911.1111111111111,8.0,0.00878048780487805,49105.12444965648,1329139961193.9097,1218947969365.393,0.9170952683346185,0.8552225456055991,1.720714273460509,0.9624999999999999,1.4722405185847902,20000,20000,-1,1e-06,0,cycling
1024.0,0.25,kl,fisher_rao,0.25,256.0,0.1,113.88888888888889,911.1111111111111,8.0,0.00878048780487805,49105.12444965648,1440018507488.6484,1218947969365.393,0.8464807660640444,0.732311355249192,1.54682589725715,0.9250000000000003,1.4465803243088304,20000,20000,-1,1e-06,0,cycling
1024.0,0.25,kl,fisher_rao,0.25,256.0,0.2,113.88888888888889,911.1111111111111,8.0,0.00878048780487805,49105.12444965648,1663835263476.7896,715813.5942727004,4.3021903068511685e-07,4.3021903068511685e-07,1.0,0.0007614443239527186,1.2,6,2,6,1e-06,1,ok
1024.0,0.25,kl,fisher_rao,0.25,256.0,0.5,113.88888888888889,911.1111111111111,8.0,0.00878048780487805,49105.12444965648,2351762838630.526,1693396.5681437284,7.200541399530847e-07,7.200541399530847e-07,1.0,0.0011711635326516296,1.5,13,2,13,1e-06,1,ok
1024.0,0.5,riemannian,fisher_rao,0.5,512.0,0.0,205.0,820.0,4.0,0.004878048780487805,49104.838114925806,1183526254770.6084,1183526254770.6094,1.0000000000000009,1.0,1.0000000000000013,1.0,1.0000000000000007,20000,20000,-1,1e-06,0,cycling
1024.0,0.5,riemannian,fisher_rao,0.5,512.0,1e-12,205.0,820.0,4.0,0.004878048780487805,49104.838114925806,1183526254772.5862,1183526254770.6096,0.9999999999983299,0.9999999999974943,1.0,0.9999999999995004,1.000000000001,20000,20000,-1,1e-06,0,cycling
1024.0,0.5,riemannian,fisher_rao,0.5,512.0,1e-06,205.0,820.0,4.0,0.004878048780487805,49104.838114925806,1183528232024.6592,1183526254770.6096,0.9999983293562451,0.9999974940345241,1.0,0.9999995000000007,1.000001,20000,20000,-1,1e-06,0,cycling
1024.0,0.5,riemannian,fisher_rao,0.5,512.0,0.01,205.0,820.0,4.0,0.004878048780487805,49104.838114925806,1203323508478.7563,1183526254770.6096,0.983547854281369,0.9753371859934447,1.0,0.9950000000000004,1.01,20000,20000,-1,1e-06,0,cycling
1024.0,0.5,riemannian,fisher_rao,0.5,512.0,0.05,205.0,820.0,4.0,0.004878048780487805,49104.838114925806,1283006836762.2373,686093.8333854654,5.347546199495507e-07,5.347546199495507e-07,3.7468261457266814,0.0007454739876100708,2.5372786996600443,23,13,23,1e-06,1,ok
1024.0,0.5,riemannian,fisher_rao,0.5,512.0,0.1,205.0,820.0,4.0,0.004878048780487805,49104.838114925806,1383723202381.091,399664.5001656023,2.888326939071813e-07,2.888326939071813e-07,3.4620734652485647,0.0005689688930034932,2.5311915913128216,29,18,29,1e-06,1,ok
1024.0,0.5,riemannian,fisher_rao,0.5,512.0,0.2,205.0,820.0,4.0,0.004878048780487805,49104.838114925806,1588863284500.474,1347409.951324812,8.480339148553154e-07,8.480339148553154e-07,3.0129478849120304,0.0010446976340852264,2.5299519010915574,26,18,26,1e-06,1,ok
1024.0,0.5,riemannian,fisher_rao,0.5,512.0,0.5,205.0,820.0,4.0,0.004878048780487805,49104.838114925806,2233942337912.028,2002595.6898876196,8.964401882276701e-07,8.964401882276701e-07,1.0,0.001273612680682108,1.5,10,2,10,1e-06,1,ok
1024.0,0.5,kl,fisher_rao,0.5,512.0,0.0,205.0,820.0,4.0,0.004878048780487805,49104.838114925806,1183526254770.6084,1183526254770.6094,1.0000000000000009,1.0,1.0000000000000013,1.0,1.0000000000000007,20000,20000,-1,1e-06,0,cycling
1024.0,0.5,kl,fisher_rao,0.5,512.0,1e-12,205.0,820.0,4.0,0.004878048780487805,49104.838114925806,1183526254772.5862,1183526254770.6096,0.9999999999983299,0.9999999999974943,1.0,0.9999999999995004,1.000000000001,20000,20000,-1,1e-06,0,cycling
1024.0,0.5,kl,fisher_rao,0.5,512.0,1e-06,205.0,820.0,4.0,0.004878048780487805,49104.838114925806,1183528232024.6592,1183526254770.6096,0.9999983293562451,0.9999974940345241,1.0,0.9999995000000007,1.000001,20000,20000,-1,1e-06,0,cycling
1024.0,0.5,kl,fisher_rao,0.5,512.0,0.01,205.0,820.0,4.0,0.004878048780487805,49104.838114925806,1203323508478.7563,1183526254770.6104,0.9835478542813697,0.9753371859934447,1.0,0.9950000000000004,1.01,20000,20000,-1,1e-06,0,cycling
1024.0,0.5,kl,fisher_rao,0.5,512.0,0.05,205.0,820.0,4.0,0.004878048780487805,49104.838114925806,1283006836762.2373,1183526254770.6104,0.9224629369531081,0.8840446877976462,1.908265717291612,0.9750000000000005,1.5953636577185322,20000,20000,-1,1e-06,0,cycling
1024.0,0.5,kl,fisher_rao,0.5,512.0,0.1,205.0,820.0,4.0,0.004878048780487805,49104.838114925806,1383723202381.091,1183526254770.6104,0.8553200905600306,0.7841604239706854,2.4321210847667816,0.9500000000000006,1.9827526726238878,20000,20000,-1,1e-06,0,cycling
1024.0,0.5,kl,fisher_rao,0.5,512.0,0.2,205.0,820.0,4.0,0.004878048780487805,49104.838114925806,1588863284500.474,1183526254770.6104,0.7448886674618461,0.621022679505888,2.0986602759327466,0.9000000000000006,1.9701921420915747,20000,20000,-1,1e-06,0,cycling
1024.0,0.5,kl,fisher_rao,0.5,512.0,0.5,205.0,820.0,4.0,0.004878048780487805,49104.838114925806,2233942337912.028,2233591.2556325453,9.99842841834579e-07,9.99842841834579e-07,1.0,0.0013450628746573747,1.5,7,3,7,1e-06,1,ok
1024.0,1.0,riemannian,fisher_rao,1.0,1024.0,0.0,341.6666666666667,683.3333333333334,2.0,0.002926829268292683,49104.64920070785,1092174163473.8639,1092174163473.8639,1.0,1.0,1.0,1.0,1.0,20000,20000,-1,1e-06,0,cycling
1024.0,1.0,riemannian,fisher_rao,1.0,1024.0,1e-12,341.6666666666667,683.3333333333334,2.0,0.002926829268292683,49104.64920070785,1092174163475.5116,1092174163473.8632,0.9999999999984907,0.9999999999984907,1.0,0.9999999999999996,1.000000000001,20000,20000,-1,1e-06,0,cycling
1024.0,1.0,riemannian,fisher_rao,1.0,1024.0,1e-06,341.6666666666667,683.3333333333334,2.0,0.002926829268292683,49104.64920070785,1092175811173.1006,1092174163473.8634,0.9999984913608044,0.9999984913608044,1.0,0.9999999999999997,1.000001,20000,20000,-1,1e-06,0,cycling
1024.0,1.0,riemannian,fisher_rao,1.0,1024.0,0.01,341.6666666666667,683.3333333333334,2.0,0.002926829268292683,49104.64920070785,1108692344194.1729,1092174163473.8634,0.9851012043090138,0.9851012043090135,1.0,0.9999999999999994,1.01,20000,20000,-1,1e-06,0,cycling
1024.0,1.0,riemannian,fisher_rao,1.0,1024.0,0.05,341.6666666666667,683.3333333333334,2.0,0.002926829268292683,49104.64920070785,1175588916487.8926,1092174163473.8632,0.9290442842356549,0.9290442842356549,1.0,0.9999999999999996,1.05,20000,20000,-1,1e-06,0,cycling
1024.0,1.0,riemannian,fisher_rao,1.0,1024.0,0.1,341.6666666666667,683.3333333333334,2.0,0.002926829268292683,49104.64920070785,1261063293033.1313,1092174163473.8632,0.8660740261870179,0.8660740261870179,1.0,0.9999999999999996,1.1,20000,20000,-1,1e-06,0,cycling
1024.0,1.0,riemannian,fisher_rao,1.0,1024.0,0.2,341.6666666666667,683.3333333333334,2.0,0.002926829268292683,49104.64920070785,1438190916717.2407,1092174163473.8632,0.7594083308263536,0.7594083308263536,1.0,0.9999999999999996,1.2,20000,20000,-1,1e-06,0,cycling
1024.0,1.0,riemannian,fisher_rao,1.0,1024.0,0.5,341.6666666666667,683.3333333333334,2.0,0.002926829268292683,49104.64920070785,2019004752518.6235,1092174163473.8639,0.5409468016909929,0.5409468016909929,1.0,1.0,1.5,20000,20000,-1,1e-06,0,cycling
1024.0,1.0,kl,fisher_rao,1.0,1024.0,0.0,341.6666666666667,683.3333333333334,2.0,0.002926829268292683,49104.64920070785,1092174163473.8639,1092174163473.8639,1.0,1.0,1.0,1.0,1.0,20000,20000,-1,1e-06,0,cycling
1024.0,1.0,kl,fisher_rao,1.0,1024.0,1e-12,341.6666666666667,683.3333333333334,2.0,0.002926829268292683,49104.64920070785,1092174163475.5116,1092174163473.8632,0.9999999999984907,0.9999999999984907,1.0,0.9999999999999996,1.000000000001,20000,20000,-1,1e-06,0,cycling
1024.0,1.0,kl,fisher_rao,1.0,1024.0,1e-06,341.6666666666667,683.3333333333334,2.0,0.002926829268292683,49104.64920070785,1092175811173.1006,1092174163473.8634,0.9999984913608044,0.9999984913608044,1.0,0.9999999999999997,1.000001,20000,20000,-1,1e-06,0,cycling
1024.0,1.0,kl,fisher_rao,1.0,1024.0,0.01,341.6666666666667,683.3333333333334,2.0,0.002926829268292683,49104.64920070785,1108692344194.1729,1092174163473.8634,0.9851012043090138,0.9851012043090135,1.0,0.9999999999999994,1.01,20000,20000,-1,1e-06,0,cycling
1024.0,1.0,kl,fisher_rao,1.0,1024.0,0.05,341.6666666666667,683.3333333333334,2.0,0.002926829268292683,49104.64920070785,1175588916487.8926,1092174163473.8632,0.9290442842356549,0.9290442842356549,1.0,0.9999999999999996,1.05,20000,20000,-1,1e-06,0,cycling
1024.0,1.0,kl,fisher_rao,1.0,1024.0,0.1,341.6666666666667,683.3333333333334,2.0,0.002926829268292683,49104.64920070785,1261063293033.1313,1092174163473.8632,0.8660740261870179,0.8660740261870179,1.0,0.9999999999999996,1.1,20000,20000,-1,1e-06,0,cycling
1024.0,1.0,kl,fisher_rao,1.0,1024.0,0.2,341.6666666666667,683.3333333333334,2.0,0.002926829268292683,49104.64920070785,1438190916717.2407,1092174163473.8632,0.7594083308263536,0.7594083308263536,1.0,0.9999999999999996,1.2,20000,20000,-1,1e-06,0,cycling
1024.0,1.0,kl,fisher_rao,1.0,1024.0,0.5,341.6666666666667,683.3333333333334,2.0,0.002926829268292683,49104.64920070785,2019004752518.6235,1092174163473.8639,0.5409468016909929,0.5409468016909929,1.0,1.0,1.5,20000,20000,-1,1e-06,0,cycling
1024.0,1.5,riemannian,fisher_rao,1.5,1536.0,0.0,439.28571428571433,585.7142857142858,1.3333333333333333,0.002276422764227642,49104.57254103922,998837202681.4478,998837202681.4485,1.0000000000000007,0.9999999999999996,1.0000000000000013,0.9999999999999997,1.0000000000000009,20000,20000,-1,1e-06,0,cycling
1024.0,1.5,riemannian,fisher_rao,1.5,1536.0,1e-12,439.28571428571433,585.7142857142858,1.3333333333333333,0.002276422764227642,49104.57254103922,998837202682.8601,998837202681.4487,0.999999999998587,0.999999999998587,1.0,1.0000000000000007,1.000000000001,20000,20000,-1,1e-06,0,cycling
1024.0,1.5,riemannian,fisher_rao,1.5,1536.0,1e-06,439.28571428571433,585.7142857142858,1.3333333333333333,0.002276422764227642,49104.57254103922,998838614990.846,998837202681.4485,0.9999985860484604,0.9999985860484604,1.0,1.0000000000000007,1.000001,20000,20000,-1,1e-06,0,cycling
1024.0,1.5,riemannian,fisher_rao,1.5,1536.0,0.01,439.28571428571433,585.7142857142858,1.3333333333333333,0.002276422764227642,49104.57254103922,1013013252952.883,998837202681.4487,0.9860060564557158,0.9860060564557158,1.0,1.0000000000000007,1.01,20000,20000,-1,1e-06,0,cycling
1024.0,1.5,riemannian,fisher_rao,1.5,1536.0,0.05,439.28571428571433,585.7142857142858,1.3333333333333333,0.002276422764227642,49104.57254103922,1070776685690.2887,998837202681.4487,0.9328156057465303,0.9328156057465303,1.0,1.0000000000000007,1.05,20000,20000,-1,1e-06,0,cycling
1024.0,1.5,riemannian,fisher_rao,1.5,1536.0,0.1,439.28571428571433,585.7142857142858,1.3333333333333333,0.002276422764227642,49104.57254103922,1145364247828.2893,998837202681.449,0.8720694788363891,0.8720694788363886,1.0,1.0000000000000007,1.1,20000,20000,-1,1e-06,0,cycling
1024.0,1.5,riemannian,fisher_rao,1.5,1536.0,0.2,439.28571428571433,585.7142857142858,1.3333333333333333,0.002276422764227642,49104.57254103922,1302483609491.7703,998837202681.4487,0.7668712261731996,0.7668712261731996,1.0,1.0000000000000007,1.2,20000,20000,-1,1e-06,0,cycling
1024.0,1.5,riemannian,fisher_rao,1.5,1536.0,0.5,439.28571428571433,585.7142857142858,1.3333333333333333,0.002276422764227642,49104.57254103922,1837395593582.048,998837202681.449,0.5436157603568599,0.5436157603568597,1.0,1.0000000000000007,1.5000000000000002,20000,20000,-1,1e-06,0,cycling
1024.0,1.5,kl,fisher_rao,1.5,1536.0,0.0,439.28571428571433,585.7142857142858,1.3333333333333333,0.002276422764227642,49104.57254103922,998837202681.4478,998837202681.4478,1.0,0.9999999999999996,1.0,0.9999999999999997,1.0,20000,20000,-1,1e-06,0,cycling
1024.0,1.5,kl,fisher_rao,1.5,1536.0,1e-12,439.28571428571433,585.7142857142858,1.3333333333333333,0.002276422764227642,49104.57254103922,998837202682.8601,998837202681.448,0.9999999999985862,0.9999999999985858,1.0,0.9999999999999999,1.000000000001,20000,20000,-1,1e-06,0,cycling
1024.0,1.5,kl,fisher_rao,1.5,1536.0,1e-06,439.28571428571433,585.7142857142858,1.3333333333333333,0.002276422764227642,49104.57254103922,998838614990.846,998837202681.4481,0.99999858604846,0.99999858604846,1.0,1.0000000000000002,1.000001,20000,20000,-1,1e-06,0,cycling
1024.0,1.5,kl,fisher_rao,1.5,1536.0,0.01,439.28571428571433,585.7142857142858,1.3333333333333333,0.002276422764227642,49104.57254103922,1013013252952.883,998837202681.448,0.986006056455715,0.9860060564557146,1.0,0.9999999999999999,1.01,20000,20000,-1,1e-06,0,cycling
1024.0,1.5,kl,fisher_rao,1.5,1536.0,0.05,439.28571428571433,585.7142857142858,1.3333333333333333,0.002276422764227642,49104.57254103922,1070776685690.2887,998837202681.448,0.9328156057465297,0.9328156057465291,1.0,0.9999999999999999,1.05,20000,20000,-1,1e-06,0,cycling
1024.0,1.5,kl,fisher_rao,1.5,1536.0,0.1,439.28571428571433,585.7142857142858,1.3333333333333333,0.002276422764227642,49104.57254103922,1145364247828.2893,998837202681.4481,0.8720694788363883,0.8720694788363883,1.0,1.0000000000000002,1.1,20000,20000,-1,1e-06,0,cycling
1024.0,1.5,kl,fisher_rao,1.5,1536.0,0.2,439.28571428571433,585.7142857142858,1.3333333333333333,0.002276422764227642,49104.57254103922,1302483609491.7703,998837202681.448,0.766871226173199,0.7668712261731987,1.0,0.9999999999999999,1.2,20000,20000,-1,1e-06,0,cycling
1024.0,1.5,kl,fisher_rao,1.5,1536.0,0.5,439.28571428571433,585.7142857142858,1.3333333333333333,0.002276422764227642,49104.57254103922,1837395593582.048,998837202681.4481,0.5436157603568594,0.5436157603568594,1.0,1.0000000000000002,1.5000000000000002,20000,20000,-1,1e-06,0,cycling
