K,time,radius,radius_ratio,certified_mean_gap_ratio
16,0.0,6053114.756243988,1.0,1.0
16,0.0008,6052260.259185497,0.9998588334943411,0.9997176869166646
16,0.0016,6051405.882753371,0.9997176869166648,0.9994354535340068
16,0.0024000000000000002,6050551.6269305805,0.9995765602641576,0.9991532998295252
16,0.0032,6049697.4917001,0.9994354535340069,0.998871225780726
16,0.004,6048843.477044905,0.9992943667234001,0.9985892313651212
16,0.0048000000000000004,6047989.582947969,0.9991532998295247,0.9983073165602281
16,0.0056,6047135.809392279,0.9990122528495695,0.9980254813435722
16,0.0064,6046282.156360817,0.9988712257807234,0.9977437256926849
16,0.007200000000000001,6045428.6238365695,0.9987302186201756,0.9974620495851039
16,0.008,6044575.211802525,0.998589231365116,0.9971804529983732
16,0.0088,6043721.920241679,0.998448264012735,0.9968989359100442
16,0.009600000000000001,6042868.749137023,0.9983073165602229,0.996617498297673
16,0.010400000000000001,6042015.698471555,0.9981663890047707,0.9963361401388233
16,0.0112,6041162.768228267,0.9980254813435692,0.9960548614110629
16,0.012,6040309.958390162,0.9978845935738098,0.9957736620919675
16,0.0128,6039457.268940238,0.9977437256926839,0.9954925421591176
16,0.013600000000000001,6038604.699861505,0.9976028776973846,0.995211501590103
16,0.014400000000000001,6037752.251136967,0.9974620495851042,0.9949305403625168
16,0.0152,6036899.922749634,0.997321241353036,0.9946496584539607
16,0.016,6036047.714682519,0.9971804529983735,0.9943688558420415
16,0.016800000000000002,6035195.626918641,0.9970396845183114,0.9940881325043739
16,0.0176,6034343.659441018,0.9968989359100441,0.9938074884185781
16,0.0184,6033491.812232668,0.9967582071707664,0.9935269235622803
16,0.019200000000000002,6032640.085276615,0.9966174982976734,0.9932464379131131
16,0.02,6031788.4785558805,0.9964768092879606,0.9929660314487145
16,0.020800000000000003,6030936.992053491,0.9963361401388237,0.9926857041467296
16,0.0216,6030085.625752474,0.9961954908474586,0.992405455984809
16,0.0224,6029234.379635861,0.9960548614110623,0.9921252869406104
16,0.023200000000000002,6028383.253686686,0.9959142518268317,0.991845196991798
16,0.024,6027532.247887985,0.9957736620919645,0.9915651861160419
16,0.024800000000000003,6026681.362222798,0.9956330922036588,0.9912852542910193
16,0.0256,6025830.596674167,0.9954925421591129,0.9910054014944131
16,0.0264,6024979.951225137,0.9953520119555261,0.9907256277039138
16,0.027200000000000002,6024129.425858756,0.9952115015900974,0.9904459328972165
16,0.028,6023279.020558072,0.9950710110600267,0.9901663170520238
16,0.028800000000000003,6022428.7353061335,0.9949305403625133,0.9898867801460427
16,0.0296,6021578.570085993,0.9947900894947573,0.9896073221569873
16,0.0304,6020728.524880704,0.9946496584539593,0.9893279430625778
16,0.031200000000000002,6019878.599673324,0.9945092472373204,0.9890486428405416
16,0.032,6019028.7944469135,0.9943688558420417,0.9887694214686111
16,0.0328,6018179.109184536,0.9942284842653256,0.9884902789245268
16,0.033600000000000005,6017329.543869257,0.9940881325043743,0.9882112151860345
16,0.0344,6016480.098484145,0.9939478005563906,0.9879322302308865
16,0.0352,6015630.77301227,0.9938074884185779,0.9876533240368419
16,0.036000000000000004,6014781.567436708,0.9936671960881399,0.9873744965816659
16,0.0368,6013932.481740532,0.9935269235622805,0.9870957478431295
16,0.0376,6013083.515906818,0.9933866708382034,0.9868170777990091
16,0.038400000000000004,6012234.669918645,0.9932464379131135,0.9865384864270884
16,0.0392,6011385.943759093,0.9931062247842154,0.9862599737051566
16,0.04,6010537.3374112435,0.9929660314487142,0.9859815396110089
16,0.0408,6009688.850858186,0.9928258579038162,0.9857031841224486
16,0.041600000000000005,6008840.484083008,0.9926857041467272,0.9854249072172836
16,0.0424,6007992.237068802,0.9925455701746542,0.9851467088733293
16,0.0432,6007144.109798662,0.9924054559848043,0.9848685890684075
16,0.044000000000000004,6006296.102255688,0.9922653615743854,0.9845905477803457
16,0.0448,6005448.2144229775,0.9921252869406051,0.9843125849869779
16,0.0456,6004600.446283632,0.9919852320806719,0.9840347006661445
16,0.046400000000000004,6003752.797820754,0.9918451969917942,0.9837568947956911
16,0.0472,6002905.26901745,0.9917051816711808,0.9834791673534697
16,0.048,6002057.859856822,0.9915651861160406,0.9832015183173383
16,0.0488,6001210.570321982,0.9914252103235833,0.9829239476651614
16,0.049600000000000005,6000363.400396044,0.9912852542910195,0.9826464553748113
16,0.0504,5999516.350062122,0.9911453180155592,0.9823690414241639
16,0.0512,5998669.419303332,0.9910054014944135,0.9820917057911037
16,0.052000000000000005,5997822.6081028,0.9908655047247945,0.9818144484535217
16,0.0528,5996975.916443648,0.9907256277039137,0.9815372693893138
16,0.0536,5996129.344309,0.9905857704289837,0.9812601685763831
16,0.054400000000000004,5995282.891681986,0.9904459328972168,0.9809831459926381
16,0.055200000000000006,5994436.558545732,0.9903061151058259,0.9807062016159933
16,0.056,5993590.344883371,0.9901663170520243,0.9804293354243699
16,0.0568,5992744.2506780345,0.9900265387330252,0.9801525473956941
16,0.057600000000000005,5991898.275912858,0.9898867801460424,0.9798758375078992
16,0.0584,5991052.420570981,0.9897470412882908,0.9795992057389257
16,0.0592,5990206.684635545,0.9896073221569852,0.9793226520667191
16,0.060000000000000005,5989361.068089694,0.9894676227493407,0.9790461764692316
16,0.0608,5988515.570916575,0.9893279430625734,0.9787697789244225
16,0.0616,5987670.19309934,0.9891882830938998,0.9784934594102573
16,0.062400000000000004,5986824.934621139,0.9890486428405362,0.9782172179047065
16,0.0632,5985979.795465128,0.9889090222996998,0.9779410543857482
16,0.064,5985134.77561446,0.9887694214686077,0.9776649688313651
16,0.0648,5984289.875052291,0.9886298403444769,0.9773889612195459
16,0.0656,5983445.093761779,0.9884902789245252,0.9771130315282857
16,0.0664,5982600.431726092,0.9883507372059718,0.9768371797355879
16,0.06720000000000001,5981755.888928389,0.9882112151860346,0.9765614058194592
16,0.068,5980911.46535184,0.9880717128619331,0.9762857097579143
16,0.0688,5980067.1609796155,0.987932230230887,0.9760100915289744
16,0.06960000000000001,5979222.975794887,0.9877927672901163,0.9757345511106659
16,0.0704,5978378.909780833,0.9876533240368419,0.975459088481023
16,0.0712,5977534.962920631,0.9875139004682848,0.9751837036180855
16,0.07200000000000001,5976691.135197462,0.987374496581666,0.9749083964998984
16,0.0728,5975847.426594505,0.9872351123742071,0.9746331671045134
16,0.0736,5975003.837094945,0.98709574784313,0.9743580154099881
16,0.07440000000000001,5974160.366681965,0.9869564029856565,0.9740829413943854
16,0.0752,5973317.015338753,0.9868170777990091,0.9738079450357755
16,0.076,5972473.783048504,0.9866777722804115,0.9735330263122356
16,0.07680000000000001,5971630.669794408,0.9865384864270867,0.9732581852018473
16,0.0776,5970787.675559661,0.9863992202362588,0.9729834216826995
16,0.0784,5969944.800327465,0.9862599737051523,0.9727087357328876
16,0.0792,5969102.04408102,0.9861207468309922,0.9724341273305137
16,0.08,5968259.406803532,0.9859815396110035,0.972159596453685
16,0.08080000000000001,5967416.8884782065,0.9858423520424123,0.9718851430805157
16,0.0816,5966574.489088252,0.9857031841224443,0.9716107671891253
16,0.0824,5965732.208616876,0.9855640358483252,0.9713364687576388
16,0.08320000000000001,5964890.047047291,0.9854249072172818,0.9710622477641885
16,0.084,5964048.004362709,0.9852857982265405,0.9707881041869111
16,0.0848,5963206.08054635,0.9851467088733294,0.9705140380039525
16,0.08560000000000001,5962364.275581432,0.9850076391548758,0.970240049193462
16,0.0864,5961522.589451176,0.9848685890684079,0.9699661377335965
16,0.0872,5960681.022138811,0.9847295586111549,0.9696923036025199
16,0.08800000000000001,5959839.573627561,0.9845905477803456,0.969418546778401
16,0.0888,5958998.24390066,0.9844515565732099,0.969144867239416
16,0.0896,5958157.032941341,0.984312584986978,0.9688712649637469
16,0.09040000000000001,5957315.940732836,0.9841736330188796,0.9685977399295803
16,0.0912,5956474.967258379,0.9840347006661452,0.96832429211511
16,0.092,5955634.112501208,0.9838957879260053,0.9680509214985348
16,0.09280000000000001,5954793.376444563,0.9837568947956913,0.9677776280580608
16,0.0936,5953952.759071687,0.9836180212724347,0.9675044117718998
16,0.0944,5953112.260365827,0.9834791673534679,0.9672312726182705
16,0.0952,5952271.880310231,0.9833403330360234,0.9669582105753974
16,0.096,5951431.618888149,0.9832015183173342,0.9666852256215112
16,0.09680000000000001,5950591.476082837,0.9830627231946338,0.9664123177348493
16,0.0976,5949751.45187755,0.9829239476651562,0.9661394868936548
16,0.0984,5948911.5462555485,0.9827851917261357,0.9658667330761772
16,0.09920000000000001,5948071.7592000915,0.9826464553748067,0.9655940562606719
16,0.1,5947232.09069444,0.9825077386084038,0.9653214564253995
16,0.1008,5946392.540721855,0.9823690414241618,0.9650489335486265
16,0.10160000000000001,5945553.109265606,0.9822303638193166,0.9647764876086271
16,0.1024,5944713.79630896,0.9820917057911038,0.96450411858368
16,0.1032,5943874.601835188,0.98195306733676,0.9642318264520716
16,0.10400000000000001,5943035.525827568,0.9818144484535223,0.9639596111920942
16,0.1048,5942196.568269374,0.9816758491386276,0.9636874727820456
16,0.1056,5941357.729143886,0.9815372693893138,0.9634154112002304
16,0.10640000000000001,5940519.008434389,0.9813987092028195,0.9631434264249602
16,0.1072,5939680.406124166,0.9812601685763829,0.9628715184345513
16,0.108,5938841.922196505,0.981121647507243,0.9625996872073267
16,0.10880000000000001,5938003.556634689,0.9809831459926383,0.9623279327216138
16,0.1096,5937165.3094220115,0.9808446640298086,0.9620562549557482
16,0.11040000000000001,5936327.180541761,0.9807062016159934,0.9617846538880696
16,0.11120000000000001,5935489.169977235,0.980567758748433,0.9615131294969252
16,0.112,5934651.2777117295,0.9804293354243682,0.9612416817606683
16,0.11280000000000001,5933813.503728546,0.9802909316410401,0.9609703106576584
16,0.1136,5932975.848010987,0.9801525473956901,0.9606990161662606
16,0.1144,5932138.310542358,0.9800141826855606,0.9604277982648474
16,0.11520000000000001,5931300.891305969,0.979875837507894,0.9601566569317966
16,0.116,5930463.590285129,0.9797375118599329,0.9598855921454921
16,0.1168,5929626.407463152,0.9795992057389208,0.9596146038843244
16,0.11760000000000001,5928789.342823351,0.979460919142101,0.9593436921266892
16,0.1184,5927952.396349038,0.9793226520667164,0.9590728568509869
16,0.1192,5927115.5680235345,0.9791844045100118,0.9588020980356263
16,0.12000000000000001,5926278.857830159,0.9790461764692313,0.9585314156590212
16,0.1208,5925442.265752235,0.9789079679416198,0.9582608096995914
16,0.1216,5924605.791773091,0.9787697789244231,0.957990280135764
16,0.12240000000000001,5923769.435876054,0.9786316094148867,0.9577198269459714
16,0.1232,5922933.198044456,0.9784934594102572,0.9574494501086527
16,0.124,5922097.078261631,0.9783553289077812,0.9571791496022527
16,0.12480000000000001,5921261.076510918,0.9782172179047063,0.9569089254052237
16,0.12560000000000002,5920425.192775654,0.9780791263982794,0.9566387774960214
16,0.1264,5919589.427039177,0.9779410543857483,0.9563687058531091
16,0.1272,5918753.779284828,0.9778030018643605,0.9560987104549546
16,0.128,5917918.249495952,0.9776649688313648,0.9558287912800335
16,0.1288,5917082.837655894,0.9775269552840095,0.9555589483068259
16,0.1296,5916247.543748006,0.9773889612195442,0.9552891815138197
16,0.13040000000000002,5915412.367755638,0.9772509866352187,0.9550194908795084
16,0.1312,5914577.309662144,0.9771130315282824,0.9547498763823903
16,0.132,5913742.369450883,0.9769750958959869,0.9544803380009728
16,0.1328,5912907.547105215,0.9768371797355824,0.9542108757137665
16,0.1336,5912072.842608504,0.9766992830443212,0.953941489499291
16,0.13440000000000002,5911238.255944111,0.9765614058194542,0.9536721793360686
16,0.13520000000000001,5910403.787095405,0.9764235480582337,0.9534029452026299
16,0.136,5909569.43604575,0.9762857097579116,0.9531337870775093
16,0.1368,5908735.202778515,0.9761478909157405,0.9528647049392485
16,0.1376,5907901.087277075,0.9760100915289736,0.9525956987663954
16,0.1384,5907067.089524803,0.9758723115948641,0.9523267685375035
16,0.13920000000000002,5906233.209505077,0.9757345511106662,0.9520579142311333
16,0.14,5905399.447201279,0.9755968100736343,0.9517891358258509
16,0.1408,5904565.802596792,0.9754590884810233,0.9515204333002287
16,0.1416,5903732.275675001,0.9753213863300882,0.9512518066328453
16,0.1424,5902898.866419295,0.9751837036180852,0.9509832558022854
16,0.1432,5902065.574813065,0.9750460403422699,0.9507147807871394
16,0.14400000000000002,5901232.400839701,0.9749083964998987,0.9504463815660037
16,0.1448,5900399.344482596,0.9747707720882276,0.9501780581174794
16,0.1456,5899566.405725144,0.9746331671045136,0.9499098104201749
16,0.1464,5898733.584550745,0.9744955815460141,0.9496416384527042
16,0.1472,5897900.880942798,0.9743580154099868,0.9493735421936881
16,0.14800000000000002,5897068.29488471,0.9742204686936901,0.9491055216217531
16,0.14880000000000002,5896235.826359882,0.9740829413943821,0.9488375767155313
16,0.1496,5895403.4753517285,0.9739454335093226,0.9485697074536623
16,0.1504,5894571.241843658,0.9738079450357706,0.9483019138147905
16,0.1512,5893739.125819085,0.9736704759709864,0.9480341957775673
16,0.152,5892907.127261428,0.9735330263122304,0.9477665533206499
16,0.15280000000000002,5892075.246154102,0.9733955960567625,0.9474989864227
16,0.15360000000000001,5891243.482480526,0.973258185201844,0.9472314950623869
16,0.1544,5890411.836224119,0.9731207937447353,0.9469640792183835
16,0.1552,5889580.307368307,0.9729834216826982,0.9466967388693714
16,0.156,5888748.895896517,0.972846069012995,0.946429473994037
16,0.1568,5887917.601792175,0.9727087357328875,0.9461622845710724
16,0.15760000000000002,5887086.425038718,0.9725714218396394,0.9458951705791778
16,0.1584,5886255.365619577,0.9724341273305135,0.9456281319970573
16,0.1592,5885424.423518191,0.972296852202774,0.9453611688034228
16,0.16,5884593.598717999,0.9721595964536845,0.9450942809769908
16,0.1608,5883762.891202445,0.9720223600805105,0.9448274684964856
16,0.16160000000000002,5882932.30095497,0.9718851430805158,0.9445607313406346
16,0.16240000000000002,5882101.827959019,0.9717479454509658,0.9442940694881732
16,0.1632,5881271.472198037,0.9716107671891255,0.9440274829178411
16,0.164,5880441.233655476,0.9714736082922608,0.943760971608385
16,0.1648,5879611.112314787,0.9713364687576381,0.9434945355385581
16,0.1656,5878781.108159423,0.9711993485825237,0.9432281746871183
16,0.16640000000000002,5877951.221172846,0.9710622477641854,0.9429618890328322
16,0.16720000000000002,5877121.451338513,0.9709251662998901,0.9426956785544692
16,0.168,5876291.798639889,0.9707881041869063,0.9424295432308076
16,0.1688,5875462.263060438,0.9706510614225023,0.9421634830406305
16,0.1696,5874632.844583631,0.9705140380039471,0.9418974979627268
16,0.1704,5873803.543192933,0.9703770339285094,0.9416315879758914
16,0.17120000000000002,5872974.358871816,0.9702400491934584,0.9413657530589246
16,0.17200000000000001,5872145.2916037515,0.9701030837960638,0.9410999931906328
16,0.1728,5871316.341372214,0.9699661377335953,0.940834308349828
16,0.1736,5870487.508160683,0.9698292110033238,0.9405686985153294
16,0.1744,5869658.791952638,0.9696923036025198,0.9403031636659615
16,0.1752,5868830.192731563,0.9695554155284551,0.9400377037805553
16,0.17600000000000002,5868001.710480943,0.9694185467784012,0.9397723188379473
16,0.1768,5867173.345184268,0.9692816973496307,0.939507008816981
16,0.1776,5866345.096825029,0.9691448672394158,0.939241773696505
16,0.1784,5865516.96538672,0.9690080564450303,0.938976613455375
16,0.1792,5864688.950852836,0.968871264963747,0.9387115280724512
16,0.18000000000000002,5863861.0532068685,0.968734492792839,0.9384465175265989
16,0.18080000000000002,5863033.272432321,0.9685977399295805,0.9381815817966913
16,0.1816,5862205.608512689,0.9684610063712455,0.9379167208616057
16,0.1824,5861378.06143148,0.968324292115109,0.9376519347002269
16,0.1832,5860550.631172198,0.9681875971584458,0.937387223291445
16,0.184,5859723.317718353,0.9680509214985318,0.9371225866141566
16,0.18480000000000002,5858896.121053457,0.967914265132643,0.9368580246472643
16,0.18560000000000001,5858069.041161024,0.9677776280580559,0.9365935373696768
16,0.1864,5857242.078024569,0.9676410102720472,0.9363291247603082
16,0.1872,5856415.231627614,0.9675044117718945,0.9360647867980796
16,0.188,5855588.501953675,0.9673678325548747,0.9358005234619161
16,0.1888,5854761.888986276,0.9672312726182658,0.93553633473075
16,0.18960000000000002,5853935.392708942,0.9670947319593461,0.9352722205835196
16,0.1904,5853109.013105198,0.9669582105753939,0.9350081809991678
16,0.1912,5852282.750158574,0.9668217084636883,0.9347442159566451
16,0.192,5851456.603852605,0.966685225621509,0.9344803254349079
24,0.0,20429262.30232346,1.0,1.0
24,0.0012000000000000001,20426320.700352352,0.9998560103675024,0.9997120414680191
24,0.0024000000000000002,20423379.52194143,0.9997120414680191,0.9994241658561542
24,0.0036000000000000003,20420438.767029706,0.9995680932985647,0.9991363731405281
24,0.0048000000000000004,20417498.4355562,0.9994241658561541,0.9988486632972695
24,0.006,20414558.527459957,0.9992802591378039,0.9985610363025166
24,0.007200000000000001,20411619.042680044,0.9991363731405314,0.9982734921324151
24,0.008400000000000001,20408679.981155477,0.9989925078613513,0.997986030763112
24,0.009600000000000001,20405741.342825297,0.9988486632972798,0.9976986521707627
24,0.0108,20402803.127628542,0.9987048394453328,0.997411356331528
24,0.012,20399865.335504282,0.9985610363025279,0.9971241432215785
24,0.013200000000000002,20396927.966391597,0.9984172538658831,0.9968370128170913
24,0.014400000000000001,20393991.020229585,0.9982734921324171,0.9965499650942511
24,0.015600000000000001,20391054.49695735,0.9981297510991494,0.9962630000292498
24,0.016800000000000002,20388118.396514025,0.9979860307631002,0.9959761175982876
24,0.018000000000000002,20385182.718838748,0.9978423311212907,0.9956893177775716
24,0.019200000000000002,20382247.46387067,0.9976986521707423,0.9954026005433158
24,0.0204,20379312.631548926,0.9975549939084755,0.9951159658717386
24,0.0216,20376378.221812632,0.9974113563315101,0.9948294137390626
24,0.0228,20373444.234600905,0.9972677394368662,0.9945429441215172
24,0.024,20370510.669852898,0.9971241432215651,0.9942565569953402
24,0.025200000000000004,20367577.52750777,0.9969805676826288,0.9939702523367767
24,0.026400000000000003,20364644.8075047,0.9968370128170799,0.9936840301220792
24,0.027600000000000003,20361712.50978287,0.9966934786219418,0.9933978903275071
24,0.028800000000000003,20358780.634281494,0.9965499650942389,0.9931118329293287
24,0.030000000000000002,20355849.180939794,0.996406472230996,0.9928258579038186
24,0.031200000000000002,20352918.149697002,0.9962630000292386,0.9925399652272587
24,0.032400000000000005,20349987.54049237,0.9961195484859934,0.9922541548759393
24,0.033600000000000005,20347057.353265136,0.9959761175982857,0.9919684268261543
24,0.034800000000000005,20344127.587954503,0.9958327073631398,0.9916827810542008
24,0.036000000000000004,20341198.24449969,0.9956893177775805,0.9913972175363838
24,0.037200000000000004,20338269.322839957,0.9955459488386346,0.9911117362490172
24,0.038400000000000004,20335340.82291454,0.9954026005433276,0.9908263371684195
24,0.0396,20332412.744662717,0.9952592728886873,0.9905410202709186
24,0.0408,20329485.088023778,0.995115965871742,0.99025578553285
24,0.042,20326557.85293702,0.9949726794895203,0.9899706329305556
24,0.0432,20323631.03934176,0.9948294137390518,0.9896855624403854
24,0.0444,20320704.64717733,0.9946861686173669,0.9894005740386969
24,0.0456,20317778.676383086,0.9945429441214969,0.9891156677018549
24,0.0468,20314853.126898352,0.9943997402484721,0.9888308434062288
24,0.048,20311927.998662435,0.9942565569953213,0.9885461011281906
24,0.04920000000000001,20309003.291614663,0.9941133943590748,0.9882614408441213
24,0.05040000000000001,20306079.00569436,0.9939702523367625,0.9879768625304073
24,0.05160000000000001,20303155.14084088,0.9938271309254159,0.9876923661634437
24,0.05280000000000001,20300231.696993597,0.9936840301220672,0.9874079517196334
24,0.054000000000000006,20297308.674091887,0.993540949923749,0.9871236191753855
24,0.055200000000000006,20294386.072075147,0.9933978903274949,0.9868393685071176
24,0.056400000000000006,20291463.89088279,0.9932548513303391,0.986555199691254
24,0.057600000000000005,20288542.130454246,0.9931118329293168,0.9862711127042273
24,0.058800000000000005,20285620.790728956,0.9929688351214636,0.9859871075224764
24,0.060000000000000005,20282699.871646352,0.9928258579038148,0.985703184122446
24,0.061200000000000004,20279779.37314584,0.9926829012734043,0.9854193424805834
24,0.062400000000000004,20276859.295166843,0.992539965227267,0.9851355825733443
24,0.0636,20273939.63764878,0.9923970497624373,0.9848519043771894
24,0.06480000000000001,20271020.4005311,0.9922541548759514,0.9845683078685885
24,0.066,20268101.583753265,0.9921112805648461,0.9842847930240187
24,0.06720000000000001,20265183.187254753,0.9919684268261587,0.9840013598199642
24,0.0684,20262265.210975062,0.9918255936569278,0.9837180082329172
24,0.06960000000000001,20259347.65485369,0.9916827810541918,0.9834347382393762
24,0.0708,20256430.518830165,0.9915399890149906,0.9831515498158477
24,0.07200000000000001,20253513.802844025,0.9913972175363647,0.982868442938846
24,0.0732,20250597.5068348,0.991254466615354,0.9825854175848899
24,0.07440000000000001,20247681.630742002,0.9911117362489977,0.9823024737305028
24,0.0756,20244766.174505137,0.9909690264343348,0.9820196113522134
24,0.07680000000000001,20241851.13806372,0.9908263371684045,0.9817368304265568
24,0.07800000000000001,20238936.52135731,0.9906836684482481,0.9814541309300783
24,0.0792,20236022.324325453,0.9905410202709067,0.9811715128393289
24,0.08040000000000001,20233108.546907723,0.9903983926334222,0.9808889761308663
24,0.0816,20230195.18904371,0.9902557855328378,0.9806065207812577
24,0.08280000000000001,20227282.250673007,0.9901131989661965,0.9803241467670751
24,0.084,20224369.731735244,0.9899706329305433,0.9800418540649005
24,0.08520000000000001,20221457.63217005,0.9898280874229229,0.9797596426513215
24,0.0864,20218545.951917063,0.9896855624403809,0.979477512502933
24,0.08760000000000001,20215634.69091587,0.9895430579799598,0.97919546359633
24,0.0888,20212723.849106092,0.9894005740387042,0.9789134959081174
24,0.09000000000000001,20209813.426427342,0.9892581106136583,0.978631609414905
24,0.0912,20206903.422819257,0.9891156677018673,0.9783498040933108
24,0.09240000000000001,20203993.83822149,0.9889732453003773,0.9780680799199604
24,0.0936,20201084.672573704,0.9888308434062347,0.9777864368714855
24,0.09480000000000001,20198175.925815586,0.9886884620164874,0.9775048749245273
24,0.096,20195267.597886834,0.9885461011281835,0.9772233940557329
24,0.09720000000000001,20192359.68872716,0.9884037607383719,0.9769419942417567
24,0.09840000000000002,20189452.198276285,0.9882614408441023,0.976660675459261
24,0.09960000000000001,20186545.126473952,0.9881191414424247,0.9763794376849146
24,0.10080000000000001,20183638.47325986,0.9879768625303877,0.9760982808953886
24,0.10200000000000001,20180732.238573696,0.9878346041050392,0.9758172050673596
24,0.10320000000000001,20177826.422355194,0.9876923661634287,0.9755362101775126
24,0.1044,20174921.02454407,0.9875501487026057,0.9752552962025387
24,0.10560000000000001,20172016.04508008,0.9874079517196211,0.9749744631191377
24,0.1068,20169111.483902983,0.9872657752115264,0.9746937109040161
24,0.10800000000000001,20166207.340952557,0.9871236191753734,0.9744130395338876
24,0.1092,20163303.616168592,0.9869814836082152,0.9741324489854737
24,0.11040000000000001,20160400.309490893,0.9868393685071052,0.9738519392355022
24,0.1116,20157497.42085929,0.9866972738690979,0.9735715102607095
24,0.11280000000000001,20154594.95021361,0.9865551996912483,0.9732911620378387
24,0.114,20151692.897493646,0.9864131459706087,0.9730108945436334
24,0.11520000000000001,20148791.262639206,0.9862711127042333,0.9727307077548465
24,0.11640000000000002,20145890.045590088,0.986129099889175,0.9724506016482344
24,0.11760000000000001,20142989.246286124,0.9859871075224885,0.9721705762005634
24,0.11880000000000002,20140088.86466715,0.9858451356012292,0.971890631388606
24,0.12000000000000001,20137188.900673036,0.9857031841224533,0.9716107671891431
24,0.12120000000000002,20134289.354243636,0.985561253083217,0.9713309835789609
24,0.12240000000000001,20131390.225318845,0.985419342480578,0.9710512805348548
24,0.12360000000000002,20128491.513838567,0.9852774523115949,0.9707716580336272
24,0.12480000000000001,20125593.21974272,0.9851355825733265,0.9704921160520873
24,0.126,20122695.342971224,0.984993733262832,0.9702126545670511
24,0.1272,20119797.883463982,0.9848519043771697,0.9699332735553379
24,0.12840000000000001,20116900.84116089,0.9847100959133974,0.9696539729937723
24,0.12960000000000002,20114004.216001842,0.9845683078685732,0.9693747528591855
24,0.1308,20111108.007926766,0.9844265402397565,0.969095613128417
24,0.132,20108212.216875594,0.984284793024007,0.9688165537783122
24,0.1332,20105316.842788283,0.9841430662183854,0.9685375747857253
24,0.13440000000000002,20102421.885604784,0.9840013598199527,0.9682586761275161
24,0.13560000000000003,20099527.345265098,0.9838596738257719,0.9679798577805543
24,0.1368,20096633.221709203,0.9837180082329049,0.9677011197217136
24,0.138,20093739.514877126,0.983576363038416,0.967422461927878
24,0.13920000000000002,20090846.224708885,0.9834347382393692,0.9671438843759367
24,0.14040000000000002,20087953.351144474,0.9832931338328272,0.9668653870427822
24,0.1416,20085060.894123886,0.9831515498158527,0.9665869699053131
24,0.1428,20082168.853587113,0.9830099861855084,0.9663086329404333
24,0.14400000000000002,20079277.229474176,0.9828684429388583,0.9660303761250558
24,0.14520000000000002,20076386.021725096,0.9827269200729666,0.9657521994360988
24,0.1464,20073495.23027993,0.9825854175848988,0.96547410285049
24,0.1476,20070604.855078727,0.9824439354717207,0.9651960863451625
24,0.14880000000000002,20067714.89606157,0.9823024737304993,0.9649181498970583
24,0.15000000000000002,20064825.35316855,0.982161032358302,0.9646402934831255
24,0.1512,20061936.226339772,0.982019611352197,0.96436251708032
24,0.1524,20059047.51551535,0.9818782107092529,0.964084820665604
24,0.15360000000000001,20056159.220635384,0.9817368304265376,0.9638072042159442
24,0.15480000000000002,20053271.341639966,0.9815954705011187,0.9635296677083126
24,0.15600000000000003,20050383.878469173,0.9814541309300632,0.9632522111196856
24,0.1572,20047496.83106312,0.9813128117104395,0.9629748344270485
24,0.1584,20044610.19936194,0.981171512839317,0.9626975376073941
24,0.15960000000000002,20041723.983305756,0.9810302343137652,0.9624203206377211
24,0.16080000000000003,20038838.182834737,0.9808889761308552,0.9621431834950375
24,0.162,20035952.797889043,0.9807477382876578,0.9618661261563561
24,0.1632,20033067.828408863,0.9806065207812453,0.9615891485986989
24,0.16440000000000002,20030183.274334397,0.9804653236086907,0.9613122507990944
24,0.16560000000000002,20027299.13560586,0.9803241467670674,0.9610354327345786
24,0.1668,20024415.41216345,0.9801829902534481,0.9607586943821912
24,0.168,20021532.10394734,0.9800418540649044,0.9604820357189754
24,0.16920000000000002,20018649.21089772,0.9799007381985085,0.960205456721982
24,0.17040000000000002,20015766.732954796,0.9797596426513336,0.959928957368269
24,0.1716,20012884.67005878,0.9796185674204533,0.9596525376349012
24,0.1728,20010003.02214991,0.979477512502942,0.959376197498951
24,0.17400000000000002,20007121.789168432,0.979336477895875,0.9590999369374976
24,0.17520000000000002,20004240.97105461,0.9791954635963281,0.958823755927628
24,0.17640000000000003,20001360.567748718,0.9790544696013778,0.9585476544464351
24,0.1776,19998480.57919106,0.978913495908102,0.9582716324710215
24,0.17880000000000001,19995601.005321935,0.9787725425135785,0.9579956899784948
24,0.18000000000000002,19992721.84608165,0.9786316094148853,0.9577198269459685
24,0.18120000000000003,19989843.101410475,0.9784906966090983,0.9574440433505584
24,0.1824,19986964.771248683,0.9783498040932944,0.9571683391693876
24,0.1836,19984086.855536584,0.9782089318645517,0.9568927143795872
24,0.18480000000000002,19981209.354214482,0.9780680799199479,0.9566171689582936
24,0.18600000000000003,19978332.2672227,0.9779272482565621,0.9563417028826516
24,0.1872,19975455.594501585,0.9777864368714742,0.9560663161298133
24,0.1884,19972579.335991498,0.9776456457617648,0.9557910086769381
24,0.18960000000000002,19969703.491632808,0.9775048749245152,0.9555157805011921
24,0.19080000000000003,19966828.061365902,0.9773641243568073,0.9552406315797487
24,0.192,19963953.04513118,0.9772233940557237,0.9549655618897882
24,0.1932,19961078.44286905,0.9770826840183473,0.9546905714084976
24,0.19440000000000002,19958204.25451987,0.9769419942417589,0.9544156601130648
24,0.19560000000000002,19955330.48002402,0.9768013247230402,0.9541408279806861
24,0.19680000000000003,19952457.119321886,0.9766606754592726,0.9538660749885626
24,0.198,19949584.17235388,0.9765200464475398,0.9535914011139052
24,0.19920000000000002,19946711.639060415,0.976379437684925,0.9533168063339302
24,0.20040000000000002,19943839.519381933,0.9762388491685126,0.9530422906258618
24,0.20160000000000003,19940967.813258886,0.976098280895388,0.9527678539669318
24,0.2028,19938096.520631734,0.9759577328626367,0.9524934963343776
24,0.20400000000000001,19935225.641440965,0.9758172050673456,0.952219217705446
24,0.20520000000000002,19932355.17562707,0.9756766975066018,0.951945018057389
24,0.20640000000000003,19929485.12313055,0.9755362101774927,0.9516708973674652
24,0.2076,19926615.483891867,0.9753957430771043,0.9513968556129365
24,0.2088,19923746.257851493,0.9752552962025225,0.9511228927710699
24,0.21000000000000002,19920877.444949906,0.9751148695508337,0.9508490088191395
24,0.21120000000000003,19918009.045127608,0.9749744631191256,0.9505752037344273
24,0.21240000000000003,19915141.058325116,0.9748340769044865,0.9503014774942223
24,0.2136,19912273.484482955,0.9746937109040053,0.9500278300758206
24,0.21480000000000002,19909406.323541675,0.9745533651147716,0.9497542614565254
24,0.21600000000000003,19906539.575441826,0.9744130395338757,0.9494807716136464
24,0.21720000000000003,19903673.240123995,0.9742727341584092,0.9492073605245023
24,0.2184,19900807.31752877,0.9741324489854639,0.9489340281664175
24,0.21960000000000002,19897941.807596736,0.9739921840121316,0.948660774516722
24,0.22080000000000002,19895076.710268464,0.9738519392355033,0.9483875995527504
24,0.22200000000000003,19892212.025484513,0.9737117146526693,0.9481145032518412
24,0.2232,19889347.75318546,0.9735715102607206,0.9478414855913405
24,0.22440000000000002,19886483.89331189,0.9734313260567496,0.947568546548602
24,0.22560000000000002,19883620.445804425,0.973291162037849,0.9472956861009866
24,0.22680000000000003,19880757.410603683,0.9731510182011127,0.9470229042258624
24,0.228,19877894.7876503,0.9730108945436344,0.9467502009006037
24,0.22920000000000001,19875032.57688493,0.9728707910625095,0.9464775761025931
24,0.23040000000000002,19872170.77824824,0.9727307077548335,0.9462050298092193
24,0.23160000000000003,19869309.39168091,0.9725906446177028,0.9459325619978788
24,0.23280000000000003,19866448.41712364,0.9724506016482147,0.9456601726459748
24,0.234,19863587.854517087,0.9723105788434643,0.9453878617309126
24,0.23520000000000002,19860727.7038019,0.9721705762005464,0.9451156292301023
24,0.23640000000000003,19857867.964918755,0.9720305937165573,0.9448434751209629
24,0.23760000000000003,19855008.637808338,0.9718906313885934,0.9445713993809188
24,0.2388,19852149.72241135,0.9717506892137522,0.9442994019874024
24,0.24000000000000002,19849291.218668506,0.9716107671891318,0.9440274829178532
24,0.24120000000000003,19846433.126520537,0.9714708653118308,0.9437556421497173
24,0.24240000000000003,19843575.44590819,0.9713309835789489,0.9434838796604482
24,0.2436,19840718.17677223,0.9711911219875866,0.9432121954275073
24,0.24480000000000002,19837861.319053423,0.9710512805348446,0.9429405894283615
24,0.24600000000000002,19835004.872692563,0.9709114592178244,0.9426690616404851
24,0.24720000000000003,19832148.837630413,0.9707716580336267,0.9423976120413567
24,0.2484,19829293.213807713,0.9706318769793507,0.9421262406084574
24,0.24960000000000002,19826438.001165237,0.9704921160520974,0.9418549473192777
24,0.2508,19823583.199643753,0.9703523752489671,0.9415837321513123
24,0.252,19820728.80918406,0.9702126545670623,0.9413125950820658
24,0.25320000000000004,19817874.829726964,0.9700729540034854,0.9410415360890483
24,0.2544,19815021.2612133,0.9699332735553401,0.9407705551497781
24,0.25560000000000005,19812168.103583895,0.9697936132197302,0.9404996522417797
24,0.25680000000000003,19809315.356779613,0.969653972993761,0.9402288273425854
24,0.258,19806463.020741314,0.9695143528745375,0.9399580804297332
24,0.25920000000000004,19803611.09540989,0.9693747528591664,0.93968741148077
24,0.2604,19800759.580726184,0.9692351729447521,0.9394168204732436
24,0.2616,19797908.476631053,0.9690956131283995,0.9391463073847086
24,0.26280000000000003,19795057.783065345,0.9689560734072132,0.9388758721927248
24,0.264,19792207.499969937,0.9688165537782992,0.9386055148748602
24,0.26520000000000005,19789357.627285715,0.9686770542387638,0.938335235408689
24,0.2664,19786508.164953575,0.9685375747857139,0.9380650337717923
24,0.2676,19783659.112914443,0.968398115416258,0.9377949099417601
24,0.26880000000000004,19780810.471109252,0.9682586761275047,0.937524863896188
24,0.27,19777962.23947894,0.9681192569165629,0.9372548956126778
24,0.27120000000000005,19775114.417964473,0.9679798577805431,0.9369850050688404
24,0.27240000000000003,19772267.006506834,0.9678404787165562,0.9367151922422927
24,0.2736,19769420.005046975,0.9677011197217121,0.9364454571106554
24,0.27480000000000004,19766573.413525827,0.9675617807931193,0.9361757996515522
24,0.276,19763727.231884338,0.9674224619278872,0.9359062198426142
24,0.2772,19760881.460063487,0.9672831631231267,0.9356367176614813
24,0.27840000000000004,19758036.098004237,0.9671438843759481,0.9353672930857972
24,0.2796,19755191.145647593,0.9670046256834637,0.9350979460932157
24,0.28080000000000005,19752346.602934565,0.9668653870427858,0.934828676661396
24,0.28200000000000003,19749502.46980618,0.9667261684510277,0.9345594847680047
24,0.2832,19746658.74620347,0.9665869699053031,0.9342903703907154
24,0.28440000000000004,19743815.4320675,0.9664477914027271,0.9340213335072091
24,0.2856,19740972.527339324,0.9663086329404144,0.9337523740951724
24,0.2868,19738130.031959966,0.9661694945154778,0.933483492132294
24,0.28800000000000003,19735287.94587047,0.9660303761250321,0.9332146875962709
32,0.0,48424918.0499519,1.0,1.0
32,0.0016,48417874.93774706,0.9998545560325456,0.9997091332190389
32,0.0032,48410832.84992041,0.9997091332190389,0.999418351041562
32,0.0048000000000000004,48403791.78632293,0.9995637315564028,0.9991276534429604
32,0.0064,48396751.746805646,0.9994183510415608,0.9988370403986325
32,0.008,48389712.731219605,0.9992729916714369,0.9985465118839836
32,0.009600000000000001,48382674.739415966,0.9991276534429576,0.9982560678744308
32,0.0112,48375637.77124603,0.998982336353052,0.9979657083454023
32,0.0128,48368601.82656091,0.9988370403986455,0.9976754332723254
32,0.014400000000000001,48361566.90521152,0.9986917655766597,0.9973852426306259
32,0.016,48354533.007048905,0.9985465118840182,0.9970951363957398
32,0.0176,48347500.13192413,0.9984012793176457,0.9968051145431115
32,0.019200000000000002,48340468.27968839,0.9982560678744691,0.9965151770481966
32,0.020800000000000003,48333437.45019289,0.9981108775514158,0.9962253238864573
32,0.0224,48326407.64328894,0.9979657083454153,0.9959355550333665
32,0.024,48319378.85882792,0.9978205602533985,0.995645870464406
32,0.0256,48312351.09666126,0.9976754332722975,0.9953562701550664
32,0.027200000000000002,48305324.35664049,0.9975303273990459,0.9950667540808477
32,0.028800000000000003,48298298.63861708,0.9973852426305769,0.9947773222172548
32,0.0304,48291273.94244222,0.9972401789638173,0.9944879745397864
32,0.032,48284250.2679671,0.997095136395694,0.9941987110239476
32,0.033600000000000005,48277227.61504296,0.9969501149231353,0.9939095316452528
32,0.0352,48270205.98352115,0.9968051145430713,0.9936204363792255
32,0.0368,48263185.37325304,0.9966601352524328,0.9933314252013976
32,0.038400000000000004,48256165.78409009,0.9965151770481523,0.9930424980873103
32,0.04,48249147.21588384,0.9963702399271642,0.9927536550125148
32,0.041600000000000005,48242129.66848592,0.9962253238864043,0.9924648959525711
32,0.0432,48235113.141747974,0.9960804289228091,0.9921762208830474
32,0.0448,48228097.63552176,0.9959355550333174,0.991887629779522
32,0.046400000000000004,48221083.14965902,0.9957907022148675,0.991599122617579
32,0.048,48214069.684011206,0.9956458704643919,0.9913106993727967
32,0.049600000000000005,48207057.23842974,0.9955010597788223,0.9910223600207584
32,0.0512,48200045.8127661,0.9953562701550915,0.9907341045370556
32,0.0528,48193035.40687184,0.9952115015901345,0.9904459328972903
32,0.054400000000000004,48186026.0205986,0.9950667540808871,0.9901578450770726
32,0.056,48179017.65379805,0.9949220276242864,0.9898698410520212
32,0.057600000000000005,48172010.30632198,0.9947773222172717,0.9895819207977655
32,0.0592,48165003.97802221,0.9946326378567831,0.9892940842899427
32,0.0608,48157998.66875067,0.9944879745397629,0.9890063315042001
32,0.062400000000000004,48150994.378359325,0.994343332263154,0.988718662416193
32,0.064,48143991.10670016,0.9941987110238998,0.9884310770015838
32,0.0656,48136988.85362492,0.9940541108189388,0.988143575236031
32,0.06720000000000001,48129987.618985236,0.9939095316452071,0.987856157095195
32,0.0688,48122987.40263283,0.9937649734996429,0.9875688225547459
32,0.0704,48115988.20441949,0.9936204363791852,0.9872815715903623
32,0.07200000000000001,48108990.02419708,0.993475920280775,0.9869944041777329
32,0.0736,48101992.86181752,0.9933314252013544,0.9867073202925539
32,0.0752,48094996.7171328,0.993186951137867,0.9864203199105319
32,0.07680000000000001,48088001.589995004,0.9930424980872583,0.9861334030073824
32,0.0784,48081007.480256274,0.9928980660464748,0.9858465695588298
32,0.08,48074014.3877688,0.992753655012464,0.9855598195406065
32,0.0816,48067022.31238484,0.9926092649821754,0.9852731529284545
32,0.08320000000000001,48060031.25395639,0.9924648959525524,0.9849865696981106
32,0.0848,48053041.212335326,0.992320547920536,0.9847000698253129
32,0.0864,48046052.1873736,0.9921762208830691,0.9844136532858088
32,0.08800000000000001,48039064.17892323,0.9920319148370957,0.9841273200553547
32,0.0896,48032077.1868363,0.9918876297795616,0.9838410701097166
32,0.0912,48025091.210964985,0.9917433657074136,0.9835549034246688
32,0.09280000000000001,48018106.251161486,0.9915991226176,0.983268819975994
32,0.0944,48011122.307278134,0.9914549005070711,0.9829828197394862
32,0.096,48004139.37916728,0.9913106993727779,0.9826969026909461
32,0.0976,47997157.46668137,0.9911665192116735,0.9824110688061848
32,0.09920000000000001,47990176.56967289,0.9910223600207115,0.9821253180610208
32,0.1008,47983196.68799411,0.9908782217968414,0.9818396504312704
32,0.1024,47976217.82149716,0.9907341045370093,0.9815540658927496
32,0.10400000000000001,47969239.9700342,0.9905900082381625,0.9812685644212827
32,0.1056,47962263.13345748,0.9904459328972498,0.9809831459927034
32,0.1072,47955287.31161935,0.990301878511222,0.9806978105828551
32,0.10880000000000001,47948312.50437216,0.9901578450770301,0.9804125581675879
32,0.11040000000000001,47941338.7115684,0.9900138325916282,0.9801273887227645
32,0.112,47934365.93306058,0.9898698410519703,0.979842302224253
32,0.1136,47927394.16870131,0.9897258704550129,0.9795572986479331
32,0.11520000000000001,47920423.41834327,0.9895819207977135,0.979272377969692
32,0.1168,47913453.68183917,0.9894379920770306,0.9789875401654262
32,0.1184,47906484.959041566,0.9892940842899196,0.9787027852110306
32,0.12000000000000001,47899517.24980281,0.9891501974333313,0.9784181130823983
32,0.1216,47892550.55397532,0.989006331504218,0.9781335237554312
32,0.1232,47885584.87141156,0.9888624864995331,0.9778490172060393
32,0.12480000000000001,47878620.201964095,0.988718662416232,0.9775645934101429
32,0.1264,47871656.545485534,0.988574859251271,0.9772802523436702
32,0.128,47864693.90182859,0.9884310770016084,0.9769959939825594
32,0.1296,47857732.270846,0.9882873156642035,0.976711818302757
32,0.1312,47850771.6523906,0.9881435752360168,0.9764277252802176
32,0.1328,47843812.0463153,0.9879998557140112,0.9761437148909069
32,0.13440000000000002,47836853.452473044,0.9878561570951498,0.9758597871107973
32,0.136,47829895.870716676,0.9877124793763937,0.975575941915863
32,0.1376,47822939.30089879,0.9875688225546989,0.9752921792820743
32,0.13920000000000002,47815983.742872015,0.9874251866270222,0.9750084991854095
32,0.1408,47809029.19648906,0.9872815715903218,0.9747249016018558
32,0.1424,47802075.661602706,0.9871379774415577,0.9744413865074093
32,0.14400000000000002,47795123.138065815,0.9869944041776915,0.9741579538780761
32,0.1456,47788171.62573131,0.9868508517956857,0.9738746036898703
32,0.1472,47781221.12445216,0.9867073202925042,0.9735913359188144
32,0.14880000000000002,47774271.63408145,0.9865638096651131,0.9733081505409416
32,0.1504,47767323.1544723,0.9864203199104793,0.9730250475322924
32,0.152,47760375.6854779,0.9862768510255709,0.9727420268689163
32,0.15360000000000001,47753429.22695135,0.9861334030073549,0.9724590885268661
32,0.1552,47746483.7787455,0.9859899758527919,0.9721762324821892
32,0.1568,47739539.34071321,0.9858465695588436,0.9718934587109399
32,0.1584,47732595.91270741,0.985703184122473,0.971610767189182
32,0.16,47725653.494581126,0.9855598195406451,0.9713281578929889
32,0.16160000000000002,47718712.08618743,0.9854164758103257,0.9710456307984421
32,0.1632,47711771.68737949,0.9852731529284824,0.9707631858816327
32,0.1648,47704832.298010506,0.985129850892084,0.9704808231186598
32,0.16640000000000002,47697893.91793378,0.9849865696981009,0.9701985424856319
32,0.168,47690956.547002666,0.9848433093435051,0.9699163439586668
32,0.1696,47684020.18507059,0.9847000698252695,0.9696342275138906
32,0.17120000000000002,47677084.83199093,0.9845568511403662,0.9693521931274331
32,0.1728,47670150.48761676,0.9844136532857614,0.9690702407754191
32,0.1744,47663217.15180118,0.9842704762584212,0.9687883704339794
32,0.17600000000000002,47656284.824397355,0.9841273200553137,0.9685065820792538
32,0.1776,47649353.505258545,0.9839841846734084,0.9682248756873924
32,0.1792,47642423.194238044,0.983841070109676,0.9679432512345525
32,0.18080000000000002,47635493.89118924,0.9836979763610886,0.9676617086969008
32,0.1824,47628565.59596559,0.98355490342462,0.9673802480506136
32,0.184,47621638.30842059,0.9834118512972453,0.9670988692718753
32,0.18560000000000001,47614712.02840784,0.9832688199759407,0.9668175723368789
32,0.1872,47607786.75578102,0.9831258094576848,0.966536357221828
32,0.1888,47600862.49039372,0.9829828197394543,0.9662552239029286
32,0.1904,47593939.2320993,0.9828398508182209,0.9659741723563827
32,0.192,47587016.9807511,0.9826969026909559,0.9656932025583981
32,0.19360000000000002,47580095.73620249,0.9825539753546315,0.9654123144851898
32,0.1952,47573175.49830696,0.982411068806222,0.9651315081129834
32,0.1968,47566256.266918056,0.9822681830427031,0.9648507834180133
32,0.19840000000000002,47559338.04188937,0.9821253180610515,0.9645701403765217
32,0.2,47552420.823074594,0.9819824738582459,0.9642895789647605
32,0.2016,47545504.610327475,0.9818396504312659,0.9640090991589904
32,0.20320000000000002,47538589.40350182,0.9816968477770928,0.9637287009354805
32,0.2048,47531675.202451535,0.9815540658927092,0.9634483842705089
32,0.2064,47524762.00703049,0.9814113047750979,0.96316814914036
32,0.20800000000000002,47517849.81709227,0.9812685644212353,0.9628879955213121
32,0.2096,47510938.63249046,0.9811258448280978,0.9626079233896487
32,0.2112,47504028.45307869,0.9809831459926626,0.9623279327216615
32,0.21280000000000002,47497119.27871063,0.9808404679119082,0.9620480234936509
32,0.2144,47490211.10924008,0.9806978105828151,0.9617681956819272
32,0.216,47483303.94452087,0.9805551740023652,0.9614884492628087
32,0.21760000000000002,47476397.78440689,0.9804125581675414,0.9612087842126227
32,0.2192,47469492.628752135,0.980269963075328,0.9609292005077049
32,0.22080000000000002,47462588.477410644,0.9801273887227112,0.9606496981244006
32,0.22240000000000001,47455685.33023653,0.9799848351066784,0.9603702770390637
32,0.224,47448783.187083945,0.9798423022242176,0.960090937228055
32,0.22560000000000002,47441882.047806725,0.9796997900723106,0.9598116786677294
32,0.2272,47434981.912258685,0.9795572986479385,0.9595325013344466
32,0.2288,47428082.780293666,0.9794148279480831,0.9592534052045733
32,0.23040000000000002,47421184.6517656,0.9792723779697279,0.9589743902544856
32,0.232,47414287.526528485,0.979129948709858,0.9586954564605692
32,0.2336,47407391.40443639,0.9789875401654597,0.9584166037992177
32,0.23520000000000002,47400496.28534344,0.978845152333521,0.9581378322468339
32,0.2368,47393602.16910385,0.9787027852110309,0.9578591417798293
32,0.2384,47386709.05557189,0.9785604387949802,0.9575805323746243
32,0.24000000000000002,47379816.94460191,0.978418113082361,0.9573020040076479
32,0.2416,47372925.83604828,0.9782758080701663,0.9570235566553369
32,0.2432,47366035.72976514,0.9781335237553838,0.9567451902941239
32,0.24480000000000002,47359146.62560651,0.9779912601349987,0.9564669049004427
32,0.2464,47352258.523426466,0.977849017205998,0.9561887004507362
32,0.248,47345371.42307916,0.9777067949653698,0.9559105769214558
32,0.24960000000000002,47338485.32441884,0.977564593410104,0.955632534289062
32,0.25120000000000003,47331600.22729979,0.9774224125371916,0.9553545725300241
32,0.2528,47324716.13157636,0.977280252343625,0.9550766916208194
32,0.2544,47317833.037103005,0.9771381128263985,0.9547988915379355
32,0.256,47310950.94373421,0.9769959939825071,0.9545211722578671
32,0.2576,47304069.85132455,0.9768538958089478,0.9542435337571186
32,0.2592,47297189.75972864,0.9767118183027181,0.9539659760122019
32,0.26080000000000003,47290310.66880089,0.9765697614608118,0.9536884989996268
32,0.2624,47283432.57839555,0.9764277252802189,0.9534111026959027
32,0.264,47276555.48836694,0.976285709757931,0.9531337870775471
32,0.2656,47269679.398569435,0.976143714890941,0.9528565521210867
32,0.2672,47262804.308857486,0.9760017406762432,0.9525793978030568
32,0.26880000000000004,47255930.21908562,0.9758597871108334,0.9523023241000012
32,0.27040000000000003,47249057.12910843,0.975717854191709,0.9520253309884731
32,0.272,47242185.03878057,0.9755759419158685,0.951748418445034
32,0.2736,47235313.94795677,0.9754340502803119,0.9514715864462541
32,0.2752,47228443.856491834,0.9752921792820409,0.9511948349687127
32,0.2768,47221574.76424061,0.9751503289180581,0.9509181639889969
32,0.27840000000000004,47214706.671057776,0.9750084991853625,0.9506415734836929
32,0.28,47207839.57679783,0.9748666900809493,0.9503650634293856
32,0.2816,47200973.48131528,0.974724901601814,0.9500886338026661
32,0.2832,47194108.38446477,0.9745831337449552,0.9498122845801372
32,0.2848,47187244.28610096,0.9744413865073712,0.9495360157384081
32,0.2864,47180381.186078615,0.974299659886063,0.9492598272540981
32,0.28800000000000003,47173519.08425255,0.9741579538780325,0.9489837191038349
32,0.2896,47166657.98047763,0.9740162684802824,0.9487076912642537
32,0.2912,47159797.87460885,0.9738746036898186,0.9484317437120012
32,0.2928,47152938.766501196,0.973732959503646,0.9481558764237291
32,0.2944,47146080.65600978,0.973591335918773,0.9478800893761011
32,0.29600000000000004,47139223.54298954,0.9734497329322038,0.947604382545779
32,0.29760000000000003,47132367.42729519,0.9733081505409384,0.9473287559094221
32,0.2992,47125512.30878152,0.9731665887419777,0.9470532094436975
32,0.3008,47118658.18730335,0.9730250475323241,0.9467777431252816
32,0.3024,47111805.06271559,0.9728835269089812,0.9465023569308583
32,0.304,47104952.934873216,0.9727420268689542,0.9462270508371211
32,0.30560000000000004,47098101.80363128,0.9726005474092498,0.9459518248207724
32,0.30720000000000003,47091251.66884489,0.972459088526876,0.9456766788585225
32,0.3088,47084402.53036924,0.9723176502188423,0.945401612927091
32,0.3104,47077554.388059564,0.9721762324821595,0.9451266270032057
32,0.312,47070707.24177118,0.9720348353138396,0.9448517210636033
32,0.3136,47063861.09135932,0.9718934587108932,0.9445768950850226
32,0.31520000000000004,47057015.936678916,0.9717521026703246,0.9443021490441972
32,0.3168,47050171.777585,0.97161076718914,0.9440274829178692
32,0.3184,47043328.61393262,0.971469452264346,0.9437528966827884
32,0.32,47036486.445576906,0.9713281578929512,0.943478390315714
32,0.3216,47029645.27237306,0.9711868840719653,0.943203963793413
32,0.32320000000000004,47022805.09417635,0.9710456307983996,0.9429296170926618
32,0.32480000000000003,47015965.91084214,0.9709043980692672,0.942655350190246
32,0.3264,47009127.72222582,0.9707631858815817,0.9423811630629584
32,0.328,47002290.52818287,0.970621994232359,0.9421070556876014
32,0.3296,46995454.32856884,0.9704808231186158,0.9418330280409861
32,0.3312,46988619.12323918,0.9703396725373674,0.9415590800999254
32,0.33280000000000004,46981784.91204915,0.9701985424856246,0.9412852118412304
32,0.33440000000000003,46974951.694853924,0.9700574329603967,0.9410114232417145
32,0.336,46968119.47150882,0.9699163439586961,0.9407377142782036
32,0.3376,46961288.2418692,0.9697752754775356,0.9404640849275301
32,0.3392,46954458.00579047,0.9696342275139298,0.9401905351665354
32,0.3408,46947628.763128154,0.9694932000648947,0.93991706497207
32,0.34240000000000004,46940800.513737805,0.9693521931274477,0.9396436743209926
32,0.34400000000000003,46933973.257475056,0.9692112066986074,0.9393703631901706
32,0.3456,46927146.9941956,0.9690702407753937,0.9390971315564796
32,0.3472,46920321.72375524,0.9689292953548291,0.9388239793968056
32,0.3488,46913497.44600968,0.9687883704339336,0.9385509066880366
32,0.3504,46906674.160814404,0.968647466009723,0.9382779134070574
32,0.35200000000000004,46899851.86802484,0.9685065820792117,0.9380049995307568
32,0.3536,46893030.56749652,0.9683657186394165,0.9377321650360335
32,0.3552,46886210.25908504,0.968224875687355,0.9374594098997941
32,0.3568,46879390.94264603,0.9680840532200464,0.9371867340989537
32,0.3584,46872572.61803522,0.9679432512345114,0.9369141376104365
32,0.36000000000000004,46865755.28510841,0.9678024697277718,0.9366416204111747
32,0.36160000000000003,46858938.94372145,0.9676617086968512,0.9363691824781097
32,0.3632,46852123.59373028,0.9675209681387744,0.9360968237881914
32,0.3648,46845309.23499088,0.9673802480505675,0.9358245443183776
32,0.3664,46838495.867359266,0.9672395484292572,0.9355523440456334
32,0.368,46831683.49069113,0.9670988692718634,0.9352802229469167
32,0.36960000000000004,46824872.10484216,0.9669582105754059,0.9350081809991909
32,0.37120000000000003,46818061.70966809,0.9668175723369055,0.9347362181794274
32,0.3728,46811252.30502475,0.966676954553385,0.9344643344646071
32,0.3744,46804443.890768,0.966536357221868,0.9341925298317185
32,0.376,46797636.46675379,0.9663957803393798,0.9339208042577588
32,0.3776,46790830.032838136,0.966255223902947,0.9336491577197343
32,0.37920000000000004,46784024.58887714,0.966114687909598,0.9333775901946599
32,0.3808,46777220.13472694,0.965974172356362,0.9331061016595584
32,0.3824,46770416.67024377,0.9658336772402699,0.9328346920914619
32,0.384,46763614.19528371,0.9656932025583501,0.9325633614674026
48,0.0,163434098.41858765,1.0,1.0
48,0.0024000000000000002,163410085.37655622,0.9998530720194636,0.9997061656267586
48,0.0048000000000000004,163386075.86271247,0.9997061656267581,0.999412417592155
48,0.007200000000000001,163362069.87653804,0.9995592808187118,0.9991187558708203
48,0.009600000000000001,163338067.41751483,0.9994124175921547,0.9988251804373954
48,0.012,163314068.48512918,0.9992655759439437,0.9985316912665816
48,0.014400000000000001,163290073.07886165,0.9991187558709008,0.9982382883330168
48,0.016800000000000002,163266081.1981911,0.9989719573698371,0.9979449716113237
48,0.019200000000000002,163242092.84259713,0.9988251804375684,0.9976517410761411
48,0.0216,163218108.0115604,0.9986784250709173,0.9973585967021278
48,0.024,163194126.70456234,0.9985316912667105,0.9970655384639572
48,0.026400000000000003,163170148.92108527,0.9983849790217807,0.9967725663363215
48,0.028800000000000003,163146174.66061255,0.9982382883329667,0.9964796802939311
48,0.031200000000000002,163122203.92262834,0.9980916191971122,0.9961868803115133
48,0.033600000000000005,163098236.70661762,0.997944971611066,0.9958941663638113
48,0.036000000000000004,163074273.01206642,0.9977983455716833,0.9956015384255884
48,0.038400000000000004,163050312.83845934,0.9976517410758106,0.9953089964715962
48,0.0408,163026356.18527615,0.9975051581202645,0.995016540476534
48,0.0432,163002403.05199626,0.99735859670186,0.9947241704151034
48,0.0456,162978453.4381002,0.9972120568174184,0.9944318862620262
48,0.048,162954507.3430691,0.9970655384637652,0.9941396879920381
48,0.05040000000000001,162930564.7663854,0.9969190416377334,0.9938475755798968
48,0.05280000000000001,162906625.7075321,0.9967725663361596,0.9935555490003738
48,0.055200000000000006,162882690.16599324,0.996626112555887,0.9932636082282594
48,0.057600000000000005,162858758.14125377,0.9964796802937639,0.9929717532383618
48,0.060000000000000005,162834829.63279942,0.9963332695466439,0.9926799840055054
48,0.062400000000000004,162810904.64011687,0.996186880311386,0.9923883005045318
48,0.06480000000000001,162786983.1626922,0.9960405125848458,0.9920967027102824
48,0.06720000000000001,162763065.2000062,0.9958941663638464,0.9918051905975406
48,0.06960000000000001,162739150.7515391,0.9957478416452077,0.9915137641410896
48,0.07200000000000001,162715239.81677213,0.995601538425755,0.9912224233157302
48,0.07440000000000001,162691332.39518738,0.9954552567023198,0.9909311680962815
48,0.07680000000000001,162667428.48626772,0.9953089964717379,0.9906399984575779
48,0.0792,162643528.0894971,0.9951627577308515,0.9903489143744735
48,0.0816,162619631.20436025,0.9950165404765082,0.9900579158218388
48,0.084,162595737.8303428,0.9948703447055605,0.9897670027745606
48,0.0864,162571847.96693134,0.994724170414867,0.9894761752075455
48,0.0888,162547961.61361322,0.9945780176012912,0.9891854330957143
48,0.0912,162524078.76987565,0.9944318862616951,0.9888947764139929
48,0.0936,162500199.43520084,0.9942857763929109,0.9886042051372537
48,0.096,162476323.60906976,0.9941396879917627,0.9883137192403593
48,0.09840000000000002,162452451.29096434,0.9939936210550804,0.9880233186981907
48,0.10080000000000001,162428582.48036733,0.9938475755796995,0.9877330034856465
48,0.10320000000000001,162404717.17676252,0.9937015515624611,0.9874427735776425
48,0.10560000000000001,162380855.3796345,0.9935555490002118,0.9871526289491123
48,0.10800000000000001,162356997.08846873,0.9934095678898032,0.9868625695750054
48,0.11040000000000001,162333142.3027517,0.9932636082280933,0.9865725954302913
48,0.11280000000000001,162309291.02197057,0.9931176700119444,0.9862827064899533
48,0.11520000000000001,162285443.24561355,0.9929717532382246,0.9859929027289936
48,0.11760000000000001,162261598.9731689,0.9928258579038033,0.985703184122423
48,0.12000000000000001,162237758.2041202,0.99267998400552,0.9854135506451995
48,0.12240000000000001,162213920.93794918,0.9925341315402043,0.9851240022722676
48,0.12480000000000001,162190087.17413855,0.9923883005046906,0.9848345389785882
48,0.1272,162166256.91217184,0.992242490895819,0.9845451607391393
48,0.12960000000000002,162142430.15153345,0.9920967027104345,0.9842558675289163
48,0.132,162118606.89170882,0.9919509359453889,0.9839666593229329
48,0.13440000000000002,162094787.13218412,0.991805190597538,0.9836775360962188
48,0.1368,162070970.8724465,0.9916594666637442,0.9833884978238215
48,0.13920000000000002,162047158.11198404,0.9915137641408749,0.9830995444808065
48,0.1416,162023348.85028556,0.9913680830258024,0.9828106760422541
48,0.14400000000000002,161999543.0868403,0.9912224233154017,0.9825218924832574
48,0.1464,161975740.82113338,0.9910767850065221,0.982233193778864
48,0.14880000000000002,161951942.0526473,0.9909311680959976,0.9819445799040982
48,0.1512,161928146.7808654,0.9907855725806667,0.9816560508339995
48,0.15360000000000001,161904355.00527206,0.9906399984573745,0.981367606543627
48,0.15600000000000003,161880566.72535244,0.9904944457229707,0.981079247008055
48,0.1584,161856781.9405926,0.990348914374311,0.9807909722023764
48,0.16080000000000003,161833000.65047958,0.9902034044082567,0.9805027821017016
48,0.1632,161809222.85450125,0.990057915821674,0.9802146766811569
48,0.16560000000000002,161785448.5521463,0.9899124486114346,0.9799266559158861
48,0.168,161761677.7429044,0.9897670027744158,0.9796387197810503
48,0.17040000000000002,161737910.42626578,0.9896215783074986,0.9793508682518247
48,0.1728,161714146.60171685,0.9894761752075404,0.9790631013033432
48,0.17520000000000002,161690386.26874104,0.9893307934713806,0.9787754189107116
48,0.1776,161666629.42682248,0.9891854330958627,0.9784878210490495
48,0.18000000000000002,161642876.0754462,0.9890400940778357,0.978200307693494
48,0.1824,161619126.21409813,0.9888947764141542,0.9779128788192001
48,0.18480000000000002,161595379.84226513,0.9887494801016786,0.9776255344013398
48,0.1872,161571636.9594349,0.9886042051372742,0.9773382744151018
48,0.18960000000000002,161547897.56509602,0.9884589515178118,0.9770510988356919
48,0.192,161524161.65873802,0.988313719240168,0.9767640076383336
48,0.19440000000000002,161500429.23985124,0.9881685083012243,0.9764770007982667
48,0.19680000000000003,161476700.30792677,0.9880233186978669,0.9761900782907466
48,0.19920000000000002,161452974.86245257,0.9878781504269627,0.9759032400909967
48,0.20160000000000003,161429252.90291286,0.987733003485356,0.9756164861742023
48,0.20400000000000001,161405534.42879257,0.9875878778698951,0.9753298165155628
48,0.20640000000000003,161381819.4395774,0.9874427735774333,0.9750432310902941
48,0.2088,161358107.93475413,0.9872976906048303,0.9747567298736313
48,0.21120000000000003,161334399.9138102,0.9871526289489497,0.9744703128408229
48,0.2136,161310695.37623417,0.9870075886066626,0.9741839799671389
48,0.21600000000000003,161286994.32151538,0.9868625695748441,0.9738977312278639
48,0.2184,161263296.74914402,0.986717571850375,0.9736115665983
48,0.22080000000000002,161239602.65861118,0.9865725954301413,0.9733254860537652
48,0.2232,161215912.04940876,0.9864276403110344,0.9730394895695954
48,0.22560000000000002,161192224.9210262,0.9862827064899299,0.9727535771211012
48,0.228,161168541.27294868,0.9861377939636781,0.9724677486835496
48,0.23040000000000002,161144861.10466176,0.9859929027291313,0.9721820042322182
48,0.23280000000000003,161121184.41565207,0.9858480327831481,0.9718963437424031
48,0.23520000000000002,161097511.20540693,0.9857031841225921,0.9716107671894166
48,0.23760000000000003,161073841.47341466,0.9855583567443319,0.9713252745485877
48,0.24000000000000002,161050175.2191645,0.9854135506452426,0.9710398657952641
48,0.24240000000000003,161026512.44214648,0.985268765822204,0.9707545409048091
48,0.24480000000000002,161002853.14185157,0.9851240022721013,0.970469299852603
48,0.24720000000000003,160979197.3177716,0.9849792599918253,0.9701841426140438
48,0.24960000000000002,160955544.96939927,0.9848345389782718,0.9698990691645452
48,0.252,160931896.0962254,0.9846898392283255,0.9696140794795056
48,0.2544,160908250.6977362,0.9845451607388426,0.9693291735342734
48,0.25680000000000003,160884608.77341798,0.98440050350668,0.969044351304205
48,0.25920000000000004,160860970.32275805,0.9842558675287008,0.9687596127646754
48,0.2616,160837335.3452445,0.9841112528017726,0.9684749578910743
48,0.264,160813703.84036642,0.9839666593227695,0.9681903866588112
48,0.2664,160790075.80761373,0.9838220870885704,0.9679058990433107
48,0.26880000000000004,160766451.24647725,0.9836775360960598,0.967621495020015
48,0.27120000000000005,160742830.15644866,0.9835330063421275,0.9673371745643834
48,0.2736,160719212.53702047,0.9833884978236683,0.9670529376518909
48,0.276,160695598.3876862,0.9832440105375831,0.9667687842580309
48,0.27840000000000004,160671987.70793802,0.9830995444807649,0.9664847143582874
48,0.28080000000000005,160648380.49726322,0.9829550996500764,0.9662007279280918
48,0.2832,160624776.75514883,0.9828106760423789,0.9659168249428779
48,0.2856,160601176.4810829,0.9826662736545401,0.9656330053780994
48,0.28800000000000003,160577579.67455432,0.9825218924834326,0.9653492692092258
48,0.29040000000000005,160553986.3350528,0.982377532525934,0.9650656164117425
48,0.2928,160530396.46206906,0.9822331937789284,0.9647820469611539
48,0.2952,160506810.0550947,0.9820888762393047,0.9644985608329805
48,0.29760000000000003,160483227.11362204,0.9819445799039571,0.9642151580027588
48,0.30000000000000004,160459647.63714442,0.9818003047697851,0.9639318384460429
48,0.3024,160436071.625156,0.9816560508336937,0.9636486021384034
48,0.3048,160412499.07715026,0.9815118180925839,0.9633654490554096
48,0.30720000000000003,160388929.99261564,0.9813676065433253,0.963082379172575
48,0.30960000000000004,160365364.37104005,0.9812234161827849,0.9627993924654146
48,0.31200000000000006,160341802.2119121,0.9810792470078333,0.9625164889094573
48,0.3144,160318243.51472145,0.9809350990153483,0.962233668480251
48,0.3168,160294688.27895868,0.9807909722022126,0.9619509311533613
48,0.31920000000000004,160271136.50411513,0.9806468665653141,0.961668276904369
48,0.32160000000000005,160247588.18968308,0.9805027821015461,0.9613857057088719
48,0.324,160224043.3351557,0.9803587188078074,0.9611032175424856
48,0.3264,160200501.94002697,0.980214676681002,0.9608208123808414
48,0.32880000000000004,160176964.0037918,0.9800706557180395,0.9605384901995879
48,0.33120000000000005,160153429.5259449,0.9799266559158278,0.9602562509743773
48,0.3336,160129898.505976,0.9797826772712452,0.9599740946808091
48,0.336,160106370.94337362,0.9796387197811619,0.9596920212944738
48,0.33840000000000003,160082846.8376272,0.9794947834424539,0.9594100307909796
48,0.34080000000000005,160059326.18822718,0.9793508682520032,0.9591281231459526
48,0.3432,160035808.99466476,0.9792069742066971,0.9588462983350352
48,0.3456,160012295.25643206,0.9790631013034277,0.9585645563338858
48,0.34800000000000003,159988784.97302216,0.9789192495390934,0.9582828971181817
48,0.35040000000000004,159965278.14392883,0.9787754189105967,0.9580013206636141
48,0.35280000000000006,159941774.76864687,0.9786316094148466,0.9577198269458929
48,0.3552,159918274.84667194,0.978487821048757,0.9574384159407443
48,0.35760000000000003,159894778.37749973,0.9783440538092424,0.9571570876239017
48,0.36000000000000004,159871285.36062136,0.9782003076931889,0.9568758419710494
48,0.36240000000000006,159847795.79552618,0.9780565826974721,0.9565946789578571
48,0.3648,159824309.68170428,0.9779128788189722,0.9563135985600097
48,0.3672,159800827.01864687,0.9777691960545758,0.9560326007532115
48,0.36960000000000004,159777347.80584586,0.9776255344011742,0.9557516855131813
48,0.37200000000000005,159753872.04279414,0.9774818938556646,0.9554708528156568
48,0.3744,159730399.7289854,0.9773382744149489,0.95519010263639
48,0.3768,159706930.8639143,0.9771946760759355,0.9549094349511524
48,0.37920000000000004,159683465.44707632,0.9770510988355368,0.9546288497357298
48,0.38160000000000005,159660003.4779678,0.9769075426906714,0.9543483469659259
48,0.384,159636544.95608547,0.9767640076382599,0.9540679266175546
48,0.3864,159613089.8809218,0.976620493675197,0.9537875886663855
48,0.38880000000000003,159589638.25196698,0.9764770007983632,0.9535073330881666
48,0.39120000000000005,159566190.06871185,0.9763335290046431,0.9532271598586602
48,0.39360000000000006,159542745.33064827,0.9761900782909277,0.9529470689536477
48,0.396,159519304.03726894,0.976046648654113,0.9526670603489255
48,0.39840000000000003,159495866.18806747,0.9759032400911003,0.9523871340203077
48,0.40080000000000005,159472431.7825383,0.9757598525987965,0.952107289943625
48,0.40320000000000006,159449000.82017678,0.9756164861741138,0.9518275280947247
48,0.4056,159425573.30047908,0.9754731408139694,0.9515478484494702
48,0.40800000000000003,159402149.22294235,0.9753298165152864,0.9512682509837422
48,0.41040000000000004,159378728.58706418,0.9751865132749907,0.9509887356734337
48,0.41280000000000006,159355311.39233857,0.9750432310899866,0.950709302494401
48,0.4152,159331897.6382564,0.9748999699571586,0.9504299514224687
48,0.4176,159308487.32430935,0.9747567298733966,0.9501506824334778
48,0.42000000000000004,159285080.4499899,0.9746135108355952,0.9498714955032849
48,0.42240000000000005,159261677.0147916,0.9744703128406556,0.9495923906077651
48,0.42480000000000007,159238277.01820868,0.9743271358854831,0.9493133677228087
48,0.4272,159214880.45973644,0.9741839799669898,0.9490344268243244
48,0.42960000000000004,159191487.33887082,0.9740408450820914,0.9487555678882349
48,0.43200000000000005,159168097.65510884,0.9738977312277104,0.9484767908904816
48,0.43440000000000006,159144711.40794823,0.9737546384007734,0.9481980958070209
48,0.4368,159121328.59688753,0.9736115665982122,0.9479194826138251
48,0.43920000000000003,159097949.2214222,0.9734685158169398,0.9476409512868357
48,0.44160000000000005,159074573.28104392,0.973325486053846,0.9473625018019555
48,0.44400000000000006,159051200.77524516,0.9731824773058251,0.9470841341351027
48,0.4464,159027831.7035192,0.9730394895697768,0.9468058482622118
48,0.44880000000000003,159004466.0653601,0.9728965228426055,0.9465276441592324
48,0.45120000000000005,158981103.86026305,0.9727535771212223,0.9462495218021338
48,0.45360000000000006,158957745.0877239,0.9726106524025427,0.9459714811668998
48,0.456,158934389.7472394,0.9724677486834872,0.94569352222953
48,0.45840000000000003,158911037.8383073,0.9723248659609827,0.9454156449660429
48,0.46080000000000004,158887689.36042604,0.9721820042319606,0.9451378493524718
48,0.46320000000000006,158864344.31309497,0.9720391634933573,0.9448601353648658
48,0.46560000000000007,158841002.69581094,0.9718963437420943,0.9445825029792512
48,0.468,158817664.50806665,0.9717535449750677,0.9443049521716109
48,0.47040000000000004,158794329.74935523,0.9716107671891758,0.9440274829179388
48,0.47280000000000005,158770998.41917065,0.9714680103813228,0.9437500951942459
48,0.47520000000000007,158747670.51700783,0.971325274548418,0.9434727889765596
48,0.4776,158724346.04236254,0.9711825596873763,0.9431955642409243
48,0.48000000000000004,158701024.99473143,0.9710398657951178,0.9429184209634004
48,0.48240000000000005,158677707.373612,0.9708971928685678,0.942641359120065
48,0.48480000000000006,158654393.17850265,0.9707545409046574,0.9423643786870122
48,0.4872,158631082.40890262,0.9706119099003223,0.9420874796403514
48,0.48960000000000004,158607775.06431192,0.9704692998525035,0.9418106619562084
48,0.49200000000000005,158584471.14422894,0.9703267107581317,0.9415339256106949
48,0.49440000000000006,158561170.6481473,0.9701841426141087,0.9412572705798732
48,0.4968,158537873.57556084,0.9700415954173369,0.9409806968398123
48,0.49920000000000003,158514579.92596427,0.9698990691647252,0.9407042043666005
48,0.5016,158491289.69885325,0.9697565638531876,0.9404277931363416
48,0.504,158468002.8937243,0.9696140794796433,0.940151463125156
48,0.5064000000000001,158444719.5100747,0.9694716160410165,0.9398752143091801
48,0.5088,158421439.5474028,0.9693291735342374,0.9395990466645677
48,0.5112000000000001,158398163.00520763,0.9691867519562413,0.9393229601674887
48,0.5136000000000001,158374889.88298917,0.9690443513039682,0.9390469547941285
48,0.516,158351620.18024823,0.9689019715743641,0.9387710305206898
48,0.5184000000000001,158328353.89648443,0.9687596127643671,0.9384951873233665
48,0.5208,158305091.03119254,0.9686172748708859,0.9382194251783013
48,0.5232,158281831.58386713,0.968474957890828,0.9379437440616412
48,0.5256000000000001,158258575.55400366,0.9683326618211063,0.9376681439495491
48,0.528,158235322.9410984,0.9681903866586387,0.9373926248182042
48,0.5304000000000001,158212073.7446487,0.9680481324003495,0.9371171866438046
48,0.5328,158188827.96415257,0.9679058990431674,0.9368418294025621
48,0.5352,158165585.599109,0.9677636865840265,0.9365665530707058
48,0.5376000000000001,158142346.64901778,0.9676214950198665,0.9362913576244816
48,0.54,158119111.11337963,0.9674793243476323,0.9360162430401511
48,0.5424000000000001,158095878.99169606,0.9673371745642739,0.9357412092939925
48,0.5448000000000001,158072650.283468,0.9671950456667379,0.9354662563622831
48,0.5472,158049424.98819134,0.9670529376519391,0.9351913842212453
48,0.5496000000000001,158026203.10536137,0.9669108505167902,0.9349165928471025
48,0.552,158002984.63447425,0.9667687842582077,0.9346418822160929
48,0.5544,157979769.57502708,0.9666267388731148,0.9343672523044728
48,0.5568000000000001,157956557.9265178,0.9664847143584397,0.9340927030885149
48,0.5592,157933349.68844524,0.9663427107111155,0.9338182345445067
48,0.5616000000000001,157910144.86030906,0.9662007279280812,0.933543846648754
48,0.5640000000000001,157886943.44160986,0.9660587660062809,0.9332695393775783
48,0.5664,157863745.43184894,0.9659168249426633,0.9329953127073156
48,0.5688000000000001,157840550.83052862,0.9657749047341833,0.9327211666143207
48,0.5712,157817359.63714826,0.9656330053777774,0.9324471010749187
48,0.5736,157794171.85120308,0.9654911268703573,0.9321731160653924
48,0.5760000000000001,157770987.4721925,0.96534926920886,0.93189921156208
64,0.0,387399344.3996152,1.0,1.0
64,0.0032,387342132.721409,0.9998523185982804,0.9997046590063572
64,0.0064,387284929.4923035,0.9997046590063567,0.999409405239016
64,0.009600000000000001,387227734.71105057,0.9995570212210074,0.9991142386722135
64,0.0128,387170548.37642103,0.9994094052390595,0.9988191592802907
64,0.016,387113370.4871866,0.9992618110573424,0.9985241670375997
64,0.019200000000000002,387056201.0420747,0.999114238672571,0.9982292619182711
64,0.0224,386999040.03981817,0.9989666880814746,0.9979344438964701
64,0.0256,386941887.4791564,0.998819159280799,0.9976397129464022
64,0.028800000000000003,386884743.3588351,0.9986716522673066,0.9973450690423121
64,0.032,386827607.67760664,0.9985241670377769,0.9970505121584862
64,0.0352,386770480.43422955,0.9983767035890051,0.9967560422692482
64,0.038400000000000004,386713361.6274687,0.998229261917803,0.9964616593489618
64,0.041600000000000005,386656251.25609523,0.9980818420209987,0.9961673633720298
64,0.0448,386599149.3188863,0.9979344438954354,0.9958731543128919
64,0.048,386542055.81462145,0.997787067537963,0.9955790321460075
64,0.0512,386484970.74204665,0.9976397129453441,0.9952849968456686
64,0.054400000000000004,386427894.09988964,0.9974923801142949,0.9949910483860809
64,0.057600000000000005,386370825.88688475,0.9973450690415482,0.9946971867414905
64,0.0608,386313766.1017725,0.9971977797238528,0.9944034118861816
64,0.064,386256714.74330014,0.9970505121579751,0.9941097237944805
64,0.06720000000000001,386199671.81022125,0.9969032663406976,0.9938161224407518
64,0.0704,386142637.3012959,0.9967560422688196,0.9935226077994009
64,0.0736,386085611.21528995,0.9966088399391556,0.9932291798448695
64,0.07680000000000001,386028593.55097616,0.9964616593485375,0.9929358385516407
64,0.08,385971584.30713284,0.9963145004938119,0.9926425838942339
64,0.08320000000000001,385914583.48254275,0.9961673633718365,0.9923494158471966
64,0.0864,385857591.0759582,0.9960202479793908,0.9920563343849271
64,0.0896,385800607.08610916,0.9958731543131965,0.9917633394817156
64,0.09280000000000001,385743631.51173115,0.9957260823699894,0.9914704311118869
64,0.096,385686664.35156614,0.9955790321465221,0.9911776092498057
64,0.09920000000000001,385629705.6043627,0.9954320036395646,0.9908848738698782
64,0.1024,385572755.26887584,0.9952849968459028,0.9905922249465486
64,0.1056,385515813.34386665,0.9951380117623388,0.9902996624543009
64,0.10880000000000001,385458879.8281027,0.9949910483856914,0.9900071863676573
64,0.112,385401954.7203578,0.9948441067127953,0.9897147966611797
64,0.11520000000000001,385345038.0194118,0.9946971867405012,0.9894224933094675
64,0.1184,385288129.7240495,0.994550288465672,0.9891302762871513
64,0.1216,385231229.8330306,0.994403411885106,0.9888381455687397
64,0.12480000000000001,385174338.34508705,0.9942565569955302,0.988546101128606
64,0.128,385117455.25895584,0.9941097237936842,0.9882541429411551
64,0.1312,385060580.57338023,0.9939629122763242,0.9879622709808317
64,0.13440000000000002,385003714.28711027,0.9938161224402233,0.987670485222121
64,0.1376,384946856.39890194,0.9936693542821707,0.9873787856395462
64,0.1408,384890006.9075181,0.9935226077989727,0.9870871722076714
64,0.14400000000000002,384833165.8117273,0.9933758829874507,0.9867956449010974
64,0.1472,384776333.1103048,0.993229179844443,0.986504203694465
64,0.1504,384719508.80203176,0.9930824983668038,0.986212848562453
64,0.15360000000000001,384662692.88569504,0.9929358385514012,0.9859215794797743
64,0.1568,384605885.3600613,0.9927892003950518,0.9856303964210463
64,0.16,384549086.22386503,0.9926425838944888,0.9853392993607272
64,0.1632,384492295.47584456,0.9924959890464555,0.9850482882733019
64,0.16640000000000002,384435513.1147446,0.9923494158477115,0.9847573631332943
64,0.1696,384378739.1393164,0.9922028642950335,0.9844665239152686
64,0.1728,384321973.54831743,0.9920563343852141,0.9841757705938278
64,0.17600000000000002,384265216.3405117,0.9919098261150628,0.9838851031436142
64,0.1792,384208467.5146693,0.9917633394814049,0.9835945215393085
64,0.1824,384151727.06956667,0.9916168744810819,0.9833040257556298
64,0.18560000000000001,384094995.00398636,0.9914704311109511,0.9830136157673353
64,0.1888,384038271.3167168,0.9913240093678853,0.9827232915492192
64,0.192,383981556.00653124,0.9911776092487177,0.9824330530760037
64,0.1952,383924849.07216775,0.991031230750191,0.9821429003222382
64,0.19840000000000002,383868150.51236576,0.9908848738690509,0.9818528332624848
64,0.2016,383811460.3258713,0.990738538602061,0.9815628518713474
64,0.2048,383754778.51143694,0.990592224946001,0.9812729561234685
64,0.20800000000000002,383698105.06782156,0.9904459328976671,0.9809831459935302
64,0.2112,383641439.9937905,0.9902996624538726,0.9806934214562539
64,0.2144,383584783.28811514,0.9901534136114458,0.9804037824863989
64,0.21760000000000002,383528134.9495733,0.9900071863672317,0.9801142290587627
64,0.22080000000000002,383471494.9769488,0.9898609807180915,0.9798247611481818
64,0.224,383414863.3690315,0.9897147966609009,0.9795353787295284
64,0.2272,383358240.124601,0.98956863419251,0.9792460817776296
64,0.23040000000000002,383301625.242399,0.9894224933096704,0.9789568702671246
64,0.2336,383245018.7211664,0.9892763740091323,0.9786677441726566
64,0.2368,383188420.5596506,0.9891302762876621,0.9783787034689069
64,0.24000000000000002,383131830.75660545,0.9889842001420434,0.9780897481305972
64,0.2432,383075249.31079125,0.9888381455690758,0.9778008781324887
64,0.2464,383018676.2209745,0.9886921125655754,0.9775120934493805
64,0.24960000000000002,382962111.48592806,0.9885461011283746,0.9772233940561106
64,0.2528,382905555.1044309,0.9884001112543215,0.9769347799275551
64,0.256,382849007.0752683,0.9882541429402806,0.9766462510386286
64,0.2592,382792467.39723146,0.9881081961831313,0.9763578073642815
64,0.2624,382735936.0691055,0.987962270979738,0.9760694488794412
64,0.2656,382679413.08963674,0.9878163673268644,0.9757811755588427
64,0.26880000000000004,382622898.4575675,0.987670485221264,0.975492987377207
64,0.272,382566392.1716464,0.9875246246597066,0.9752048843092944
64,0.2752,382509894.23062867,0.987378785638979,0.9749168663299048
64,0.27840000000000004,382453404.6332759,0.9872329681558847,0.974628933413878
64,0.2816,382396923.3783559,0.9870871722072427,0.9743410855360909
64,0.2848,382340450.46464294,0.9869413977898892,0.9740533226714603
64,0.28800000000000003,382283985.8909173,0.9867956449006757,0.9737656447949405
64,0.2912,382227529.6559654,0.9866499135364697,0.9734780518815231
64,0.2944,382171081.75857985,0.9865042036941543,0.9731905439062374
64,0.29760000000000003,382114642.1975508,0.9863585153706066,0.9729031208441071
64,0.3008,382058210.9716297,0.9862128485626037,0.9726157826699652
64,0.304,382001788.0795601,0.9860672032669023,0.9723285293586105
64,0.30720000000000003,381945373.5200922,0.9859215794802764,0.9720413608848829
64,0.3104,381888967.29198253,0.9857759771995159,0.9717542772236606
64,0.3136,381832569.39399385,0.9856303964214275,0.9714672783498602
64,0.3168,381776179.82489556,0.9854848371428342,0.9711803642384385
64,0.32,381719798.58346283,0.9853392993605746,0.9708935348643881
64,0.32320000000000004,381663425.6684776,0.9851937830715045,0.9706067902027427
64,0.3264,381607061.07872754,0.9850482882724945,0.9703201302285713
64,0.3296,381550704.8130066,0.9849028149604312,0.9700335549169814
64,0.33280000000000004,381494356.8701087,0.9847573631322016,0.9697470642430869
64,0.336,381438017.24879175,0.9846119327845992,0.9694606581818241
64,0.3392,381381685.9478005,0.984466523914384,0.9691743367080705
64,0.34240000000000004,381325362.9658864,0.9843211365183331,0.968888099796743
64,0.3456,381269048.30180746,0.9841757705932405,0.9686019474227987
64,0.3488,381212741.95432764,0.9840304261359154,0.9683158795612312
64,0.35200000000000004,381156443.92221767,0.983885103143185,0.9680298961870758
64,0.3552,381100154.20425427,0.9837398016118913,0.9677439972754033
64,0.3584,381043872.7992203,0.9835945215388929,0.9674581828013237
64,0.36160000000000003,380987599.70590514,0.9834492629210643,0.9671724527399846
64,0.3648,380931334.92310375,0.9833040257552953,0.9668868070665705
64,0.368,380875078.4496136,0.9831588100384815,0.9666012457562829
64,0.37120000000000003,380818830.2841989,0.9830136157674332,0.9663157687841628
64,0.3744,380762590.42560625,0.9828684429389148,0.966030376125167
64,0.3776,380706358.87258834,0.9827232915497067,0.9657450677542899
64,0.3808,380650135.6239044,0.9825781615966062,0.9654598436465663
64,0.384,380593920.6783199,0.9824330530764261,0.9651747037770679
64,0.38720000000000004,380537714.03460664,0.9822879659859967,0.9648896481209065
64,0.3904,380481515.69154286,0.9821429003221637,0.9646046766532316
64,0.3936,380425325.64791274,0.9819978560817889,0.9643197893492298
64,0.39680000000000004,380369143.9025067,0.9818528332617501,0.9640349861841261
64,0.4,380312970.45412135,0.9817078318589407,0.9637502671331822
64,0.4032,380256805.30155677,0.9815628518702636,0.963465632171685
64,0.40640000000000004,380200648.44358414,0.9814178932925467,0.9631810812747805
64,0.4096,380144499.87895167,0.9812729561225588,0.9628966144175053
64,0.4128,380088359.60641354,0.9811280403570839,0.9626122315749317
64,0.41600000000000004,380032227.6247302,0.9809831459929226,0.9623279327221717
64,0.4192,379976103.9326685,0.9808382730268913,0.9620437178343746
64,0.4224,379919988.52900165,0.9806934214558237,0.9617595868867299
64,0.42560000000000003,379863881.412509,0.9805485912765688,0.9614755398544635
64,0.4288,379807782.5819763,0.980403782485992,0.9611915767128404
64,0.432,379751692.0361951,0.9802589950809744,0.9609076974371618
64,0.43520000000000003,379695609.7739632,0.9801142290584123,0.9606239020027658
64,0.4384,379639535.7940833,0.9799694844152151,0.9603401903850226
64,0.44160000000000005,379583470.0953332,0.9798247611482283,0.9600565625591826
64,0.44480000000000003,379527412.6764636,0.9796800592542266,0.959773018500365
64,0.448,379471363.5362297,0.9795353787299972,0.9594895581837191
64,0.45120000000000005,379415322.67339355,0.9793907195723442,0.9592061815844343
64,0.4544,379359290.0867232,0.9792460817780878,0.9589228886777375
64,0.4576,379303265.77499306,0.9791014653440642,0.9586396794388937
64,0.46080000000000004,379247249.7369841,0.9789568702671267,0.9583565538432081
64,0.464,379191241.9714829,0.9788122965441433,0.9580735118660199
64,0.4672,379135242.4772827,0.9786677441719989,0.957790553482709
64,0.47040000000000004,379079251.25318253,0.9785232131475932,0.95750767866869
64,0.4736,379023268.297987,0.9783787034678405,0.9572248873994126
64,0.4768,378967293.6104808,0.9782342151296041,0.9569421796502325
64,0.48000000000000004,378911327.18941706,0.9780897481296652,0.956659555396352
64,0.4832,378855369.0335526,0.9779453024648146,0.9563770146129977
64,0.4864,378799419.14165056,0.9778008781318598,0.9560945572754361
64,0.48960000000000004,378743477.5124804,0.9776564751276243,0.9558121833589711
64,0.4928,378687544.1448179,0.9775120934489481,0.955529892838945
64,0.496,378631619.0374451,0.9773677330926872,0.9552476856907383
64,0.49920000000000003,378575702.1891502,0.9772233940557133,0.954965561889768
64,0.5024000000000001,378519793.5987276,0.9770790763349148,0.9546835214114902
64,0.5056,378463893.2649776,0.9769347799271946,0.9544015642313961
64,0.5088,378408001.1867064,0.9767905048294714,0.9541196903250135
64,0.512,378352117.36270547,0.9766462510386252,0.9538378996678014
64,0.5152,378296241.79173106,0.9765020185514459,0.9535561922350484
64,0.5184,378240374.47254115,0.9763578073647272,0.9532745680020578
64,0.5216000000000001,378184515.40390027,0.9762136174752801,0.9529930269441725
64,0.5248,378128664.5845793,0.9760694488799317,0.9527115690367737
64,0.528,378072822.0133552,0.975925301575525,0.9524301942552795
64,0.5312,378016987.6890114,0.9757811755589199,0.9521489025751476
64,0.5344,377961161.6103374,0.9756370708269912,0.9518676939718715
64,0.5376000000000001,377905343.77612877,0.9754929873766305,0.951586568420983
64,0.5408000000000001,377849534.1851873,0.9753489252047443,0.9513055258980498
64,0.544,377793732.83632064,0.9752048843082551,0.9510245663786773
64,0.5472,377737939.72832614,0.9750608646840584,0.9507436898384236
64,0.5504,377682154.859964,0.9749168663289538,0.9504628962526672
64,0.5536,377626378.22999364,0.974772889239739,0.9501821855967886
64,0.5568000000000001,377570609.83718073,0.9746289334132279,0.9499015578462061
64,0.56,377514849.6802975,0.9744849988462512,0.9496210129763781
64,0.5632,377459097.7581224,0.9743410855356556,0.9493405509627997
64,0.5664,377403354.0694398,0.9741971934783034,0.9490601717810029
64,0.5696,377347618.61304086,0.9740533226710738,0.9487798754065591
64,0.5728,377291891.3877223,0.9739094731108612,0.9484996618150753
64,0.5760000000000001,377236172.3922872,0.9737656447945756,0.9482195309821956
64,0.5792,377180461.6255445,0.9736218377191428,0.9479394828836009
64,0.5824,377124759.08629715,0.9734780518814727,0.9476595174949474
64,0.5856,377069064.7733098,0.9733342872783766,0.9473796347917053
64,0.5888,377013378.6853433,0.9731905439066556,0.9470998347493321
64,0.5920000000000001,376957700.8211645,0.9730468217631266,0.9468201173433219
64,0.5952000000000001,376902031.179547,0.9729031208446242,0.9465404825492093
64,0.5984,376846369.7592704,0.9727594411479977,0.9462609303425649
64,0.6016,376790716.5591208,0.972615782670114,0.9459814606989984
64,0.6048,376735071.5778902,0.9724721454078548,0.9457020735941558
64,0.608,376679434.81437683,0.9723285293581178,0.94542276900372
64,0.6112000000000001,376623806.267385,0.9721849345178166,0.9451435469034114
64,0.6144000000000001,376568185.935725,0.9720413608838802,0.9448644072689858
64,0.6176,376512573.8182045,0.971897808453231,0.9445853500761934
64,0.6208,376456969.9135936,0.9717542772226939,0.9443063753006002
64,0.624,376401374.2206541,0.971610767189073,0.9440274829177391
64,0.6272,376345786.7381544,0.9714672783491892,0.9437486729031811
64,0.6304000000000001,376290207.46486944,0.9713238106998799,0.9434699452325362
64,0.6336,376234636.39958006,0.9711803642379983,0.943191299881451
64,0.6368,376179073.5410736,0.9710369389604141,0.9429127368256109
64,0.64,376123518.88814354,0.9708935348640129,0.9426342560407381
64,0.6432,376067972.43958926,0.9707501519456954,0.9423558575025907
64,0.6464000000000001,376012434.1942164,0.9706067902023786,0.9420775411869642
64,0.6496000000000001,375956904.1508365,0.9704634496309952,0.9417993070696911
64,0.6528,375901382.30826133,0.9703201302284772,0.9415211551266089
64,0.656,375845868.66526675,0.9701768319916652,0.9412430853333836
64,0.6592,375790363.22061616,0.9700335549173671,0.9409650976656246
64,0.6624,375734865.9730793,0.9698902990024072,0.9406871920989789
64,0.6656000000000001,375679376.92143214,0.9697470642436257,0.9404093686091306
64,0.6688000000000001,375623896.06445706,0.9696038506378798,0.9401316271718039
64,0.672,375568423.4009426,0.9694606581820422,0.9398539677627584
64,0.6752,375512958.9296835,0.9693174868730017,0.9395763903577917
64,0.6784,375457502.6494806,0.969174336707663,0.9392988949327384
64,0.6816,375402054.5591407,0.969031207682946,0.9390214814634689
64,0.6848000000000001,375346614.65747654,0.9688880997957862,0.9387441499258893
64,0.6880000000000001,375291182.9433036,0.9687450130431257,0.9384669002959257
64,0.6912,375235759.41540366,0.96860194742182,0.9381897325493422
64,0.6944,375180344.0725421,0.9684589029286822,0.9379126466618267
64,0.6976,375124936.91348964,0.9683158795605391,0.9376356426091005
64,0.7008,375069537.9370238,0.9681728773142352,0.9373587203669251
64,0.7040000000000001,375014147.14192814,0.9680298961866303,0.9370818799110981
64,0.7072,374958764.52699256,0.9678869361746008,0.9368051212174556
64,0.7104,374903390.091013,0.9677439972750387,0.9365284442618701
64,0.7136,374848023.8327916,0.967601079484852,0.9362518490202508
64,0.7168,374792665.7511366,0.9674581828009641,0.9359753354685436
64,0.7200000000000001,374737315.84486204,0.967315307220314,0.9356989035827304
64,0.7232000000000001,374681974.1127858,0.9671724527398502,0.9354225533388177
64,0.7264,374626640.55369693,0.9670296193564467,0.9351462847126742
64,0.7296,374571315.16636205,0.96688680706692,0.9348700976800633
64,0.7328,374515997.9495536,0.9667440158681011,0.9345939922167833
64,0.736,374460688.9020502,0.9666012457568375,0.9343179682986701
64,0.7392000000000001,374405388.0226368,0.9664584967299925,0.9340420259015969
64,0.7424000000000001,374350095.31010455,0.966315768784446,0.9337661650014749
64,0.7456,374294810.7632507,0.9661730619170931,0.9334903855742509
64,0.7488,374239534.3808788,0.9660303761248453,0.9332146875959101
64,0.752,374184266.1617982,0.9658877114046294,0.9329390710424725
64,0.7552,374129006.1048242,0.9657450677533872,0.9326635358899944
64,0.7584000000000001,374073754.2087711,0.965602445168058,0.9323880821145325
64,0.7616,374018510.4724036,0.9654598436454532,0.932112709691903
64,0.7648,373963274.89450777,0.9653172631824392,0.9318374185980345
64,0.768,373908047.47387934,0.9651747037759073,0.9315622088089104
