n,omega,tau_type,tau_value,init_name,dt,T,step,time,kl_energy,norm_energy,mean_error,cov_error,volume_error,shape_error,cosine_error,eig_min,eig_max,chi
2,0.125,negative,-0.03125,mean_only,0.1,2.0,0,0.0,4.499999999999999,1.0,2.9999999999999996,0.0,0.0,0.0,1.126178161942212,1.0,1.0,1.0
2,0.125,negative,-0.03125,mean_only,0.1,2.0,5,0.5,1.56905298045,0.34867844010000004,1.7714699999999999,0.0,0.0,0.0,0.8796269010084781,1.0,1.0,1.0
2,0.125,negative,-0.03125,mean_only,0.1,2.0,10,1.0,0.547094945657562,0.12157665459056936,1.0460353203000001,0.0,0.0,0.0,0.4847531844313441,1.0,1.0,1.0
2,0.125,negative,-0.03125,mean_only,0.1,2.0,15,1.5,0.19076021223847284,0.042391158275216195,0.617673396283947,0.0,0.0,0.0,0.2496077137305744,1.0,1.0,1.0
2,0.125,negative,-0.03125,mean_only,0.1,2.0,20,2.0,0.06651397323645569,0.0147808829414346,0.36472996377170785,0.0,0.0,0.0,0.13016723127554308,1.0,1.0,1.0
2,0.125,negative,-0.03125,volume_high,0.1,2.0,0,0.0,1.6137056388801092,1.0,0.0,2.9999999999999996,1.3862943611198906,0.0,0.413512845638725,4.0,4.0,1.0
2,0.125,negative,-0.03125,volume_high,0.1,2.0,5,0.5,6.181568678020888e-05,3.830666838538667e-05,0.0,0.011077792373891502,0.011139608060671607,0.0,0.002956427821929619,0.9889222076261085,0.9889222076261085,1.0
2,0.125,negative,-0.03125,volume_high,0.1,2.0,10,1.0,6.714406808328022e-12,4.160862208418465e-12,0.0,3.6645304313243084e-06,3.6645371457323534e-06,0.0,9.75280360360209e-07,0.9999963354695687,0.9999963354695687,1.0
2,0.125,negative,-0.03125,volume_high,0.1,2.0,15,1.5,0.0,0.0,0.0,1.1726627446861926e-09,1.1726627453737614e-09,0.0,3.120929070732359e-10,0.9999999988273373,0.9999999988273373,1.0
2,0.125,negative,-0.03125,volume_high,0.1,2.0,20,2.0,0.0,0.0,0.0,3.751443600208404e-13,3.7514436002091077e-13,0.0,9.980904991380157e-14,0.9999999999996249,0.9999999999996249,1.0
2,0.125,negative,-0.03125,volume_low,0.1,2.0,0,0.0,0.6362943611198906,1.0,0.0,0.7499999999999999,1.3862943611198906,0.0,0.24218316241483717,0.25,0.25,1.0
2,0.125,negative,-0.03125,volume_low,0.1,2.0,5,0.5,1.720510755576221e-05,2.7039541141745912e-05,0.0,0.00585455762548459,0.005871762733040295,0.0,0.0015604168773608595,0.9941454423745154,0.9941454423745154,1.0
2,0.125,negative,-0.03125,volume_low,0.1,2.0,10,1.0,1.8176571359163063e-12,2.8566293322436397e-12,0.0,1.906625923919769e-06,1.9066277415332865e-06,0.0,5.074303613961106e-07,0.9999980933740761,0.9999980933740761,1.0
2,0.125,negative,-0.03125,volume_low,0.1,2.0,15,1.5,0.0,0.0,0.0,6.101237293165694e-10,6.10123729502695e-10,0.0,1.623785550464163e-10,0.9999999993898763,0.9999999993898763,1.0
2,0.125,negative,-0.03125,volume_low,0.1,2.0,20,2.0,0.0,0.0,0.0,1.9517720772910252e-13,1.9517720772912158e-13,0.0,5.184741524999481e-14,0.9999999999998048,0.9999999999998048,1.0
2,0.125,negative,-0.03125,shape_only,0.1,2.0,0,0.0,2.7621956910836314,1.0,0.0,4.558929858404187,0.0,2.8284271247461903,0.1352032939031187,0.1353352832366127,7.38905609893065,0.3670988855829601
2,0.125,negative,-0.03125,shape_only,0.1,2.0,5,0.5,0.05603575709951647,0.02028667167949031,0.0,0.287104283015885,0.21008288372430797,0.416677779975738,0.08595994901921045,0.6036754454032431,1.0882303013471737,0.2878908495940097
2,0.125,negative,-0.03125,shape_only,0.1,2.0,10,1.0,0.0003881740898137309,0.0001405309881073079,0.0,0.02781634080388636,0.0018738284046564083,0.03935069781744227,0.004852871992803043,0.9707377071740858,1.0262909841962289,0.002852564938871784
2,0.125,negative,-0.03125,shape_only,0.1,2.0,15,1.5,2.3493316823053334e-06,8.505305000253881e-07,0.0,0.0021676171791650658,1.1723568646107574e-05,0.003065478483799224,0.0003487400764917714,0.9978230288542239,1.0021582226718486,1.870280244120548e-05
2,0.125,negative,-0.03125,shape_only,0.1,2.0,20,2.0,1.4205579379478195e-08,5.142857700246876e-09,0.0,0.000168556088152205,7.102045432492662e-08,0.0002383743081446714,2.6931547805975065e-05,0.999831387106548,1.0001684992637019,1.1361488286221915e-07
2,0.125,negative,-0.03125,mixed,0.1,2.0,0,0.0,5.011672049926549,1.0,1.9999999999999998,5.644555741786776,0.6931471805599454,2.1213203435596424,0.783383274430757,0.44626032029685964,8.963378140676129,0.4307988270442431
2,0.125,negative,-0.03125,mixed,0.1,2.0,5,0.5,0.683904816825885,0.13646240416627187,1.1538561481949987,0.17493223265258526,0.16525612659289615,0.15776536752642442,0.5405234838668292,0.7581961999813955,0.9477171697571835,0.7065630022842848
2,0.125,negative,-0.03125,mixed,0.1,2.0,10,1.0,0.23004001805235474,0.04590085220275461,0.6782190761639522,0.009943094007290435,0.0003065312335036787,0.014061035809077803,0.2789091456765106,0.9898031589118933,1.009682699453124,0.0006684400549949672
2,0.125,negative,-0.03125,mixed,0.1,2.0,15,1.5,0.07980387282749546,0.015923602349173078,0.39950863265042585,0.0007733635275460192,1.5141920939014267e-06,0.0010937013862747087,0.1441494914277458,0.9992254222813972,1.0007721474271931,2.468819501011343e-06
2,0.125,negative,-0.03125,mixed,0.1,2.0,20,2.0,0.027815093633580146,0.0055500626051514694,0.23586051736295424,6.0136846502286664e-05,9.04716734698952e-09,8.504634402388814e-05,0.07714011294005224,0.9999398559149862,1.0000601296071194,1.4490037603322885e-08
2,0.125,zero,0.0,mean_only,0.1,2.0,0,0.0,4.499999999999999,1.0,2.9999999999999996,0.0,0.0,0.0,1.126178161942212,1.0,1.0,1.0
2,0.125,zero,0.0,mean_only,0.1,2.0,5,0.5,1.56905298045,0.34867844010000004,1.7714699999999999,0.0,0.0,0.0,0.8796269010084781,1.0,1.0,1.0
2,0.125,zero,0.0,mean_only,0.1,2.0,10,1.0,0.547094945657562,0.12157665459056936,1.0460353203000001,0.0,0.0,0.0,0.4847531844313441,1.0,1.0,1.0
2,0.125,zero,0.0,mean_only,0.1,2.0,15,1.5,0.19076021223847284,0.042391158275216195,0.617673396283947,0.0,0.0,0.0,0.2496077137305744,1.0,1.0,1.0
2,0.125,zero,0.0,mean_only,0.1,2.0,20,2.0,0.06651397323645569,0.0147808829414346,0.36472996377170785,0.0,0.0,0.0,0.13016723127554308,1.0,1.0,1.0
2,0.125,zero,0.0,volume_high,0.1,2.0,0,0.0,1.6137056388801092,1.0,0.0,2.9999999999999996,1.3862943611198906,0.0,0.413512845638725,4.0,4.0,1.0
2,0.125,zero,0.0,volume_high,0.1,2.0,5,0.5,0.0002227574879356542,0.00013804096767626407,0.0,0.02125599114767529,0.021033233659739598,0.0,0.0056271217649699334,1.0212559911476753,1.0212559911476753,1.0
2,0.125,zero,0.0,volume_high,0.1,2.0,10,1.0,1.29559078287933e-06,8.028668622478466e-07,0.0,0.0016105785897715383,0.0016092829989885946,0.0,0.00042846743064439696,1.0016105785897715,1.0016105785897715,1.0
2,0.125,zero,0.0,volume_high,0.1,2.0,15,1.5,7.810720070722255e-09,4.840238444071369e-09,0.0,0.00012499096732487833,0.00012498315660476147,0.0,3.3264102240138094e-05,1.0001249909673249,1.0001249909673249,1.0
2,0.125,zero,0.0,volume_high,0.1,2.0,20,2.0,4.721756319270298e-11,2.926033227811694e-11,0.0,9.717803996167616e-06,9.717756778616265e-06,0.0,2.5862936203768783e-06,1.0000097178039962,1.0000097178039962,1.0
2,0.125,zero,0.0,volume_low,0.1,2.0,0,0.0,0.6362943611198906,1.0,0.0,0.7499999999999999,1.3862943611198906,0.0,0.24218316241483717,0.25,0.25,1.0
2,0.125,zero,0.0,volume_low,0.1,2.0,5,0.5,0.035997643959066794,0.05657388491658206,0.0,0.24487704583650272,0.2808746897955695,0.0,0.06932937002384953,0.7551229541634973,0.7551229541634973,1.0
2,0.125,zero,0.0,volume_low,0.1,2.0,10,1.0,0.0003612530861432095,0.0005677452264505331,0.0,0.026639180932385376,0.0270004340185286,0.0,0.00713718803240293,0.9733608190676146,0.9733608190676146,1.0
2,0.125,zero,0.0,volume_low,0.1,2.0,15,1.5,2.295653106054729e-06,3.607847635195658e-06,0.0,0.002141203188594565,0.0021434988417005463,0.0,0.0005701657541055116,0.9978587968114054,0.9978587968114054,1.0
2,0.125,zero,0.0,volume_low,0.1,2.0,20,2.0,1.3935915976759361e-08,2.190168077590987e-08,0.0,0.0001669392999487096,0.00016695323586463288,0.0,4.443114053931385e-05,0.9998330607000513,0.9998330607000513,1.0
2,0.125,zero,0.0,shape_only,0.1,2.0,0,0.0,2.7621956910836314,1.0,0.0,4.558929858404187,0.0,2.8284271247461903,0.1352032939031187,0.1353352832366127,7.38905609893065,0.3670988855829601
2,0.125,zero,0.0,shape_only,0.1,2.0,5,0.5,0.06869158750922999,0.024868472473172868,0.0,0.3120716757789238,0.33355332006743943,0.32298770100797325,0.10621360713204853,0.5701019276564896,0.9001746072270917,0.7203270520169197
2,0.125,zero,0.0,shape_only,0.1,2.0,10,1.0,0.0010938368809823018,0.00039600267443512695,0.0,0.045772064514224574,0.03756868168893039,0.040598273043266936,0.014312150090638576,0.9358725316975182,0.9911777786865857,0.6350178053569986
2,0.125,zero,0.0,shape_only,0.1,2.0,15,1.5,7.455888128227173e-06,2.6992613710515812e-06,0.0,0.003854705644974274,0.0030577594604087616,0.003343191725074797,0.0011894762728089647,0.9945929181763074,0.9993064746791316,0.6261864807294761
2,0.125,zero,0.0,shape_only,0.1,2.0,20,2.0,4.55294362211589e-08,1.648305960657601e-08,0.0,0.00030171764240916266,0.0002386656353453394,0.0002611905756989213,9.299954672969957e-05,0.9995767343395902,0.9999460254485919,0.6254788906150255
2,0.125,zero,0.0,mixed,0.1,2.0,0,0.0,5.011672049926549,1.0,1.9999999999999998,5.644555741786776,0.6931471805599454,2.1213203435596424,0.783383274430757,0.44626032029685964,8.963378140676129,0.4307988270442431
2,0.125,zero,0.0,mixed,0.1,2.0,5,0.5,0.5321399326423435,0.10618011859936895,1.0152431493591374,0.17054514276807675,0.17829710953016265,0.0924824803112255,0.4572872264191316,0.7837289084237568,0.8932380854799448,0.8969228672604136
2,0.125,zero,0.0,mixed,0.1,2.0,10,1.0,0.19059102899695257,0.03802942951938483,0.6171537482328782,0.017295708538364526,0.016178232654265937,0.009346703700902837,0.24524666759271518,0.97747032052004,0.9904765232074425,0.8586276985913459
2,0.125,zero,0.0,mixed,0.1,2.0,15,1.5,0.06673557177234324,0.013316029282746326,0.3653344192426894,0.0013796989619772192,0.00127639320579505,0.0007450216336153663,0.12907276289442554,0.9981984217388159,0.999250697510887,0.8545778785518381
2,0.125,zero,0.0,mixed,0.1,2.0,20,2.0,0.023278047525850276,0.00464476671537026,0.2157685878292304,0.00010750298410343726,9.936634277338045e-05,5.8046614329764244e-05,0.06961073936594692,0.9998595983598421,0.9999416805124915,0.8542540671417059
2,0.125,positive,0.03125,mean_only,0.1,2.0,0,0.0,4.499999999999999,1.0,2.9999999999999996,0.0,0.0,0.0,1.126178161942212,1.0,1.0,1.0
2,0.125,positive,0.03125,mean_only,0.1,2.0,5,0.5,1.56905298045,0.34867844010000004,1.7714699999999999,0.0,0.0,0.0,0.8796269010084781,1.0,1.0,1.0
2,0.125,positive,0.03125,mean_only,0.1,2.0,10,1.0,0.547094945657562,0.12157665459056936,1.0460353203000001,0.0,0.0,0.0,0.4847531844313441,1.0,1.0,1.0
2,0.125,positive,0.03125,mean_only,0.1,2.0,15,1.5,0.19076021223847284,0.042391158275216195,0.617673396283947,0.0,0.0,0.0,0.2496077137305744,1.0,1.0,1.0
2,0.125,positive,0.03125,mean_only,0.1,2.0,20,2.0,0.06651397323645569,0.0147808829414346,0.36472996377170785,0.0,0.0,0.0,0.13016723127554308,1.0,1.0,1.0
2,0.125,positive,0.03125,volume_high,0.1,2.0,0,0.0,1.6137056388801092,1.0,0.0,2.9999999999999996,1.3862943611198906,0.0,0.413512845638725,4.0,4.0,1.0
2,0.125,positive,0.03125,volume_high,0.1,2.0,5,0.5,0.008118867521342166,0.005031194863380755,0.0,0.1328964573540048,0.12477758983266267,0.0,0.03421960551203734,1.1328964573540048,1.1328964573540048,1.0
2,0.125,positive,0.03125,volume_high,0.1,2.0,10,1.0,0.00030829760470174605,0.0001910494685484898,0.0,0.02503729086483042,0.02472899326012878,0.0,0.006621898651592684,1.0250372908648304,1.0250372908648304,1.0
2,0.125,positive,0.03125,volume_high,0.1,2.0,15,1.5,1.341471944349415e-05,8.312990374628542e-06,0.0,0.0051886611742795186,0.005175246454835978,0.0,0.0013791224560368853,1.0051886611742795,1.0051886611742795,1.0
2,0.125,positive,0.03125,volume_high,0.1,2.0,20,2.0,5.992234319851519e-07,3.7133379071601015e-07,0.0,0.0010951354977712935,0.001094536274339386,0.0,0.00029137997879957744,1.0010951354977713,1.0010951354977713,1.0
2,0.125,positive,0.03125,volume_low,0.1,2.0,0,0.0,0.6362943611198906,1.0,0.0,0.7499999999999999,1.3862943611198906,0.0,0.24218316241483717,0.25,0.25,1.0
2,0.125,positive,0.03125,volume_low,0.1,2.0,5,0.5,0.12691619220522732,0.19946144419990194,0.0,0.42300433732528275,0.5499205295305102,0.0,0.12536948831242978,0.5769956626747172,0.5769956626747172,1.0
2,0.125,positive,0.03125,volume_low,0.1,2.0,10,1.0,0.011292756770729273,0.01774769267301662,0.0,0.14285246157134146,0.15414521834207062,0.0,0.03940948868366456,0.8571475384286585,0.8571475384286585,1.0
2,0.125,positive,0.03125,volume_low,0.1,2.0,15,1.5,0.0006217354418656118,0.0009771192074865243,0.0,0.034849615976468296,0.035471351418333845,0.0,0.00935616750246282,0.9651503840235317,0.9651503840235317,1.0
2,0.125,positive,0.03125,volume_low,0.1,2.0,20,2.0,2.9317571149656274e-05,4.607548477729203e-05,0.0,0.0076378261397964655,0.007667143710946123,0.0,0.0020366202000374756,0.9923621738602035,0.9923621738602035,1.0
2,0.125,positive,0.03125,shape_only,0.1,2.0,0,0.0,2.7621956910836314,1.0,0.0,4.558929858404187,0.0,2.8284271247461903,0.1352032939031187,0.1353352832366127,7.38905609893065,0.3670988855829601
2,0.125,positive,0.03125,shape_only,0.1,2.0,5,0.5,0.06107079274084315,0.022109509814232094,0.0,0.2994589587108591,0.32756783564416975,0.2664447558203841,0.10130451047062883,0.596919670871841,0.8700862433215057,0.7919726219834808
2,0.125,positive,0.03125,shape_only,0.1,2.0,10,1.0,0.003869704437625243,0.001400952311277818,0.0,0.08511962312438433,0.08554143182034196,0.03693853053336073,0.026189405542787703,0.8943474638911283,0.9423090813434384,0.9206278277730323
2,0.125,positive,0.03125,shape_only,0.1,2.0,15,1.5,0.00018294271195129497,6.623090193856796e-05,0.0,0.019003591633386562,0.019041126107975634,0.003382042261383158,0.0054210199890130095,0.9787954547456015,0.9834881784623499,0.9847553098422989
2,0.125,positive,0.03125,shape_only,0.1,2.0,20,2.0,8.3311952598919e-06,3.0161495388559905e-06,0.0,0.004076388391531763,0.004080184564997584,0.00027296605242320865,0.0011155480194184886,0.9957359164193946,0.9961203768411299,0.9977762181957621
2,0.125,positive,0.03125,mixed,0.1,2.0,0,0.0,5.011672049926549,1.0,1.9999999999999998,5.644555741786776,0.6931471805599454,2.1213203435596424,0.783383274430757,0.44626032029685964,8.963378140676129,0.4307988270442431
2,0.125,positive,0.03125,mixed,0.1,2.0,5,0.5,0.4333427638327214,0.08646670402926154,0.924654908599772,0.10358752028277717,0.10225907286296179,0.059334543714533367,0.4067317654826733,0.8657016618670916,0.9414790200747752,0.8662160371768541
2,0.125,positive,0.03125,mixed,0.1,2.0,10,1.0,0.15625062412442392,0.031177344121452226,0.5585330757631628,0.023094162449567194,0.023038337525835187,0.0056029660552613875,0.21469348028460278,0.9733610149080842,0.9811043615676345,0.9718943922493177
2,0.125,positive,0.03125,mixed,0.1,2.0,15,1.5,0.0551162514630108,0.010997577438016637,0.33197583912458895,0.004946077729413183,0.004947944718414126,0.00045573690271776815,0.11424782687453205,0.9947436637634289,0.9953849919632893,0.9957968120754629
2,0.125,positive,0.03125,mixed,0.1,2.0,20,2.0,0.019273502331249803,0.0038457229721430546,0.19633109110270192,0.0010519275774774845,0.001052177507722632,3.5784535006410635e-05,0.06228787172523187,0.9989230992791299,0.9989736530343472,0.999422602140447
2,0.25,negative,-0.0625,mean_only,0.1,2.0,0,0.0,4.499999999999999,1.0,2.9999999999999996,0.0,0.0,0.0,1.126178161942212,1.0,1.0,1.0
2,0.25,negative,-0.0625,mean_only,0.1,2.0,5,0.5,1.56905298045,0.34867844010000004,1.7714699999999999,0.0,0.0,0.0,0.8796269010084781,1.0,1.0,1.0
2,0.25,negative,-0.0625,mean_only,0.1,2.0,10,1.0,0.547094945657562,0.12157665459056936,1.0460353203000001,0.0,0.0,0.0,0.4847531844313441,1.0,1.0,1.0
2,0.25,negative,-0.0625,mean_only,0.1,2.0,15,1.5,0.19076021223847284,0.042391158275216195,0.617673396283947,0.0,0.0,0.0,0.2496077137305744,1.0,1.0,1.0
2,0.25,negative,-0.0625,mean_only,0.1,2.0,20,2.0,0.06651397323645569,0.0147808829414346,0.36472996377170785,0.0,0.0,0.0,0.13016723127554308,1.0,1.0,1.0
2,0.25,negative,-0.0625,volume_high,0.1,2.0,0,0.0,1.6137056388801092,1.0,0.0,2.9999999999999996,1.3862943611198906,0.0,0.413512845638725,4.0,4.0,1.0
2,0.25,negative,-0.0625,volume_high,0.1,2.0,5,0.5,0.0002227574879356542,0.00013804096767626407,0.0,0.02125599114767529,0.021033233659739598,0.0,0.0056271217649699334,1.0212559911476753,1.0212559911476753,1.0
2,0.25,negative,-0.0625,volume_high,0.1,2.0,10,1.0,1.29559078287933e-06,8.028668622478466e-07,0.0,0.0016105785897715383,0.0016092829989885946,0.0,0.00042846743064439696,1.0016105785897715,1.0016105785897715,1.0
2,0.25,negative,-0.0625,volume_high,0.1,2.0,15,1.5,7.810720070722255e-09,4.840238444071369e-09,0.0,0.00012499096732487833,0.00012498315660476147,0.0,3.3264102240138094e-05,1.0001249909673249,1.0001249909673249,1.0
2,0.25,negative,-0.0625,volume_high,0.1,2.0,20,2.0,4.721756319270298e-11,2.926033227811694e-11,0.0,9.717803996167616e-06,9.717756778616265e-06,0.0,2.5862936203768783e-06,1.0000097178039962,1.0000097178039962,1.0
2,0.25,negative,-0.0625,volume_low,0.1,2.0,0,0.0,0.6362943611198906,1.0,0.0,0.7499999999999999,1.3862943611198906,0.0,0.24218316241483717,0.25,0.25,1.0
2,0.25,negative,-0.0625,volume_low,0.1,2.0,5,0.5,0.035997643959066794,0.05657388491658206,0.0,0.24487704583650272,0.2808746897955695,0.0,0.06932937002384953,0.7551229541634973,0.7551229541634973,1.0
2,0.25,negative,-0.0625,volume_low,0.1,2.0,10,1.0,0.0003612530861432095,0.0005677452264505331,0.0,0.026639180932385376,0.0270004340185286,0.0,0.00713718803240293,0.9733608190676146,0.9733608190676146,1.0
2,0.25,negative,-0.0625,volume_low,0.1,2.0,15,1.5,2.295653106054729e-06,3.607847635195658e-06,0.0,0.002141203188594565,0.0021434988417005463,0.0,0.0005701657541055116,0.9978587968114054,0.9978587968114054,1.0
2,0.25,negative,-0.0625,volume_low,0.1,2.0,20,2.0,1.3935915976759361e-08,2.190168077590987e-08,0.0,0.0001669392999487096,0.00016695323586463288,0.0,4.443114053931385e-05,0.9998330607000513,0.9998330607000513,1.0
2,0.25,negative,-0.0625,shape_only,0.1,2.0,0,0.0,2.7621956910836314,1.0,0.0,4.558929858404187,0.0,2.8284271247461903,0.1352032939031187,0.1353352832366127,7.38905609893065,0.3670988855829601
2,0.25,negative,-0.0625,shape_only,0.1,2.0,5,0.5,0.35306849451858247,0.12782168028799976,0.0,0.5712074983230655,0.601508443717648,1.1841202600791403,0.17095764591072848,0.2372103664591817,1.2659097351426871,0.18917121962384645
2,0.25,negative,-0.0625,shape_only,0.1,2.0,10,1.0,0.08258636436203126,0.029898810076570633,0.0,0.34862964680070946,0.2047273583765371,0.5525371385320141,0.09175125350873725,0.5513253810560914,1.2043926309148971,0.12274230318795801
2,0.25,negative,-0.0625,shape_only,0.1,2.0,15,1.5,0.011105611170291185,0.004020573635003523,0.0,0.1436053292970781,0.04378170229078673,0.2058839244469115,0.03194849048059545,0.827485560521097,1.1071622572379118,0.05177487780182774
2,0.25,negative,-0.0625,shape_only,0.1,2.0,20,2.0,0.0012167423933338029,0.00044049825914269856,0.0,0.04903116518344582,0.006738729696474967,0.06933746725998406,0.009330144072803082,0.9457587884063356,1.0431972369873819,0.012683712209669993
2,0.25,negative,-0.0625,mixed,0.1,2.0,0,0.0,5.011672049926549,1.0,1.9999999999999998,5.644555741786776,0.6931471805599454,2.1213203435596424,0.783383274430757,0.44626032029685964,8.963378140676129,0.4307988270442431
2,0.25,negative,-0.0625,mixed,0.1,2.0,5,0.5,0.7851205731182167,0.156658409667832,1.17990947181316,0.3489721827726064,0.2617180914668003,0.543664731767605,0.549686017258869,0.5240610415219265,1.1305575601064963,0.24488166864206554
2,0.25,negative,-0.0625,mixed,0.1,2.0,10,1.0,0.36322250818374213,0.07247531453880059,0.8386043615431966,0.14596601258360634,0.04984502786637604,0.20863685838996907,0.3425441565982009,0.8208839223289952,1.1026137631064645,0.06867294458467198
2,0.25,negative,-0.0625,mixed,0.1,2.0,15,1.5,0.1409445309140276,0.02812325497557113,0.528551865493085,0.04988643969025623,0.007342736605530524,0.07051068444860609,0.19107655563803166,0.9444039230887511,1.0434325910120228,0.014862473740677918
2,0.25,negative,-0.0625,mixed,0.1,2.0,20,2.0,0.050847498698291416,0.010145815247236028,0.31847294630089085,0.016416692382510402,0.0009438618816542252,0.023209365942324197,0.10404397843280655,0.9827943748704713,1.015587881237233,0.002427662028700532
2,0.25,zero,0.0,mean_only,0.1,2.0,0,0.0,4.499999999999999,1.0,2.9999999999999996,0.0,0.0,0.0,1.126178161942212,1.0,1.0,1.0
2,0.25,zero,0.0,mean_only,0.1,2.0,5,0.5,1.56905298045,0.34867844010000004,1.7714699999999999,0.0,0.0,0.0,0.8796269010084781,1.0,1.0,1.0
2,0.25,zero,0.0,mean_only,0.1,2.0,10,1.0,0.547094945657562,0.12157665459056936,1.0460353203000001,0.0,0.0,0.0,0.4847531844313441,1.0,1.0,1.0
2,0.25,zero,0.0,mean_only,0.1,2.0,15,1.5,0.19076021223847284,0.042391158275216195,0.617673396283947,0.0,0.0,0.0,0.2496077137305744,1.0,1.0,1.0
2,0.25,zero,0.0,mean_only,0.1,2.0,20,2.0,0.06651397323645569,0.0147808829414346,0.36472996377170785,0.0,0.0,0.0,0.13016723127554308,1.0,1.0,1.0
2,0.25,zero,0.0,volume_high,0.1,2.0,0,0.0,1.6137056388801092,1.0,0.0,2.9999999999999996,1.3862943611198906,0.0,0.413512845638725,4.0,4.0,1.0
2,0.25,zero,0.0,volume_high,0.1,2.0,5,0.5,0.02912327880633092,0.018047454321682917,0.0,0.26113687357176024,0.23201359476542935,0.0,0.06515306108060581,1.2611368735717603,1.2611368735717603,1.0
2,0.25,zero,0.0,volume_high,0.1,2.0,10,1.0,0.0024199308918604334,0.0014996111022700734,0.0,0.07119166895929241,0.06877173806743189,0.0,0.018613725860953,1.0711916689592924,1.0711916689592924,1.0
2,0.25,zero,0.0,volume_high,0.1,2.0,15,1.5,0.0002412932686708391,0.00014952743725819384,0.0,0.02212900816149976,0.021887714892829015,0.0,0.005856960378350262,1.0221290081614998,1.0221290081614998,1.0
2,0.25,zero,0.0,volume_high,0.1,2.0,20,2.0,2.530982662829473e-05,1.5684289636528395e-05,0.0,0.007131632206953452,0.007106322380325172,0.0,0.001894635231433739,1.0071316322069535,1.0071316322069535,1.0
2,0.25,zero,0.0,volume_low,0.1,2.0,0,0.0,0.6362943611198906,1.0,0.0,0.7499999999999999,1.3862943611198906,0.0,0.24218316241483717,0.25,0.25,1.0
2,0.25,zero,0.0,volume_low,0.1,2.0,5,0.5,0.20898575237525874,0.3284419368536281,0.0,0.5153570101701324,0.724342762545391,0.0,0.15644942246923943,0.4846429898298677,0.4846429898298677,1.0
2,0.25,zero,0.0,volume_low,0.1,2.0,10,1.0,0.04400149236800388,0.06915273033468408,0.0,0.2680729879815812,0.312074480349585,0.0,0.07634744561389617,0.7319270120184188,0.7319270120184188,1.0
2,0.25,zero,0.0,volume_low,0.1,2.0,15,1.5,0.006470218027017305,0.010168592435157832,0.0,0.1094840735877599,0.1159542916147773,0.0,0.029950426006226216,0.8905159264122401,0.8905159264122401,1.0
2,0.25,zero,0.0,volume_low,0.1,2.0,20,2.0,0.0007841054375425927,0.0012322998370794167,0.0,0.0390796395893358,0.039863745026878346,0.0,0.010502948235843412,0.9609203604106642,0.9609203604106642,1.0
2,0.25,zero,0.0,shape_only,0.1,2.0,0,0.0,2.7621956910836314,1.0,0.0,4.558929858404187,0.0,2.8284271247461903,0.1352032939031187,0.1353352832366127,7.38905609893065,0.3670988855829601
2,0.25,zero,0.0,shape_only,0.1,2.0,5,0.5,0.2615837251367137,0.09470137325212187,0.0,0.5225685935177697,0.48742249092944623,0.9996888460525153,0.15412222683566223,0.30291311824673084,1.245409350167804,0.18677139970186815
2,0.25,zero,0.0,shape_only,0.1,2.0,10,1.0,0.07401042384875556,0.026794055210375294,0.0,0.3200481527316577,0.26397930485222704,0.46583361589449657,0.10005892359790225,0.5524604601138922,1.0676017778791649,0.35231755174980217
2,0.25,zero,0.0,shape_only,0.1,2.0,15,1.5,0.013904096844189029,0.005033711727619972,0.0,0.15407917811534827,0.11181005109128712,0.18760851486450802,0.04701680389965679,0.7831200265232131,1.0210680649825905,0.40376651831625704
2,0.25,zero,0.0,shape_only,0.1,2.0,20,2.0,0.0019121916860684873,0.0006922723441503593,0.0,0.060069152081087755,0.04085384543996087,0.06735328237312106,0.01796386146115103,0.9153215925937898,1.0067950998984252,0.42026747303328044
2,0.25,zero,0.0,mixed,0.1,2.0,0,0.0,5.011672049926549,1.0,1.9999999999999998,5.644555741786776,0.6931471805599454,2.1213203435596424,0.783383274430757,0.44626032029685964,8.963378140676129,0.4307988270442431
2,0.25,zero,0.0,mixed,0.1,2.0,5,0.5,0.6088254662223809,0.12148150560476195,1.0681804477116332,0.26016817305237105,0.08221701773547577,0.3888182198381678,0.4762461803589887,0.6996654283960779,1.212541999704307,0.02846736160738507
2,0.25,zero,0.0,mixed,0.1,2.0,10,1.0,0.25860995778651463,0.051601532424753294,0.7118852380364227,0.09882064199176714,0.03844124701514117,0.13656527329226717,0.2757130451341164,0.8737093782093025,1.0598474511992702,0.11301741336034402
2,0.25,zero,0.0,mixed,0.1,2.0,15,1.5,0.09798344889319321,0.019551049613198306,0.44126643903264207,0.034929291947667265,0.014095628474281925,0.04621525400017427,0.1513698480144226,0.9543023319177945,1.0187572387034798,0.14872003224505706
2,0.25,zero,0.0,mixed,0.1,2.0,20,2.0,0.035204624260100514,0.007024526726687248,0.26508385809929436,0.011773389020998996,0.004793784388433281,0.015324057408438809,0.08312903437856611,0.9844919779385193,1.006060249980008,0.16098886386555733
2,0.25,positive,0.0625,mean_only,0.1,2.0,0,0.0,4.499999999999999,1.0,2.9999999999999996,0.0,0.0,0.0,1.126178161942212,1.0,1.0,1.0
2,0.25,positive,0.0625,mean_only,0.1,2.0,5,0.5,1.56905298045,0.34867844010000004,1.7714699999999999,0.0,0.0,0.0,0.8796269010084781,1.0,1.0,1.0
2,0.25,positive,0.0625,mean_only,0.1,2.0,10,1.0,0.547094945657562,0.12157665459056936,1.0460353203000001,0.0,0.0,0.0,0.4847531844313441,1.0,1.0,1.0
2,0.25,positive,0.0625,mean_only,0.1,2.0,15,1.5,0.19076021223847284,0.042391158275216195,0.617673396283947,0.0,0.0,0.0,0.2496077137305744,1.0,1.0,1.0
2,0.25,positive,0.0625,mean_only,0.1,2.0,20,2.0,0.06651397323645569,0.0147808829414346,0.36472996377170785,0.0,0.0,0.0,0.13016723127554308,1.0,1.0,1.0
2,0.25,positive,0.0625,volume_high,0.1,2.0,0,0.0,1.6137056388801092,1.0,0.0,2.9999999999999996,1.3862943611198906,0.0,0.413512845638725,4.0,4.0,1.0
2,0.25,positive,0.0625,volume_high,0.1,2.0,5,0.5,0.09770668882482547,0.06054802466491512,0.0,0.5094560291547379,0.41174934032991245,0.0,0.11969540889112129,1.5094560291547379,1.5094560291547379,1.0
2,0.25,positive,0.0625,volume_high,0.1,2.0,10,1.0,0.016582879842165665,0.010276273096296527,0.0,0.19333369289672084,0.17675081305455514,0.0,0.04904519173800215,1.1933336928967209,1.1933336928967209,1.0
2,0.25,positive,0.0625,volume_high,0.1,2.0,15,1.5,0.003447147815105911,0.0021361689096520645,0.0,0.0853457199819101,0.0818985721668043,0.0,0.022236127322539767,1.08534571998191,1.08534571998191,1.0
2,0.25,positive,0.0625,volume_high,0.1,2.0,20,2.0,0.0007734588306274048,0.0004793060221095684,0.0,0.039848194572847044,0.03907473574221962,0.0,0.010500261581067427,1.039848194572847,1.039848194572847,1.0
2,0.25,positive,0.0625,volume_low,0.1,2.0,0,0.0,0.6362943611198906,1.0,0.0,0.7499999999999999,1.3862943611198906,0.0,0.24218316241483717,0.25,0.25,1.0
2,0.25,positive,0.0625,volume_low,0.1,2.0,5,0.5,0.32064751822963955,0.5039295298253054,0.0,0.6028870752183361,0.9235345934479756,0.0,0.1872610378422367,0.39711292478166393,0.39711292478166393,1.0
2,0.25,positive,0.0625,volume_low,0.1,2.0,10,1.0,0.1340883748180759,0.2107332439377236,0.0,0.43259687601513036,0.5666852508332063,0.0,0.12853133236177683,0.5674031239848696,0.5674031239848696,1.0
2,0.25,positive,0.0625,volume_low,0.1,2.0,15,1.5,0.04666839418080304,0.07334403231024357,0.0,0.27522335954567745,0.3218917537264806,0.0,0.07852729878280618,0.7247766404543226,0.7247766404543226,1.0
2,0.25,positive,0.0625,volume_low,0.1,2.0,20,2.0,0.01399506147408447,0.021994633819248197,0.0,0.1581054572509527,0.17210051872503723,0.0,0.04378615099249228,0.8418945427490473,0.8418945427490473,1.0
2,0.25,positive,0.0625,shape_only,0.1,2.0,0,0.0,2.7621956910836314,1.0,0.0,4.558929858404187,0.0,2.8284271247461903,0.1352032939031187,0.1353352832366127,7.38905609893065,0.3670988855829601
2,0.25,positive,0.0625,shape_only,0.1,2.0,5,0.5,0.2113491011709363,0.07651489061878247,0.0,0.497305107246485,0.3922177908563628,0.9064191515868972,0.137251858927532,0.3558831189690325,1.2823795016601145,0.13227596722749402
2,0.25,positive,0.0625,shape_only,0.1,2.0,10,1.0,0.06274839974403701,0.022716855270822723,0.0,0.2980575424360899,0.2580589920380404,0.40653109489463835,0.09561306356288257,0.5795404100604217,1.0298384053515712,0.4293894419644872
2,0.25,positive,0.0625,shape_only,0.1,2.0,15,1.5,0.0160050523091666,0.005794322379413926,0.0,0.16439159391179411,0.1448928812504339,0.16642449525425626,0.05307952893462298,0.7690703967715965,0.973153945345869,0.6147019684471396
2,0.25,positive,0.0625,shape_only,0.1,2.0,20,2.0,0.00366995660890157,0.0013286374389577795,0.0,0.08252708264842708,0.07541339881590864,0.062180023188957524,0.026232846623751027,0.8874693309842216,0.9690437846017642,0.7557383030688998
2,0.25,positive,0.0625,mixed,0.1,2.0,0,0.0,5.011672049926549,1.0,1.9999999999999998,5.644555741786776,0.6931471805599454,2.1213203435596424,0.783383274430757,0.44626032029685964,8.963378140676129,0.4307988270442431
2,0.25,positive,0.0625,mixed,0.1,2.0,5,0.5,0.5271157035922636,0.10517761304832166,0.999421278724028,0.251128857533141,0.05785590782941542,0.3125850964389344,0.43949946606189894,0.8494424095133433,1.3216579209636434,0.11605088684042209
2,0.25,positive,0.0625,mixed,0.1,2.0,10,1.0,0.19673336223807425,0.03925503510169975,0.6230338821153976,0.07437259157648075,0.02236161701512727,0.09678766654071592,0.23961954266532498,0.9549678554036987,1.095050884838921,0.11307840590000974
2,0.25,positive,0.0625,mixed,0.1,2.0,15,1.5,0.0701189171988108,0.013991122423870187,0.37368963444542164,0.024594012806017022,0.01033682068122465,0.031037024983062298,0.1280896177031564,0.9884574620230799,1.032810070845038,0.1869456845339912
2,0.25,positive,0.0625,mixed,0.1,2.0,20,2.0,0.024565607775439258,0.004901679026623318,0.22148448058715184,0.008742643567150554,0.004984721425657022,0.010069564336985437,0.06972097882983552,0.9978667428336346,1.0121785404275976,0.3300493170540177
2,0.5,negative,-0.125,mean_only,0.1,2.0,0,0.0,4.499999999999999,1.0,2.9999999999999996,0.0,0.0,0.0,1.126178161942212,1.0,1.0,1.0
2,0.5,negative,-0.125,mean_only,0.1,2.0,5,0.5,1.56905298045,0.34867844010000004,1.7714699999999999,0.0,0.0,0.0,0.8796269010084781,1.0,1.0,1.0
2,0.5,negative,-0.125,mean_only,0.1,2.0,10,1.0,0.547094945657562,0.12157665459056936,1.0460353203000001,0.0,0.0,0.0,0.4847531844313441,1.0,1.0,1.0
2,0.5,negative,-0.125,mean_only,0.1,2.0,15,1.5,0.19076021223847284,0.042391158275216195,0.617673396283947,0.0,0.0,0.0,0.2496077137305744,1.0,1.0,1.0
2,0.5,negative,-0.125,mean_only,0.1,2.0,20,2.0,0.06651397323645569,0.0147808829414346,0.36472996377170785,0.0,0.0,0.0,0.13016723127554308,1.0,1.0,1.0
2,0.5,negative,-0.125,volume_high,0.1,2.0,0,0.0,1.6137056388801092,1.0,0.0,2.9999999999999996,1.3862943611198906,0.0,0.413512845638725,4.0,4.0,1.0
2,0.5,negative,-0.125,volume_high,0.1,2.0,5,0.5,0.02912327880633092,0.018047454321682917,0.0,0.26113687357176024,0.23201359476542935,0.0,0.06515306108060581,1.2611368735717603,1.2611368735717603,1.0
2,0.5,negative,-0.125,volume_high,0.1,2.0,10,1.0,0.0024199308918604334,0.0014996111022700734,0.0,0.07119166895929241,0.06877173806743189,0.0,0.018613725860953,1.0711916689592924,1.0711916689592924,1.0
2,0.5,negative,-0.125,volume_high,0.1,2.0,15,1.5,0.0002412932686708391,0.00014952743725819384,0.0,0.02212900816149976,0.021887714892829015,0.0,0.005856960378350262,1.0221290081614998,1.0221290081614998,1.0
2,0.5,negative,-0.125,volume_high,0.1,2.0,20,2.0,2.530982662829473e-05,1.5684289636528395e-05,0.0,0.007131632206953452,0.007106322380325172,0.0,0.001894635231433739,1.0071316322069535,1.0071316322069535,1.0
2,0.5,negative,-0.125,volume_low,0.1,2.0,0,0.0,0.6362943611198906,1.0,0.0,0.7499999999999999,1.3862943611198906,0.0,0.24218316241483717,0.25,0.25,1.0
2,0.5,negative,-0.125,volume_low,0.1,2.0,5,0.5,0.20898575237525874,0.3284419368536281,0.0,0.5153570101701324,0.724342762545391,0.0,0.15644942246923943,0.4846429898298677,0.4846429898298677,1.0
2,0.5,negative,-0.125,volume_low,0.1,2.0,10,1.0,0.04400149236800388,0.06915273033468408,0.0,0.2680729879815812,0.312074480349585,0.0,0.07634744561389617,0.7319270120184188,0.7319270120184188,1.0
2,0.5,negative,-0.125,volume_low,0.1,2.0,15,1.5,0.006470218027017305,0.010168592435157832,0.0,0.1094840735877599,0.1159542916147773,0.0,0.029950426006226216,0.8905159264122401,0.8905159264122401,1.0
2,0.5,negative,-0.125,volume_low,0.1,2.0,20,2.0,0.0007841054375425927,0.0012322998370794167,0.0,0.0390796395893358,0.039863745026878346,0.0,0.010502948235843412,0.9609203604106642,0.9609203604106642,1.0
2,0.5,negative,-0.125,shape_only,0.1,2.0,0,0.0,2.7621956910836314,1.0,0.0,4.558929858404187,0.0,2.8284271247461903,0.1352032939031187,0.1353352832366127,7.38905609893065,0.3670988855829601
2,0.5,negative,-0.125,shape_only,0.1,2.0,5,0.5,0.6071066294164305,0.2197913172394595,0.0,0.761529789788177,0.7043832501943291,1.7112042557857772,0.16864134981542656,0.1474321242847374,1.6580146341594653,0.01631710684512127
2,0.5,negative,-0.125,shape_only,0.1,2.0,10,1.0,0.3633337791507518,0.13153802980853,0.0,0.6011599763460492,0.5535890853144108,1.2383926469493978,0.16234739491275763,0.23948489721996122,1.380004490452721,0.10015979766267696
2,0.5,negative,-0.125,shape_only,0.1,2.0,15,1.5,0.19470526573244396,0.07048930905256011,0.0,0.48473755625666554,0.36650416305396993,0.869054816227957,0.1322307341761858,0.37492895779772817,1.2814732475592197,0.1256109227163892
2,0.5,negative,-0.125,shape_only,0.1,2.0,20,2.0,0.09020740811229366,0.03265786287462659,0.0,0.3624966434839826,0.21325045957459604,0.5804004372630035,0.0947434999833694,0.535981547630244,1.2179323494451513,0.115214252615518
2,0.5,negative,-0.125,mixed,0.1,2.0,0,0.0,5.011672049926549,1.0,1.9999999999999998,5.644555741786776,0.6931471805599454,2.1213203435596424,0.783383274430757,0.44626032029685964,8.963378140676129,0.4307988270442431
2,0.5,negative,-0.125,mixed,0.1,2.0,5,0.5,0.9277585228773391,0.1851195596269984,1.1778239159210815,0.6044106517885731,0.24574701429597665,1.005735668250081,0.5368302495665115,0.38407803711142596,1.592675803135628,0.0003698096381763131
2,0.5,negative,-0.125,mixed,0.1,2.0,10,1.0,0.5479728469540246,0.10933932657506104,0.9411456479123271,0.4009689750602057,0.1898997598762162,0.6472940566906906,0.378319290918625,0.5232971683371788,1.307093875234124,0.04473176471538037
2,0.5,negative,-0.125,mixed,0.1,2.0,15,1.5,0.2862794845534433,0.05712254946084092,0.6966997011495883,0.2710471878027878,0.11004040608337838,0.40911607585050325,0.24207613452560067,0.670769876003224,1.1963178073549798,0.060114695662325184
2,0.5,negative,-0.125,mixed,0.1,2.0,20,2.0,0.1311609184363245,0.02617108963429616,0.4788746374147544,0.17356775220085366,0.055100306044357096,0.2515428609220715,0.1440728772746021,0.7921789475908,1.1306213588340224,0.04945760519634028
2,0.5,zero,0.0,mean_only,0.1,2.0,0,0.0,4.499999999999999,1.0,2.9999999999999996,0.0,0.0,0.0,1.126178161942212,1.0,1.0,1.0
2,0.5,zero,0.0,mean_only,0.1,2.0,5,0.5,1.56905298045,0.34867844010000004,1.7714699999999999,0.0,0.0,0.0,0.8796269010084781,1.0,1.0,1.0
2,0.5,zero,0.0,mean_only,0.1,2.0,10,1.0,0.547094945657562,0.12157665459056936,1.0460353203000001,0.0,0.0,0.0,0.4847531844313441,1.0,1.0,1.0
2,0.5,zero,0.0,mean_only,0.1,2.0,15,1.5,0.19076021223847284,0.042391158275216195,0.617673396283947,0.0,0.0,0.0,0.2496077137305744,1.0,1.0,1.0
2,0.5,zero,0.0,mean_only,0.1,2.0,20,2.0,0.06651397323645569,0.0147808829414346,0.36472996377170785,0.0,0.0,0.0,0.13016723127554308,1.0,1.0,1.0
2,0.5,zero,0.0,volume_high,0.1,2.0,0,0.0,1.6137056388801092,1.0,0.0,2.9999999999999996,1.3862943611198906,0.0,0.413512845638725,4.0,4.0,1.0
2,0.5,zero,0.0,volume_high,0.1,2.0,5,0.5,0.18085095735071466,0.11207183825435653,0.0,0.7275622929620175,0.5467113356113029,0.0,0.16232257987366366,1.7275622929620176,1.7275622929620176,1.0
2,0.5,zero,0.0,volume_high,0.1,2.0,10,1.0,0.04345117987467284,0.026926335775109143,0.0,0.3244437085520524,0.2809925286773796,0.0,0.07970768126211802,1.3244437085520524,1.3244437085520524,1.0
2,0.5,zero,0.0,volume_high,0.1,2.0,15,1.5,0.012667185633286726,0.007849749872645664,0.0,0.16772219501896068,0.155055009385674,0.0,0.042817206857445445,1.1677221950189607,1.1677221950189607,1.0
2,0.5,zero,0.0,volume_high,0.1,2.0,20,2.0,0.004014135027482046,0.0024875261824503533,0.0,0.09229644842212781,0.08828231339464583,0.0,0.02400564145200923,1.0922964484221278,1.0922964484221278,1.0
2,0.5,zero,0.0,volume_low,0.1,2.0,0,0.0,0.6362943611198906,1.0,0.0,0.7499999999999999,1.3862943611198906,0.0,0.24218316241483717,0.25,0.25,1.0
2,0.5,zero,0.0,volume_low,0.1,2.0,5,0.5,0.3880976926874684,0.6099342009009932,0.0,0.6435978454765621,1.0316955381640305,0.0,0.20205767234277394,0.3564021545234379,0.3564021545234379,1.0
2,0.5,zero,0.0,volume_low,0.1,2.0,10,1.0,0.2140635275278111,0.33642216654419993,0.0,0.5200870793752488,0.7341506069030599,0.0,0.15808022079926398,0.4799129206247512,0.4799129206247512,1.0
2,0.5,zero,0.0,volume_low,0.1,2.0,15,1.5,0.1063990000437145,0.16721663202617443,0.0,0.39326630133566126,0.4996653013793757,0.0,0.11566321557828163,0.6067336986643387,0.6067336986643387,1.0
2,0.5,zero,0.0,volume_low,0.1,2.0,20,2.0,0.04800036098553284,0.0754373508843474,0.0,0.27870057329427866,0.3267009342798115,0.0,0.07959017751730302,0.7212994267057213,0.7212994267057213,1.0
2,0.5,zero,0.0,shape_only,0.1,2.0,0,0.0,2.7621956910836314,1.0,0.0,4.558929858404187,0.0,2.8284271247461903,0.1352032939031187,0.1353352832366127,7.38905609893065,0.3670988855829601
2,0.5,zero,0.0,shape_only,0.1,2.0,5,0.5,0.5167068324009578,0.18706380365043926,0.0,0.8360242185312313,0.47587272095411715,1.5626214282555317,0.13770867512323126,0.20580772305357384,1.8758604998401076,0.0023856597445357833
2,0.5,zero,0.0,shape_only,0.1,2.0,10,1.0,0.27898609659199725,0.10100156824245453,0.0,0.5599169548481923,0.442931948243278,1.0730867642328383,0.1461328664569097,0.30067694108938053,1.3714313556080577,0.08573410669812916
2,0.5,zero,0.0,shape_only,0.1,2.0,15,1.5,0.1537300243264843,0.05565500837711277,0.0,0.4332560074745076,0.3509410425761154,0.7405992809431393,0.12723615997040927,0.4170188658864074,1.1885590976143303,0.20719208669166242
2,0.5,zero,0.0,shape_only,0.1,2.0,20,2.0,0.07879603351886111,0.028526593453611825,0.0,0.33040652653554814,0.25525205521422073,0.4994748857848447,0.0999165753738922,0.5442023502132786,1.102885606396002,0.2852172133622787
2,0.5,zero,0.0,mixed,0.1,2.0,0,0.0,5.011672049926549,1.0,1.9999999999999998,5.644555741786776,0.6931471805599454,2.1213203435596424,0.783383274430757,0.44626032029685964,8.963378140676129,0.4307988270442431
2,0.5,zero,0.0,mixed,0.1,2.0,5,0.5,0.7931134932955795,0.15825327064391678,1.09641185224032,0.6996594402955106,0.04131888921693788,0.8440379656704378,0.4834130996244347,0.5737818082734478,1.8929640070185374,0.1112570339736941
2,0.5,zero,0.0,mixed,0.1,2.0,10,1.0,0.3741138543942206,0.0746485106501938,0.7946664480841631,0.34357638432240434,0.023639042173567715,0.4853796376314794,0.3036534438815979,0.6929106118143727,1.3765442489162332,0.010216418816265529
2,0.5,zero,0.0,mixed,0.1,2.0,15,1.5,0.16801420609838003,0.03352458110279631,0.5426780112808237,0.19990023303839602,0.029685047451190813,0.2889154247020415,0.17664524911868368,0.7913783528021803,1.1907805405644887,0.00199139304368948
2,0.5,zero,0.0,mixed,0.1,2.0,20,2.0,0.06996058683426032,0.013959530100395467,0.3532607326948479,0.12065275989625193,0.023195956784952336,0.1727312272938468,0.09896929632391505,0.8647322315051487,1.1040038833293668,0.0167861608730314
2,0.5,positive,0.125,mean_only,0.1,2.0,0,0.0,4.499999999999999,1.0,2.9999999999999996,0.0,0.0,0.0,1.126178161942212,1.0,1.0,1.0
2,0.5,positive,0.125,mean_only,0.1,2.0,5,0.5,1.56905298045,0.34867844010000004,1.7714699999999999,0.0,0.0,0.0,0.8796269010084781,1.0,1.0,1.0
2,0.5,positive,0.125,mean_only,0.1,2.0,10,1.0,0.547094945657562,0.12157665459056936,1.0460353203000001,0.0,0.0,0.0,0.4847531844313441,1.0,1.0,1.0
2,0.5,positive,0.125,mean_only,0.1,2.0,15,1.5,0.19076021223847284,0.042391158275216195,0.617673396283947,0.0,0.0,0.0,0.2496077137305744,1.0,1.0,1.0
2,0.5,positive,0.125,mean_only,0.1,2.0,20,2.0,0.06651397323645569,0.0147808829414346,0.36472996377170785,0.0,0.0,0.0,0.13016723127554308,1.0,1.0,1.0
2,0.5,positive,0.125,volume_high,0.1,2.0,0,0.0,1.6137056388801092,1.0,0.0,2.9999999999999996,1.3862943611198906,0.0,0.413512845638725,4.0,4.0,1.0
2,0.5,positive,0.125,volume_high,0.1,2.0,5,0.5,0.34541740224917383,0.21405229920922197,0.0,1.0757305813716176,0.7303131791224438,0.0,0.2214322014225723,2.0757305813716176,2.0757305813716176,1.0
2,0.5,positive,0.125,volume_high,0.1,2.0,10,1.0,0.11916986466682311,0.07384857671410595,0.0,0.5706759025831236,0.45150603791630045,0.0,0.1321332869924184,1.5706759025831236,1.5706759025831236,1.0
2,0.5,positive,0.125,volume_high,0.1,2.0,15,1.5,0.0483174824369228,0.02994194311079839,0.0,0.34387388331787,0.29555640088094726,0.0,0.08408317939220811,1.34387388331787,1.34387388331787,1.0
2,0.5,positive,0.125,volume_high,0.1,2.0,20,2.0,0.021222449633206963,0.013151376014237062,0.0,0.22040622094244597,0.199183771309239,0.0,0.05554232292478212,1.220406220942446,1.220406220942446,1.0
2,0.5,positive,0.125,volume_low,0.1,2.0,0,0.0,0.6362943611198906,1.0,0.0,0.7499999999999999,1.3862943611198906,0.0,0.24218316241483717,0.25,0.25,1.0
2,0.5,positive,0.125,volume_low,0.1,2.0,5,0.5,0.46330354744908875,0.7281276964857356,0.0,0.6818132467453752,1.145116794194464,0.0,0.21622410365142497,0.3181867532546248,0.3181867532546248,1.0
2,0.5,positive,0.125,volume_low,0.1,2.0,10,1.0,0.32330244650869977,0.5081020141993419,0.0,0.6046294787401333,0.9279319252488333,0.0,0.18788817704032956,0.3953705212598666,0.3953705212598666,1.0
2,0.5,positive,0.125,volume_low,0.1,2.0,15,1.5,0.21573264879541165,0.33904535695667326,0.0,0.5216225362904574,0.7373551850858692,0.0,0.15861043405123543,0.4783774637095426,0.4783774637095426,1.0
2,0.5,positive,0.125,volume_low,0.1,2.0,20,2.0,0.13760308015441147,0.2162569536404933,0.0,0.43716411619634704,0.5747671963507585,0.0,0.1300421004175928,0.5628358838036529,0.5628358838036529,1.0
2,0.5,positive,0.125,shape_only,0.1,2.0,0,0.0,2.7621956910836314,1.0,0.0,4.558929858404187,0.0,2.8284271247461903,0.1352032939031187,0.1353352832366127,7.38905609893065,0.3670988855829601
2,0.5,positive,0.125,shape_only,0.1,2.0,5,0.5,0.48513268224900785,0.17563298784912898,0.0,0.8948312576611368,0.3561504783641967,1.4941251601458028,0.11859968112935804,0.24349557452871035,2.014468833240912,0.020776734702278175
2,0.5,positive,0.125,shape_only,0.1,2.0,10,1.0,0.23447844548031993,0.08488842634763946,0.0,0.5437248163640331,0.356363195259623,0.987878265298012,0.130921302869757,0.3482277303626254,1.4080027700787687,0.050250504887545566
2,0.5,positive,0.125,shape_only,0.1,2.0,15,1.5,0.12554093291918345,0.045449688204362064,0.0,0.40254723122661684,0.30550171850372326,0.6662616091966973,0.1165525245874316,0.4599581276863588,1.1801203011445618,0.19985824660778848
2,0.5,positive,0.125,shape_only,0.1,2.0,20,2.0,0.06672967145958375,0.024158198376381206,0.0,0.3072520835425484,0.24483373924991278,0.4449164795935085,0.09496141506206446,0.5715306313435665,1.0722612330757757,0.33601448848654064
2,0.5,positive,0.125,mixed,0.1,2.0,0,0.0,5.011672049926549,1.0,1.9999999999999998,5.644555741786776,0.6931471805599454,2.1213203435596424,0.783383274430757,0.44626032029685964,8.963378140676129,0.4307988270442431
2,0.5,positive,0.125,mixed,0.1,2.0,5,0.5,0.7580131204417719,0.15124954563874174,1.0519257367949453,0.8020404975395514,0.19684747488468649,0.7680738097249316,0.46081475118418996,0.707326630711714,2.0958468042096143,0.2507067832367897
2,0.5,positive,0.125,mixed,0.1,2.0,10,1.0,0.3014257485555323,0.06014474721264931,0.7070838783525959,0.35788240429152074,0.10453240878369406,0.4047638966939174,0.2726741999838337,0.8338690633351197,1.4780796403171845,0.18994404676743204
2,0.5,positive,0.125,mixed,0.1,2.0,15,1.5,0.11668281242162548,0.023282212255555625,0.4492325855230225,0.18909415820972678,0.06454260878283102,0.2260008515825704,0.15298555599729463,0.9091327772178928,1.2515081492953206,0.18042478023759456
2,0.5,positive,0.125,mixed,0.1,2.0,20,2.0,0.04335611360443958,0.00865102767549904,0.2759699646710205,0.1067880148769485,0.042703270341252236,0.1290998667095591,0.08561928991607087,0.9525772043223394,1.1433821421685197,0.2018689598655433
2,1.0,negative,-0.25,mean_only,0.1,2.0,0,0.0,4.499999999999999,1.0,2.9999999999999996,0.0,0.0,0.0,1.126178161942212,1.0,1.0,1.0
2,1.0,negative,-0.25,mean_only,0.1,2.0,5,0.5,1.56905298045,0.34867844010000004,1.7714699999999999,0.0,0.0,0.0,0.8796269010084781,1.0,1.0,1.0
2,1.0,negative,-0.25,mean_only,0.1,2.0,10,1.0,0.547094945657562,0.12157665459056936,1.0460353203000001,0.0,0.0,0.0,0.4847531844313441,1.0,1.0,1.0
2,1.0,negative,-0.25,mean_only,0.1,2.0,15,1.5,0.19076021223847284,0.042391158275216195,0.617673396283947,0.0,0.0,0.0,0.2496077137305744,1.0,1.0,1.0
2,1.0,negative,-0.25,mean_only,0.1,2.0,20,2.0,0.06651397323645569,0.0147808829414346,0.36472996377170785,0.0,0.0,0.0,0.13016723127554308,1.0,1.0,1.0
2,1.0,negative,-0.25,volume_high,0.1,2.0,0,0.0,1.6137056388801092,1.0,0.0,2.9999999999999996,1.3862943611198906,0.0,0.413512845638725,4.0,4.0,1.0
2,1.0,negative,-0.25,volume_high,0.1,2.0,5,0.5,0.18085095735071466,0.11207183825435653,0.0,0.7275622929620175,0.5467113356113029,0.0,0.16232257987366366,1.7275622929620176,1.7275622929620176,1.0
2,1.0,negative,-0.25,volume_high,0.1,2.0,10,1.0,0.04345117987467284,0.026926335775109143,0.0,0.3244437085520524,0.2809925286773796,0.0,0.07970768126211802,1.3244437085520524,1.3244437085520524,1.0
2,1.0,negative,-0.25,volume_high,0.1,2.0,15,1.5,0.012667185633286726,0.007849749872645664,0.0,0.16772219501896068,0.155055009385674,0.0,0.042817206857445445,1.1677221950189607,1.1677221950189607,1.0
2,1.0,negative,-0.25,volume_high,0.1,2.0,20,2.0,0.004014135027482046,0.0024875261824503533,0.0,0.09229644842212781,0.08828231339464583,0.0,0.02400564145200923,1.0922964484221278,1.0922964484221278,1.0
2,1.0,negative,-0.25,volume_low,0.1,2.0,0,0.0,0.6362943611198906,1.0,0.0,0.7499999999999999,1.3862943611198906,0.0,0.24218316241483717,0.25,0.25,1.0
2,1.0,negative,-0.25,volume_low,0.1,2.0,5,0.5,0.3880976926874684,0.6099342009009932,0.0,0.6435978454765621,1.0316955381640305,0.0,0.20205767234277394,0.3564021545234379,0.3564021545234379,1.0
2,1.0,negative,-0.25,volume_low,0.1,2.0,10,1.0,0.2140635275278111,0.33642216654419993,0.0,0.5200870793752488,0.7341506069030599,0.0,0.15808022079926398,0.4799129206247512,0.4799129206247512,1.0
2,1.0,negative,-0.25,volume_low,0.1,2.0,15,1.5,0.1063990000437145,0.16721663202617443,0.0,0.39326630133566126,0.4996653013793757,0.0,0.11566321557828163,0.6067336986643387,0.6067336986643387,1.0
2,1.0,negative,-0.25,volume_low,0.1,2.0,20,2.0,0.04800036098553284,0.0754373508843474,0.0,0.27870057329427866,0.3267009342798115,0.0,0.07959017751730302,0.7212994267057213,0.7212994267057213,1.0
2,1.0,negative,-0.25,shape_only,0.1,2.0,0,0.0,2.7621956910836314,1.0,0.0,4.558929858404187,0.0,2.8284271247461903,0.1352032939031187,0.1353352832366127,7.38905609893065,0.3670988855829601
2,1.0,negative,-0.25,shape_only,0.1,2.0,5,0.5,0.8678654885839856,0.31419406357972957,0.0,1.1724031876295506,0.6014232881948613,2.093445597778639,0.12392061890352346,0.12471640659460145,2.408167994183647,0.051647825577933106
2,1.0,negative,-0.25,shape_only,0.1,2.0,10,1.0,0.6234414683117888,0.22570503253055463,0.0,0.8142568122049998,0.6595504546915864,1.7460900835071558,0.15949531152059726,0.1504352389619412,1.7773467882784637,0.0019665626821689444
2,1.0,negative,-0.25,shape_only,0.1,2.0,15,1.5,0.48038303814888117,0.1739134702510607,0.0,0.6874943814657727,0.6173677223935159,1.480710958050488,0.16541009395546435,0.18930638689260865,1.5367242446181222,0.03970139065934198
2,1.0,negative,-0.25,shape_only,0.1,2.0,20,2.0,0.36790350243177095,0.13319241052303557,0.0,0.6126495276115735,0.5401683713892349,1.2554955192772943,0.15978651748317985,0.2398029422607413,1.415667319824331,0.07906226104501793
2,1.0,negative,-0.25,mixed,0.1,2.0,0,0.0,5.011672049926549,1.0,1.9999999999999998,5.644555741786776,0.6931471805599454,2.1213203435596424,0.783383274430757,0.44626032029685964,8.963378140676129,0.4307988270442431
2,1.0,negative,-0.25,mixed,0.1,2.0,5,0.5,1.1417036122032256,0.22780892301601385,1.165995408115966,1.0985440029194782,0.07816978907884292,1.3563433437056054,0.520137998829036,0.35442824511177173,2.4130941093894753,0.12203577410378737
2,1.0,negative,-0.25,mixed,0.1,2.0,10,1.0,0.7245295840923038,0.14456843482065482,0.9669942206351992,0.6772037520093361,0.1905450802372194,1.0530934916113848,0.38768867254723305,0.39250946422349764,1.7403817207447947,0.009627059264565333
2,1.0,negative,-0.25,mixed,0.1,2.0,15,1.5,0.473275427382708,0.09443463631856046,0.7821794096300699,0.516375688036953,0.19983241960699366,0.8398007394448848,0.2721700055344184,0.4521862089352593,1.4828951777669248,0.0039513627762404625
2,1.0,negative,-0.25,mixed,0.1,2.0,20,2.0,0.29847789877457,0.05955655034908848,0.6118249886656828,0.4193306910940881,0.17563109174509384,0.672844849469557,0.17804654624852878,0.5213132097616378,1.3500505875415514,0.023526272964118005
2,1.0,zero,0.0,mean_only,0.1,2.0,0,0.0,4.499999999999999,1.0,2.9999999999999996,0.0,0.0,0.0,1.126178161942212,1.0,1.0,1.0
2,1.0,zero,0.0,mean_only,0.1,2.0,5,0.5,1.56905298045,0.34867844010000004,1.7714699999999999,0.0,0.0,0.0,0.8796269010084781,1.0,1.0,1.0
2,1.0,zero,0.0,mean_only,0.1,2.0,10,1.0,0.547094945657562,0.12157665459056936,1.0460353203000001,0.0,0.0,0.0,0.4847531844313441,1.0,1.0,1.0
2,1.0,zero,0.0,mean_only,0.1,2.0,15,1.5,0.19076021223847284,0.042391158275216195,0.617673396283947,0.0,0.0,0.0,0.2496077137305744,1.0,1.0,1.0
2,1.0,zero,0.0,mean_only,0.1,2.0,20,2.0,0.06651397323645569,0.0147808829414346,0.36472996377170785,0.0,0.0,0.0,0.13016723127554308,1.0,1.0,1.0
2,1.0,zero,0.0,volume_high,0.1,2.0,0,0.0,1.6137056388801092,1.0,0.0,2.9999999999999996,1.3862943611198906,0.0,0.413512845638725,4.0,4.0,1.0
2,1.0,zero,0.0,volume_high,0.1,2.0,5,0.5,0.48733746645367537,0.3019989858818869,0.0,1.3356109887739056,0.8482735223202303,0.0,0.2593097352068834,2.335610988773906,2.335610988773906,1.0
2,1.0,zero,0.0,volume_high,0.1,2.0,10,1.0,0.20490698745130675,0.12697916058191974,0.0,0.7834652020091986,0.5785582145578919,0.0,0.17252026430049544,1.7834652020091986,1.7834652020091986,1.0
2,1.0,zero,0.0,volume_high,0.1,2.0,15,1.5,0.09841117475191852,0.06098458875078022,0.0,0.5115405124260113,0.41312933767409277,0.0,0.12012519848005065,1.5115405124260113,1.5115405124260113,1.0
2,1.0,zero,0.0,volume_high,0.1,2.0,20,2.0,0.05076991452936541,0.031461694937497446,0.0,0.3533611632166551,0.3025912486872898,0.0,0.08620423246611836,1.3533611632166551,1.3533611632166551,1.0
2,1.0,zero,0.0,volume_low,0.1,2.0,0,0.0,0.6362943611198906,1.0,0.0,0.7499999999999999,1.3862943611198906,0.0,0.24218316241483717,0.25,0.25,1.0
2,1.0,zero,0.0,volume_low,0.1,2.0,5,0.5,0.5037734683960047,0.79173021038463,0.0,0.6999145529352322,1.2036880213312369,0.0,0.2230293105725789,0.30008544706476775,0.30008544706476775,1.0
2,1.0,zero,0.0,volume_low,0.1,2.0,10,1.0,0.38968200093423366,0.6124240991989709,0.0,0.6444735062417111,1.0341555071759447,0.0,0.20237925840144155,0.35552649375828893,0.35552649375828893,1.0
2,1.0,zero,0.0,volume_low,0.1,2.0,15,1.5,0.29416041192124776,0.4623024026230873,0.0,0.584775479235797,0.878935891157045,0.0,0.18077442798781684,0.41522452076420285,0.41522452076420285,1.0
2,1.0,zero,0.0,volume_low,0.1,2.0,20,2.0,0.2165627653364215,0.3403499678282026,0.0,0.5223826730803044,0.738945438416726,0.0,0.15887306985372762,0.47761732691969544,0.47761732691969544,1.0
2,1.0,zero,0.0,shape_only,0.1,2.0,0,0.0,2.7621956910836314,1.0,0.0,4.558929858404187,0.0,2.8284271247461903,0.1352032939031187,0.1353352832366127,7.38905609893065,0.3670988855829601
2,1.0,zero,0.0,shape_only,0.1,2.0,5,0.5,0.884289682362366,0.3201401280933329,0.0,1.4459086804446715,0.3667168272561997,2.00849114341613,0.08382256582599901,0.16747276554150664,2.8676729446708262,0.12813307599482013
2,1.0,zero,0.0,shape_only,0.1,2.0,10,1.0,0.5464466331755138,0.19783052842325535,0.0,0.9010192513109461,0.44562173077310707,1.607762379263839,0.12978621148452396,0.20546462280067931,1.9961851820041339,0.012521820676565952
2,1.0,zero,0.0,shape_only,0.1,2.0,15,1.5,0.38828411143533215,0.1405708193263473,0.0,0.6898810948097495,0.45179165753926076,1.3241869983413952,0.14292021198234606,0.24954069680991617,1.6234442109822265,0.00847426764925734
2,1.0,zero,0.0,shape_only,0.1,2.0,20,2.0,0.287257098731335,0.10399592601588692,0.0,0.5777344596639324,0.4271434592311621,1.1006299952158825,0.14310044879444883,0.29957023169905683,1.4206570473012892,0.058626531026176924
2,1.0,zero,0.0,mixed,0.1,2.0,0,0.0,5.011672049926549,1.0,1.9999999999999998,5.644555741786776,0.6931471805599454,2.1213203435596424,0.783383274430757,0.44626032029685964,8.963378140676129,0.4307988270442431
2,1.0,zero,0.0,mixed,0.1,2.0,5,0.5,1.1576975840968893,0.23100026748834382,1.1109162316605505,1.451889855701912,0.21091650118139932,1.252459681198606,0.48901802404758815,0.5093060161594565,2.993787280630242,0.2679443125250971
2,1.0,zero,0.0,mixed,0.1,2.0,10,1.0,0.5851839906989535,0.11676422257269009,0.8440348452413213,0.7957325019698319,0.07750782152961544,0.8992271879486564,0.33159758592771027,0.572157016502833,2.0408317879727638,0.14835797588710833
2,1.0,zero,0.0,mixed,0.1,2.0,15,1.5,0.3114846840477574,0.06215184891284387,0.6205264694064055,0.5252467836184923,0.02033734377512489,0.6757815656865158,0.20774017697174368,0.6328559917388885,1.645734964672897,0.07033107149628101
2,1.0,zero,0.0,mixed,0.1,2.0,20,2.0,0.1650038852662854,0.03292391912768987,0.44200809452757384,0.37707442427686233,0.005627144621090263,0.5174255429642555,0.12125499452209071,0.689697450690496,1.4336848749719977,0.026766510678669295
2,1.0,positive,0.25,mean_only,0.1,2.0,0,0.0,4.499999999999999,1.0,2.9999999999999996,0.0,0.0,0.0,1.126178161942212,1.0,1.0,1.0
2,1.0,positive,0.25,mean_only,0.1,2.0,5,0.5,1.56905298045,0.34867844010000004,1.7714699999999999,0.0,0.0,0.0,0.8796269010084781,1.0,1.0,1.0
2,1.0,positive,0.25,mean_only,0.1,2.0,10,1.0,0.547094945657562,0.12157665459056936,1.0460353203000001,0.0,0.0,0.0,0.4847531844313441,1.0,1.0,1.0
2,1.0,positive,0.25,mean_only,0.1,2.0,15,1.5,0.19076021223847284,0.042391158275216195,0.617673396283947,0.0,0.0,0.0,0.2496077137305744,1.0,1.0,1.0
2,1.0,positive,0.25,mean_only,0.1,2.0,20,2.0,0.06651397323645569,0.0147808829414346,0.36472996377170785,0.0,0.0,0.0,0.13016723127554308,1.0,1.0,1.0
2,1.0,positive,0.25,volume_high,0.1,2.0,0,0.0,1.6137056388801092,1.0,0.0,2.9999999999999996,1.3862943611198906,0.0,0.413512845638725,4.0,4.0,1.0
2,1.0,positive,0.25,volume_high,0.1,2.0,5,0.5,0.702191763150922,0.43514241149844035,0.0,1.692757539216005,0.990565776065083,0.0,0.30395065761060036,2.692757539216005,2.692757539216005,1.0
2,1.0,positive,0.25,volume_high,0.1,2.0,10,1.0,0.36881463048303664,0.22855136748421429,0.0,1.1204366782737147,0.7516220477906781,0.0,0.22830352997006453,2.1204366782737147,2.1204366782737147,1.0
2,1.0,positive,0.25,volume_high,0.1,2.0,15,1.5,0.21264356060142497,0.13177345079428293,0.0,0.8009676823573938,0.5883241217559689,0.0,0.17565487865618779,1.800967682357394,1.800967682357394,1.0
2,1.0,positive,0.25,volume_high,0.1,2.0,20,2.0,0.12963529646938277,0.08033391799965946,0.0,0.5990366516920649,0.46940135522268206,0.0,0.13776748567900082,1.5990366516920649,1.5990366516920649,1.0
2,1.0,positive,0.25,volume_low,0.1,2.0,0,0.0,0.6362943611198906,1.0,0.0,0.7499999999999999,1.3862943611198906,0.0,0.24218316241483717,0.25,0.25,1.0
2,1.0,positive,0.25,volume_low,0.1,2.0,5,0.5,0.5461189992196571,0.8582804321233917,0.0,0.7173196989479306,1.2634386981675876,0.0,0.22963113611374464,0.2826803010520694,0.2826803010520694,1.0
2,1.0,positive,0.25,volume_low,0.1,2.0,10,1.0,0.46404085912017634,0.7292864552554816,0.0,0.6821570607169285,1.1461979198371048,0.0,0.2163527879217999,0.3178429392830715,0.3178429392830715,1.0
2,1.0,positive,0.25,volume_low,0.1,2.0,15,1.5,0.3902072656070792,0.6132496049789075,0.0,0.6447630875937675,1.0349703532008467,0.0,0.20248563801904684,0.35523691240623234,0.35523691240623234,1.0
2,1.0,positive,0.25,volume_low,0.1,2.0,20,2.0,0.3246177875429934,0.5101692037183226,0.0,0.6054880434167949,0.9301058309597884,0.0,0.18819739919988665,0.39451195658320515,0.39451195658320515,1.0
2,1.0,positive,0.25,shape_only,0.1,2.0,0,0.0,2.7621956910836314,1.0,0.0,4.558929858404187,0.0,2.8284271247461903,0.1352032939031187,0.1353352832366127,7.38905609893065,0.3670988855829601
2,1.0,positive,0.25,shape_only,0.1,2.0,5,0.5,0.9084914156379809,0.3289019016902356,0.0,1.5912984936414805,0.26332536485221714,1.972356247188988,0.06416095223047624,0.19052119282931163,3.099810908742216,0.16437649258844814
2,1.0,positive,0.25,shape_only,0.1,2.0,10,1.0,0.5202880924777529,0.18836033021021756,0.0,0.9638853152184764,0.3341016359100339,1.5430823805638878,0.11178287541077647,0.24045419832304066,2.131918714812397,0.03731173512048706
2,1.0,positive,0.25,shape_only,0.1,2.0,15,1.5,0.3467481457936197,0.12553351919015832,0.0,0.7045303384945922,0.350573009823921,1.246784896356037,0.12653208951332695,0.2916551800603897,1.7006950918790076,2.947356050589395e-05
2,1.0,positive,0.25,shape_only,0.1,2.0,20,2.0,0.24541676944938073,0.08884843685825235,0.0,0.5660168369538617,0.3428623728879653,1.020186799989344,0.12832918648664327,0.34498878240847586,1.460120010714355,0.029639153678034404
2,1.0,positive,0.25,mixed,0.1,2.0,0,0.0,5.011672049926549,1.0,1.9999999999999998,5.644555741786776,0.6931471805599454,2.1213203435596424,0.783383274430757,0.44626032029685964,8.963378140676129,0.4307988270442431
2,1.0,positive,0.25,mixed,0.1,2.0,5,0.5,1.1991996789806407,0.2392813550116904,1.0847903212822403,1.6555125725051663,0.3426336911480892,1.2068306675070994,0.4778864254660231,0.6000607027760355,3.3068359963337985,0.3316877070446698
2,1.0,positive,0.25,mixed,0.1,2.0,10,1.0,0.5494553299734894,0.10963513264630759,0.7788020753944237,0.9036497779318838,0.22297313192390675,0.8261294883639952,0.3116596266700514,0.6968475387163289,2.241476712439802,0.269553886536387
2,1.0,positive,0.25,mixed,0.1,2.0,15,1.5,0.2612561014088006,0.05212952858969086,0.5337951986410586,0.5793896357185555,0.1594474207251265,0.5950731839610403,0.1887164088489951,0.7700245642991906,1.7864451658764162,0.2306118687407773
2,1.0,positive,0.25,mixed,0.1,2.0,20,2.0,0.12460063876212457,0.024862089442574502,0.35298389345252995,0.39983196444144026,0.1202314857346015,0.43900815231451046,0.11017011697924817,0.8267985906473122,1.5382680293092328,0.20841512680388158
2,2.0,negative,-0.5,mean_only,0.1,2.0,0,0.0,4.499999999999999,1.0,2.9999999999999996,0.0,0.0,0.0,1.126178161942212,1.0,1.0,1.0
2,2.0,negative,-0.5,mean_only,0.1,2.0,5,0.5,1.56905298045,0.34867844010000004,1.7714699999999999,0.0,0.0,0.0,0.8796269010084781,1.0,1.0,1.0
2,2.0,negative,-0.5,mean_only,0.1,2.0,10,1.0,0.547094945657562,0.12157665459056936,1.0460353203000001,0.0,0.0,0.0,0.4847531844313441,1.0,1.0,1.0
2,2.0,negative,-0.5,mean_only,0.1,2.0,15,1.5,0.19076021223847284,0.042391158275216195,0.617673396283947,0.0,0.0,0.0,0.2496077137305744,1.0,1.0,1.0
2,2.0,negative,-0.5,mean_only,0.1,2.0,20,2.0,0.06651397323645569,0.0147808829414346,0.36472996377170785,0.0,0.0,0.0,0.13016723127554308,1.0,1.0,1.0
2,2.0,negative,-0.5,volume_high,0.1,2.0,0,0.0,1.6137056388801092,1.0,0.0,2.9999999999999996,1.3862943611198906,0.0,0.413512845638725,4.0,4.0,1.0
2,2.0,negative,-0.5,volume_high,0.1,2.0,5,0.5,0.48733746645367537,0.3019989858818869,0.0,1.3356109887739056,0.8482735223202303,0.0,0.2593097352068834,2.335610988773906,2.335610988773906,1.0
2,2.0,negative,-0.5,volume_high,0.1,2.0,10,1.0,0.20490698745130675,0.12697916058191974,0.0,0.7834652020091986,0.5785582145578919,0.0,0.17252026430049544,1.7834652020091986,1.7834652020091986,1.0
2,2.0,negative,-0.5,volume_high,0.1,2.0,15,1.5,0.09841117475191852,0.06098458875078022,0.0,0.5115405124260113,0.41312933767409277,0.0,0.12012519848005065,1.5115405124260113,1.5115405124260113,1.0
2,2.0,negative,-0.5,volume_high,0.1,2.0,20,2.0,0.05076991452936541,0.031461694937497446,0.0,0.3533611632166551,0.3025912486872898,0.0,0.08620423246611836,1.3533611632166551,1.3533611632166551,1.0
2,2.0,negative,-0.5,volume_low,0.1,2.0,0,0.0,0.6362943611198906,1.0,0.0,0.7499999999999999,1.3862943611198906,0.0,0.24218316241483717,0.25,0.25,1.0
2,2.0,negative,-0.5,volume_low,0.1,2.0,5,0.5,0.5037734683960047,0.79173021038463,0.0,0.6999145529352322,1.2036880213312369,0.0,0.2230293105725789,0.30008544706476775,0.30008544706476775,1.0
2,2.0,negative,-0.5,volume_low,0.1,2.0,10,1.0,0.38968200093423366,0.6124240991989709,0.0,0.6444735062417111,1.0341555071759447,0.0,0.20237925840144155,0.35552649375828893,0.35552649375828893,1.0
2,2.0,negative,-0.5,volume_low,0.1,2.0,15,1.5,0.29416041192124776,0.4623024026230873,0.0,0.584775479235797,0.878935891157045,0.0,0.18077442798781684,0.41522452076420285,0.41522452076420285,1.0
2,2.0,negative,-0.5,volume_low,0.1,2.0,20,2.0,0.2165627653364215,0.3403499678282026,0.0,0.5223826730803044,0.738945438416726,0.0,0.15887306985372762,0.47761732691969544,0.47761732691969544,1.0
2,2.0,negative,-0.5,shape_only,0.1,2.0,0,0.0,2.7621956910836314,1.0,0.0,4.558929858404187,0.0,2.8284271247461903,0.1352032939031187,0.1353352832366127,7.38905609893065,0.3670988855829601
2,2.0,negative,-0.5,shape_only,0.1,2.0,5,0.5,1.236345453925531,0.4475951714487335,0.0,1.873442864642921,0.42546712805102715,2.3732719900211316,0.05669874306293754,0.12201346813471549,3.4997431836142927,0.1873399840879271
2,2.0,negative,-0.5,shape_only,0.1,2.0,10,1.0,0.8954255645068872,0.32417166075427645,0.0,1.2415715815019779,0.5705018864615179,2.1157193363217157,0.11591934905303725,0.12662296643797313,2.5232243896527655,0.06848874284975547
2,2.0,negative,-0.5,shape_only,0.1,2.0,15,1.5,0.7352504822155437,0.2661833426896336,0.0,0.9768810566265441,0.6271501734659284,1.9219564528759387,0.14249834381819948,0.13721879072384133,2.0789818267753892,0.012245329980750282
2,2.0,negative,-0.5,shape_only,0.1,2.0,20,2.0,0.6314584901545865,0.22860744160630428,0.0,0.8387276308569703,0.6411089353781319,1.7605405334094413,0.15558791295088914,0.15167744502799435,1.829021664524915,0.00013238927348215406
2,2.0,negative,-0.5,mixed,0.1,2.0,0,0.0,5.011672049926549,1.0,1.9999999999999998,5.644555741786776,0.6931471805599454,2.1213203435596424,0.783383274430757,0.44626032029685964,8.963378140676129,0.4307988270442431
2,2.0,negative,-0.5,mixed,0.1,2.0,5,0.5,1.5335544057789225,0.3059965597312774,1.1527531740235955,1.9380629072837905,0.14716099462535803,1.6292888442937328,0.5103526219929687,0.36607384791051767,3.6665170726765695,0.274981978230593
2,2.0,negative,-0.5,mixed,0.1,2.0,10,1.0,0.9584371677996812,0.19124099866305658,0.9587311185416398,1.1897931028502333,0.040040161320000545,1.3841076958139333,0.390715972451424,0.3610452078737967,2.556583447425461,0.14870687551674655
2,2.0,negative,-0.5,mixed,0.1,2.0,15,1.5,0.6667786183830176,0.13304514176916063,0.7959337020088683,0.8768248609042488,0.12775501836194292,1.2098920218528393,0.28649782208458263,0.3740828913431445,2.0704538507054626,0.06425835791796151
2,2.0,negative,-0.5,mixed,0.1,2.0,20,2.0,0.48204617526647686,0.09618470052794889,0.6550071651177538,0.7091049910155166,0.16946380112131842,1.0711939508691228,0.19996226501138592,0.39577385355048633,1.800356508384234,0.01912531442989011
2,2.0,zero,0.0,mean_only,0.1,2.0,0,0.0,4.499999999999999,1.0,2.9999999999999996,0.0,0.0,0.0,1.126178161942212,1.0,1.0,1.0
2,2.0,zero,0.0,mean_only,0.1,2.0,5,0.5,1.56905298045,0.34867844010000004,1.7714699999999999,0.0,0.0,0.0,0.8796269010084781,1.0,1.0,1.0
2,2.0,zero,0.0,mean_only,0.1,2.0,10,1.0,0.547094945657562,0.12157665459056936,1.0460353203000001,0.0,0.0,0.0,0.4847531844313441,1.0,1.0,1.0
2,2.0,zero,0.0,mean_only,0.1,2.0,15,1.5,0.19076021223847284,0.042391158275216195,0.617673396283947,0.0,0.0,0.0,0.2496077137305744,1.0,1.0,1.0
2,2.0,zero,0.0,mean_only,0.1,2.0,20,2.0,0.06651397323645569,0.0147808829414346,0.36472996377170785,0.0,0.0,0.0,0.13016723127554308,1.0,1.0,1.0
2,2.0,zero,0.0,volume_high,0.1,2.0,0,0.0,1.6137056388801092,1.0,0.0,2.9999999999999996,1.3862943611198906,0.0,0.413512845638725,4.0,4.0,1.0
2,2.0,zero,0.0,volume_high,0.1,2.0,5,0.5,0.851691559217616,0.5277861951382155,0.0,1.9249787878622253,1.0732872286446096,0.0,0.32898094897184205,2.9249787878622255,2.9249787878622255,1.0
2,2.0,zero,0.0,volume_high,0.1,2.0,10,1.0,0.5078392272650567,0.3147037570107833,0.0,1.371261187494406,0.8634219602293495,0.0,0.2641323607337189,2.3712611874944063,2.3712611874944063,1.0
2,2.0,zero,0.0,volume_high,0.1,2.0,15,1.5,0.3243229141310322,0.20098021988453116,0.0,1.0346435656892183,0.7103206515581862,0.0,0.21498023614597905,2.0346435656892186,2.0346435656892186,1.0
2,2.0,zero,0.0,volume_high,0.1,2.0,20,2.0,0.21646320453049528,0.1341404524561976,0.0,0.8095307769405716,0.5930675724100765,0.0,0.17717852499553588,1.8095307769405717,1.8095307769405717,1.0
2,2.0,zero,0.0,volume_low,0.1,2.0,0,0.0,0.6362943611198906,1.0,0.0,0.7499999999999999,1.3862943611198906,0.0,0.24218316241483717,0.25,0.25,1.0
2,2.0,zero,0.0,volume_low,0.1,2.0,5,0.5,0.5679846089512917,0.8926444168884785,0.0,0.7257573418382612,1.293741950789553,0.0,0.23285229620674264,0.2742426581617388,0.2742426581617388,1.0
2,2.0,zero,0.0,volume_low,0.1,2.0,10,1.0,0.5041959569665297,0.7923941932773614,0.0,0.7000956150740988,1.2042915720406284,0.0,0.22309769269363167,0.2999043849259012,0.2999043849259012,1.0
2,2.0,zero,0.0,volume_low,0.1,2.0,15,1.5,0.4450113617677114,0.6993797037341061,0.0,0.6731050491487169,1.1181164109164283,0.0,0.21297212451060654,0.3268949508512831,0.3268949508512831,1.0
2,2.0,zero,0.0,volume_low,0.1,2.0,20,2.0,0.39046935555714857,0.6136615054546686,0.0,0.6449074424557266,1.0353767980128752,0.0,0.20253867348183496,0.3550925575442734,0.3550925575442734,1.0
2,2.0,zero,0.0,shape_only,0.1,2.0,0,0.0,2.7621956910836314,1.0,0.0,4.558929858404187,0.0,2.8284271247461903,0.1352032939031187,0.1353352832366127,7.38905609893065,0.3670988855829601
2,2.0,zero,0.0,shape_only,0.1,2.0,5,0.5,1.364687698646326,0.49405902089107534,0.0,2.2701285892359584,0.24132182543377245,2.335358780695652,0.016279543442136446,0.1506690068471611,4.096062739577946,0.24487335775496225
2,2.0,zero,0.0,shape_only,0.1,2.0,10,1.0,0.9177467093322949,0.3322526033527536,0.0,1.5116356618796138,0.34955415212564567,2.033316529309363,0.07762863495791172,0.1674072088391034,2.9689779055741954,0.14128524954321867
2,2.0,zero,0.0,shape_only,0.1,2.0,15,1.5,0.6960813380034603,0.2520029048812186,0.0,1.143040506243057,0.4050965932509381,1.8088503494163506,0.10888840350004192,0.1856026944035517,2.3963667951014926,0.06480629606372643
2,2.0,zero,0.0,shape_only,0.1,2.0,20,2.0,0.5605849887954806,0.20294904905001812,0.0,0.9315844994099849,0.43254806312772154,1.6274326365763365,0.12622665263280963,0.20529306889790724,2.0507807824376107,0.018889739457094153
2,2.0,zero,0.0,mixed,0.1,2.0,0,0.0,5.011672049926549,1.0,1.9999999999999998,5.644555741786776,0.6931471805599454,2.1213203435596424,0.783383274430757,0.44626032029685964,8.963378140676129,0.4307988270442431
2,2.0,zero,0.0,mixed,0.1,2.0,5,0.5,1.7133789289147523,0.34187770305917436,1.1182702551762673,2.4695383514855354,0.3772085625039151,1.5788318598375914,0.495739428230202,0.47749855180234835,4.453148067422992,0.352075144552356
2,2.0,zero,0.0,mixed,0.1,2.0,10,1.0,0.963488454491034,0.19224890313905416,0.8698248657424349,1.5426459229921747,0.23209396252762998,1.2834640822340613,0.3600916347529399,0.5089262354676177,3.125643301505865,0.28068182967289734
2,2.0,zero,0.0,mixed,0.1,2.0,15,1.5,0.5864395137153542,0.11701474236007701,0.6654746414259468,1.0984938809808065,0.1471019571975511,1.078677583650093,0.24456101213269787,0.5402959268107732,2.483930516634045,0.21733851382298708
2,2.0,zero,0.0,mixed,0.1,2.0,20,2.0,0.37164914118328074,0.07415671605821207,0.5007906138545047,0.8389939405131657,0.09262053616112159,0.9225669402342908,0.15626368597940865,0.5713617093739387,2.1063864063900946,0.16313945154617399
2,2.0,positive,0.5,mean_only,0.1,2.0,0,0.0,4.499999999999999,1.0,2.9999999999999996,0.0,0.0,0.0,1.126178161942212,1.0,1.0,1.0
2,2.0,positive,0.5,mean_only,0.1,2.0,5,0.5,1.56905298045,0.34867844010000004,1.7714699999999999,0.0,0.0,0.0,0.8796269010084781,1.0,1.0,1.0
2,2.0,positive,0.5,mean_only,0.1,2.0,10,1.0,0.547094945657562,0.12157665459056936,1.0460353203000001,0.0,0.0,0.0,0.4847531844313441,1.0,1.0,1.0
2,2.0,positive,0.5,mean_only,0.1,2.0,15,1.5,0.19076021223847284,0.042391158275216195,0.617673396283947,0.0,0.0,0.0,0.2496077137305744,1.0,1.0,1.0
2,2.0,positive,0.5,mean_only,0.1,2.0,20,2.0,0.06651397323645569,0.0147808829414346,0.36472996377170785,0.0,0.0,0.0,0.13016723127554308,1.0,1.0,1.0
2,2.0,positive,0.5,volume_high,0.1,2.0,0,0.0,1.6137056388801092,1.0,0.0,2.9999999999999996,1.3862943611198906,0.0,0.413512845638725,4.0,4.0,1.0
2,2.0,positive,0.5,volume_high,0.1,2.0,5,0.5,1.0420770163137147,0.6457664838036401,0.0,2.207600014914049,1.1655229986003341,0.0,0.3557718776877058,3.207600014914049,3.207600014914049,1.0
2,2.0,positive,0.5,volume_high,0.1,2.0,10,1.0,0.7170959222658051,0.44437839528370265,0.0,1.7164053753848667,0.9993094531190617,0.0,0.30663451555902943,2.7164053753848667,2.7164053753848667,1.0
2,2.0,positive,0.5,volume_high,0.1,2.0,15,1.5,0.5143933590643077,0.31876529812543136,0.0,1.3825753354437913,0.8681819763794838,0.0,0.2656450132683769,2.3825753354437915,2.3825753354437915,1.0
2,2.0,positive,0.5,volume_high,0.1,2.0,20,2.0,0.3799712598731526,0.23546503818183825,0.0,1.141458310176521,0.7614870503033684,0.0,0.23148184576816194,2.141458310176521,2.141458310176521,1.0
2,2.0,positive,0.5,volume_low,0.1,2.0,0,0.0,0.6362943611198906,1.0,0.0,0.7499999999999999,1.3862943611198906,0.0,0.24218316241483717,0.25,0.25,1.0
2,2.0,positive,0.5,volume_low,0.1,2.0,5,0.5,0.5903058265888932,0.9277244348825335,0.0,0.7340169799146538,1.324322806503547,0.0,0.23601869096434658,0.26598302008534624,0.26598302008534624,1.0
2,2.0,positive,0.5,volume_low,0.1,2.0,10,1.0,0.546309746904448,0.8585802111194764,0.0,0.717394854587084,1.263704601491532,0.0,0.22965976763834273,0.28260514541291604,0.28260514541291604,1.0
2,2.0,positive,0.5,volume_low,0.1,2.0,15,1.5,0.5043364958238188,0.7926150640973412,0.0,0.7001558099630129,1.2044923057868318,0.0,0.22312042799589482,0.29984419003698715,0.29984419003698715,1.0
2,2.0,positive,0.5,volume_low,0.1,2.0,20,2.0,0.46440825123610807,0.7298638485790452,0.0,0.6823281751412532,1.1467364263773614,0.0,0.21641684165863362,0.3176718248587466,0.3176718248587466,1.0
2,2.0,positive,0.5,shape_only,0.1,2.0,0,0.0,2.7621956910836314,1.0,0.0,4.558929858404187,0.0,2.8284271247461903,0.1352032939031187,0.1353352832366127,7.38905609893065,0.3670988855829601
2,2.0,positive,0.5,shape_only,0.1,2.0,5,0.5,1.430130193561205,0.5177512216739986,0.0,2.4481318428714904,0.1683974004820552,2.320435840744037,0.0007884793730713602,0.16378620678338568,4.359679379374914,0.26562269325312116
2,2.0,positive,0.5,shape_only,0.1,2.0,10,1.0,0.9427571836488924,0.341307166140369,0.0,1.6531014017681211,0.25170512692800495,1.9977146913742452,0.05892486929779206,0.1893226205608449,3.19278149288093,0.1747521547449821
2,2.0,positive,0.5,shape_only,0.1,2.0,15,1.5,0.6910244936901022,0.25017217133482955,0.0,1.2423180622398557,0.2982510459817599,1.7574273267905791,0.09060459580761582,0.21417971510041287,2.571367180316272,0.09995824966596348
2,2.0,positive,0.5,shape_only,0.1,2.0,20,2.0,0.5369084788692327,0.1943774224984759,0.0,0.9962986594784223,0.3244293896397265,1.5647384221422056,0.10866496097973033,0.23910164161799452,2.1858565368410177,0.0454834396366162
2,2.0,positive,0.5,mixed,0.1,2.0,0,0.0,5.011672049926549,1.0,1.9999999999999998,5.644555741786776,0.6931471805599454,2.1213203435596424,0.783383274430757,0.44626032029685964,8.963378140676129,0.4307988270442431
2,2.0,positive,0.5,mixed,0.1,2.0,5,0.5,1.8143255874239301,0.3620200143484091,1.1038613153567325,2.7211707072382607,0.470806769692528,1.558344593407107,0.49118702865051983,0.5320013459135363,4.819753564778285,0.37929135388883
2,2.0,positive,0.5,mixed,0.1,2.0,10,1.0,0.998913315580064,0.19931737464639254,0.8282102060094233,1.7423096462891892,0.35688194688155433,1.238606562944084,0.3510760282034808,0.5951480070661199,3.430510372518946,0.33792610010069474
2,2.0,positive,0.5,mixed,0.1,2.0,15,1.5,0.5852333328731438,0.11677406802420781,0.6024399356847288,1.2480256010870363,0.2845930542529142,1.0175017256541046,0.23429172732964604,0.6473363129979552,2.729382585146341,0.304217062275249
2,2.0,positive,0.5,mixed,0.1,2.0,20,2.0,0.35678733081574476,0.07119127653633558,0.42687468520184374,0.9497395305826711,0.23412055107114743,0.8513521753551797,0.1496033906239081,0.6922027705225288,2.3073909963850823,0.2769351344870752
